word,reading,meaning,category,part_of_speech,example_sentence,example_translation,kanji_breakdown,synonyms
人間,にんげん,"con người, nhân loại",shinkanzen,Danh từ,人間はみんな、平等である。,"Là con người, mọi người đều bình đẳng.","""人 (nhân) - người; 間 (gian) - khoảng, giữa. Hợp lại thành """"con người"""" - sinh vật sống trong khoảng giữa trời và đất.""",人間関係（にんげんかんけい）: quan hệ con người、人間性（にんげんせい）: tính người、人間らしい（にんげんらしい）: giống con người
"""人""",ひと,"người, con người",shinkanzen,Danh từ,「佐藤さんという人から電話がありましたよ」,Có cuộc điện thoại từ chị Satou đấy ạ.,人 (nhân) - một chữ kanji đơn thể biểu thị hình ảnh một người đang đứng. Là một trong những kanji cơ bản nhất.,若い人（わかいひと）: người trẻ、大人（おとな）: người lớn、知り合いの人（しりあいのひと）: người quen
祖先,そせん,"tổ tiên, tiền nhân",shinkanzen,Danh từ,人類の祖先は、アフリカで発生したと考えられている。,Tổ tiên của loài người phát triển từ Châu Phi.,"祖 (tổ) - tổ tiên, người sáng lập; 先 (tiên) - trước, phía trước. Kết hợp: những người đi trước, tiền nhân.",祖先崇拝（そせんすうはい）: sùng bái tổ tiên、先祖代々（せんぞだいだい）: nhiều đời tổ tiên、祖先返り（そせんがえり）: di truyền lùi
親戚,しんせき,"họ hàng, thân thích",shinkanzen,Danh từ,うちの親戚はみな近くで住んでいる。,Họ hàng nhà tôi đều sống gần đây.,"""親 (thân) - cha mẹ, thân thiết; 戚 (thích) - buồn rầu, người thân. Kết hợp thành """"người thân thích"""".""",親戚付き合い（しんせきづきあい）: quan hệ họ hàng、遠い親戚（とおいしんせき）: họ hàng xa、近い親戚（ちかいしんせき）: họ hàng gần
夫婦,ふうふ,vợ chồng,shinkanzen,Danh từ,小林さんは夫婦はいつも仲がいい。,Mối quan hệ của vợ chồng anh Kobayashi lúc nào cũng tốt.,"""夫 (phu) - chồng, đàn ông; 婦 (phụ) - vợ, phụ nữ đã kết hôn. Kết hợp thành """"vợ chồng"""".""",夫婦喧嘩（ふうふげんか）: vợ chồng cãi nhau、夫婦関係（ふうふかんけい）: quan hệ vợ chồng、夫婦愛（ふうふあい）: tình yêu vợ chồng
長男,ちょうなん,"con trai trưởng, trưởng nam",shinkanzen,Danh từ,日本では、長男は大事にされる傾向があった。,"Ở Nhật Bản, trưởng nam có khuynh hướng được coi trọng.","""長 (trường) - dài, trưởng; 男 (nam) - đàn ông, con trai. Kết hợp thành """"con trai trưởng"""".""",長男相続（ちょうなんそうぞく）: quyền thừa kế của con trai trưởng、末っ子（すえっこ）: con út、長女（ちょうじょ）: con gái trưởng
主人,しゅじん,"chồng, chủ tiệm, chủ nhân",shinkanzen,Danh từ,あのそばやの主人はまだ若いが、腕はいい。,Chủ cửa hàng mì Soba kia tuy còn trẻ nhưng tay nghề rất tốt.,"""主 (chủ) - chủ, chính; 人 (nhân) - người. Kết hợp thành """"chủ nhân"""".""",店の主人（みせのしゅじん）: chủ tiệm、女主人（おんなしゅじん）: nữ chủ nhân、主人公（しゅじんこう）: nhân vật chính
双子,ふたご,"sinh đôi, song sinh",shinkanzen,Danh từ,私には双子の弟がいます。,Tôi có người em sinh đôi.,"""双 (song) - đôi, cặp; 子 (tử) - con, trẻ em. Kết hợp thành """"sinh đôi"""".""",双子座（ふたござ）: cung Song Tử、一卵性双子（いちらんせいふたご）: sinh đôi cùng trứng、二卵性双子（にらんせいふたご）: sinh đôi khác trứng
迷子,まいご,"trẻ bị lạc, người bị lạc",shinkanzen,Danh từ,（アナウンス）「迷子のお知らせをいたします」,Thông báo tìm trẻ lạc.,"""迷 (mê) - lạc lối, bối rối; 子 (tử) - trẻ em. Kết hợp thành """"trẻ bị lạc"""".""",迷子センター（まいごセンター）: trung tâm trẻ lạc、迷子札（まいごふだ）: thẻ phòng lạc
他人,たにん,"người khác, người lạ",shinkanzen,Danh từ,友達だと思って声を掛けたら、全くの他人だった。,Tưởng bạn nên cất tiếng gọi nhưng là người lạ hoàn toàn.,"""他 (tha) - khác; 人 (nhân) - người. Kết hợp thành """"người khác"""".""",他人事（ひとごと）: chuyện người khác、赤の他人（あかのたにん）: người hoàn toàn không quen、全くの他人（まったくのたにん）: người hoàn toàn xa lạ
能力,のうりょく,"năng lực, khả năng",shinkanzen,Danh từ,私にはこの問題を解決する能力はない。,Tôi không có khả năng giải quyết vấn đề này.,"能 (năng) - khả năng, tài năng; 力 (lực) - sức mạnh. Kết hợp lại chỉ sức mạnh để làm được việc, năng lực, khả năng.",潜在能力（せんざいのうりょく）: tiềm năng、知的能力（ちてきのうりょく）: khả năng trí tuệ、言語能力（げんごのうりょく）: năng lực ngôn ngữ
長所,ちょうしょ,"sở trường, điểm mạnh, ưu điểm",shinkanzen,Danh từ,あなたの性格の長所と短所を言ってください。,Hãy nói về ưu điểm và nhược điểm trong tính cách của bạn.,"長 (trường) - dài, mạnh, trưởng; 所 (sở) - nơi chốn. Kết hợp lại chỉ nơi mạnh, sở trường, điểm mạnh.",長所伸長（ちょうしょしんちょう）: phát huy điểm mạnh、性格長所（せいかくちょうしょ）: ưu điểm tính cách、長所活用（ちょうしょかつよう）: tận dụng điểm mạnh
個性,こせい,"cá tính, tính cách riêng",shinkanzen,Danh từ,子供たちの個性を伸ばすような教育したい。,Tôi muốn giáo dục để phát triển cá tính của trẻ em.,"個 (cá) - cá thể, cá nhân; 性 (tính) - tính chất. Kết hợp lại chỉ tính chất riêng của mỗi cá nhân, cá tính.",個性的（こせいてき）: mang tính cá nhân、個性尊重（こせいそんちょう）: tôn trọng cá tính、個性派（こせいは）: người có cá tính mạnh
遺伝,いでん,"di truyền, truyền từ đời này sang đời khác",shinkanzen,Danh từ,私の左利きは親からの遺伝だ。,Việc tôi thuận tay trái là do di truyền từ bố mẹ.,"遺 (di) - để lại, di sản; 伝 (truyền) - truyền đi, lan truyền. Kết hợp lại chỉ sự truyền lại các đặc điểm từ thế hệ trước sang thế hệ sau.",遺伝子（いでんし）: gen、遺伝病（いでんびょう）: bệnh di truyền、遺伝的（いでんてき）: thuộc về di truyền
動作,どうさ,"động tác, cử chỉ, hành động",shinkanzen,Danh từ,彼女の動作は優雅で美しい。,Động tác của cô ấy dịu dàng và đẹp đẽ.,"動 (động) - chuyển động, di chuyển; 作 (tác) - làm, tạo ra. Kết hợp lại chỉ hành động chuyển động của cơ thể.",動作確認（どうさかくにん）: kiểm tra hoạt động、緩慢動作（かんまんどうさ）: động tác chậm chạp、動作音（どうさおん）: âm thanh hoạt động
真似,まね,"bắt chước, làm theo, sao chép",shinkanzen,Danh từ / Động từ する,子供は何でも親の真似をしたがるものだ。,Trẻ con thường thích bắt chước bất cứ điều gì của cha mẹ.,"真 (chân) - thật, chân thật; 似 (tự) - giống, tương tự. Kết hợp lại chỉ việc làm cho giống với bản gốc, bắt chước.",物真似（ものまね）: bắt chước、声真似（こえまね）: bắt chước giọng nói、真似上手（まねじょうず）: giỏi bắt chước
睡眠,すいみん,"giấc ngủ, sự ngủ",shinkanzen,Danh từ,アンケートの結果、睡眠時間は平均7時間という人が最も多かった。,"Theo kết quả điều tra, những người ngủ trung bình 7 tiếng mỗi ngày chiếm đa số.","""睡 (thụy) - ngủ; 眠 (miên) - ngủ. Cả hai kanji đều có bộ """"mục"""" (目) liên quan đến mắt, và cùng chỉ trạng thái ngủ, nghỉ ngơi.""",睡眠薬（すいみんやく）: thuốc ngủ、睡眠時間（すいみんじかん）: thời gian ngủ、睡眠不足（すいみんぶそく）: thiếu ngủ
食欲,しょくよく,"sự thèm ăn, cảm giác đói, khẩu vị",shinkanzen,Danh từ,今、風邪を引いて食欲がない。,Bây giờ bị cảm nên không muốn ăn.,"食 (thực) - ăn, thức ăn; 欲 (dục) - ham muốn, mong muốn. Kết hợp lại chỉ ham muốn được ăn, cảm giác thèm ăn.",食欲不振（しょくよくふしん）: chán ăn、食欲旺盛（しょくよくおうせい）: ngon miệng、食欲増進（しょくよくぞうしん）: cải thiện khẩu vị
外食,がいしょく,"ăn ở ngoài, ăn nhà hàng",shinkanzen,Danh từ / Động từ する,ひとり暮らしになって、外食が増えた。,"Khi sống một mình, việc ăn ngoài tăng lên.","外 (ngoại) - bên ngoài; 食 (thực) - ăn, thức ăn. Kết hợp lại chỉ việc ăn ở bên ngoài, không phải tại nhà.",外食産業（がいしょくさんぎょう）: ngành công nghiệp ăn uống、外食文化（がいしょくぶんか）: văn hóa ăn ngoài、外食費（がいしょくひ）: chi phí ăn ngoài
家事,かじ,"việc nhà, công việc gia đình",shinkanzen,Danh từ,最近は、家事や育児する男性が増えた。,"Gần đây, số lượng nam giới làm việc nhà và chăm con đang tăng lên.","家 (gia) - nhà, gia đình; 事 (sự) - việc, công việc. Kết hợp lại chỉ những công việc cần làm trong gia đình, việc nhà.",家事手伝（かじてつだ）い: giúp việc nhà、家事労働（かじろうどう）: lao động việc nhà、家事代行（かじだいこう）: dịch vụ giúp việc
出産,しゅっさん,"sinh đẻ, sự sinh nở",shinkanzen,Danh từ / Động từ する,先日、姉が女の子を出産した。,"Ngày trước, chị gái tôi đã sinh một bé gái.","出 (xuất) - ra, đi ra; 産 (sản) - sinh, sản xuất. Kết hợp lại chỉ sự sinh ra, quá trình đứa trẻ được sinh ra.",出産手当（しゅっさんてあて）: trợ cấp sinh đẻ、出産祝い（しゅっさんいわい）: quà mừng sinh con、出産休暇（しゅっさんきゅうか）: nghỉ thai sản
介護,かいご,"chăm sóc, điều dưỡng",shinkanzen,Danh từ / Động từ する,お年寄りの介護をする。,Chăm sóc người già.,"介 (giới) - can thiệp, trung gian; 護 (hộ) - bảo vệ, che chở. Kết hợp lại chỉ việc can thiệp để bảo vệ, chăm sóc người khác.",介護保険（かいごほけん）: bảo hiểm chăm sóc、在宅介護（ざいたくかいご）: chăm sóc tại nhà、介護士（かいごし）: nhân viên điều dưỡng
共働き,ともばたらき,vợ chồng cùng đi làm,shinkanzen,Danh từ,結婚20年、ずっと共働きだ。,"Kết hôn được 20 năm, hai vợ chồng đi làm suốt.","共 (cộng) - cùng, chung; 働き (động) - làm việc. Kết hợp lại chỉ việc cả hai vợ chồng cùng đi làm.",共働き世帯（ともばたらきせたい）: hộ gia đình có cả vợ chồng đi làm、共働き家庭（ともばたらきかてい）: gia đình có cả vợ chồng đi làm
出勤,しゅっきん,"đi làm, sự đi làm",shinkanzen,Danh từ / Động từ する,毎朝8時に出勤している。,Tôi đi làm vào 8 giờ mỗi sáng.,"出 (xuất) - ra, đi ra; 勤 (cần) - làm việc, chăm chỉ. Kết hợp lại chỉ việc đi ra để làm việc, đi làm.",出勤時間（しゅっきんじかん）: giờ đi làm、休日出勤（きゅうじつしゅっきん）: đi làm vào ngày nghỉ、時差出勤（じさしゅっきん）: đi làm giờ linh hoạt
出世,しゅっせ,"thăng tiến, thành đạt",shinkanzen,Danh từ / Động từ する,出世もしたいが、仕事ばかりの人生も嫌だ。,"Tôi cũng muốn thăng tiến, nhưng cũng không thích cuộc sống chỉ toàn công việc.","出 (xuất) - ra, đi ra; 世 (thế) - đời, thế giới. Kết hợp lại chỉ việc vươn lên trong xã hội, đạt được thành công.",出世街道（しゅっせかいどう）: con đường thăng tiến、出世競争（しゅっせきょうそう）: cuộc đua thăng tiến、出世頭（しゅっせがしら）: người thăng tiến nhanh
地位,ちい,"địa vị, vị trí, chức vụ",shinkanzen,Danh từ,地位が上がるとともにストレスも増える。,Khi địa vị tăng lên thì áp lực cũng nhiều lên.,"地 (địa) - đất, địa phương; 位 (vị) - vị trí, thứ bậc. Kết hợp lại chỉ vị trí, thứ bậc trong xã hội, địa vị.",社会的地位（しゃかいてきちい）: địa vị xã hội、地位向上（ちいこうじょう）: nâng cao địa vị、地位確立（ちいかくりつ）: thiết lập địa vị
受験,じゅけん,"dự thi, tham gia kỳ thi",shinkanzen,Danh từ / Động từ する,東京の大学に受験した。,Tôi đã tham gia kỳ thi vào trường đại học ở Tokyo.,"受 (thụ) - nhận; 験 (nghiệm) - kiểm tra, thử. Kết hợp lại chỉ việc tham gia một cuộc thử thách, kỳ thi.",受験勉強（じゅけんべんきょう）: học để thi、受験生（じゅけんせい）: thí sinh、大学受験（だいがくじゅけん）: thi đại học
専攻,せんこう,"chuyên ngành, ngành học chính",shinkanzen,Danh từ / Động từ する,私は大学で経済学を専攻した。,Tôi đã học chuyên ngành kinh tế ở trường đại học.,"専 (chuyên) - chuyên môn, tập trung; 攻 (công) - tấn công, nghiên cứu. Kết hợp lại chỉ việc tập trung nghiên cứu một lĩnh vực, chuyên ngành.",専攻分野（せんこうぶんや）: lĩnh vực chuyên môn、専攻科目（せんこうかもく）: môn học chuyên ngành、専攻生（せんこうせい）: sinh viên chuyên ngành
支度,したく,"sự chuẩn bị, sự sửa soạn",shinkanzen,Danh từ / Động từ する,出かけるから支度しなさい。,Sắp đi ra ngoài nên hãy chuẩn bị các thứ đi.,"支 (chi) - hỗ trợ, chi trả; 度 (độ) - mức độ, lần. Kết hợp lại chỉ việc đo lường và chuẩn bị đầy đủ mọi thứ.",旅行支度（りょこうしたく）: chuẩn bị cho chuyến đi、支度金（したくきん）: tiền chuẩn bị、食事支度（しょくじしたく）: chuẩn bị bữa ăn
全身,ぜんしん,"toàn thân, toàn bộ cơ thể",shinkanzen,Danh từ,玄関に、全身を映す大きな鏡が置いてある。,Ở lối vào có đặt một tấm gương lớn có thể soi toàn thân.,"全 (toàn) - toàn bộ, tất cả; 身 (thân) - thân thể, cơ thể. Kết hợp lại chỉ toàn bộ cơ thể, không sót phần nào.",全身像（ぜんしんぞう）: ảnh toàn thân、全身麻酔（ぜんしんますい）: gây mê toàn thân、全身運動（ぜんしんうんどう）: vận động toàn thân
皺,しわ,"nếp nhăn, vết nhăn",shinkanzen,Danh từ,年を取ると顔のしわが増える。,Càng nhiều tuổi thì nếp nhăn trên mặt cũng tăng lên.,"皮 (bì) - da; 芻 (sô) - rơm, cỏ khô (phần này chỉ là hình ảnh gợi ý về sự gấp nếp). Kết hợp lại là da bị nhăn, gấp nếp thành nếp nhăn.",しわくちゃ: nhăn nhúm、しわ寄せ（しわよせ）: tác động tiêu cực、目尻（めじり）のしわ: nếp nhăn đuôi mắt
人生,じんせい,"cuộc sống, cuộc đời, nhân sinh",shinkanzen,Danh từ,幸せな人生を送る。,Sống cuộc sống hạnh phúc.,"人 (nhân) - người; 生 (sinh) - sống, sinh ra. Hợp lại thành cuộc sống/đời sống của con người.",人生観（じんせいかん）: quan điểm sống、人生経験（じんせいけいけん）: kinh nghiệm sống、人生設計（じんせいせっけい）: kế hoạch cuộc đời
敵,てき,"kẻ thù, đối thủ, địch",shinkanzen,Danh từ,兄弟は敵と味方に分かれて戦った。,Anh em phân chia bên bạn bên thù đánh nhau.,"啇 (phần bên trái) - liên quan đến âm thanh, 攵 (phần bên phải) - bộ phộ, biểu thị sự đánh đập. Kết hợp lại biểu thị kẻ thù, đối thủ mà ta cần đánh bại.",強敵（きょうてき）: đối thủ mạnh、敵国（てきこく）: quốc gia thù địch、天敵（てんてき）: thiên địch
味方,みかた,"đồng minh, bạn bè, người ủng hộ",shinkanzen,Danh từ,何があっても、私はあなたの味方です。,"Dù gặp chuyện gì đi chăng nữa, tôi vẫn là đồng minh của cậu.","味 (vị) - ý nghĩa liên quan đến mùi vị, cảm nhận; 方 (phương) - chỉ hướng, phía. Kết hợp lại có nghĩa là người đứng cùng phía, đồng minh.",味方役（みかたやく）: vai đồng minh、味方球団（みかたきゅうだん）: đội bóng đồng minh、味方陣営（みかたじんえい）: phe đồng minh
筆者,ひっしゃ,"tác giả, người viết",shinkanzen,Danh từ,筆者の最も言いたいことを下から選びなさい。,Hãy chọn điều mà tác giả muốn nói nhất từ bên dưới.,"筆 (bút) - công cụ để viết; 者 (giả) - chỉ người. Kết hợp lại có nghĩa là người sử dụng bút để viết, tức là tác giả.",筆者不明（ひっしゃふめい）: không rõ tác giả、匿名筆者（とくめいひっしゃ）: tác giả ẩn danh、筆者名（ひっしゃめい）: tên tác giả
寿命,じゅみょう,"tuổi thọ, thời gian tồn tại",shinkanzen,Danh từ,医学の進歩によって、人間の寿命は100年前と比べるとずいぶん伸びた。,"Với sự tiến bộ của y học, tuổi thọ của con người so với 100 năm trước đã tăng lên đáng kể.","寿 (thọ) - biểu thị sự trường thọ, tuổi thọ cao; 命 (mệnh) - sự sống, mạng sống. Kết hợp lại chỉ thời gian sống, tuổi thọ.",平均寿命（へいきんじゅみょう）: tuổi thọ trung bình、寿命延長（じゅみょうえんちょう）: kéo dài tuổi thọ、電池寿命（でんちじゅみょう）: tuổi thọ pin
将来,しょうらい,"tương lai, mai sau",shinkanzen,Danh từ,将来の希望は海外で働くことだ。,Ước vọng tương lai của tôi là làm việc ở nước ngoài.,"将 (trường) - chỉ việc dẫn dắt, chỉ huy; 来 (lai) - đến, tới. Kết hợp lại có nghĩa là điều sắp đến, tương lai.",将来性（しょうらいせい）: triển vọng tương lai、近い将来（ちかいしょうらい）: tương lai gần、将来計画（しょうらいけいかく）: kế hoạch tương lai
才能,さいのう,"tài năng, năng khiếu",shinkanzen,Danh từ,彼女には音楽の才能がある。,Cô ấy có tài năng về âm nhạc.,"才 (tài) - chỉ tài năng, khả năng; 能 (năng) - chỉ khả năng, năng lực. Kết hợp lại chỉ khả năng bẩm sinh, tài năng đặc biệt.",才能教育（さいのうきょういく）: giáo dục phát triển tài năng、音楽才能（おんがくさいのう）: tài năng âm nhạc、天才的才能（てんさいてきさいのう）: tài năng thiên bẩm
逃がす,にがす,"thả ra, để cho trốn thoát, bỏ lỡ",shinkanzen,Động từ nhóm 1 (Godan-doushi),魚（さかな）を釣（つ）ったが、小（ちい）さいので逃（に）がしてやった。,Tôi câu cá nhưng vì nhỏ nên đã thả đi.,"""逃 (đào) - gồm bộ """"xước/tẩu"""" (辶) chỉ sự di chuyển và """"mễ"""" (兔) trông giống hình con thỏ. Ý nghĩa: cho phép ai đó chạy đi nhanh như thỏ.""",チャンスを逃がす（チャンスをにがす）: bỏ lỡ cơ hội、犯人を逃がす（はんにんをにがす）: để tội phạm trốn thoát、魚を逃がす（さかなをにがす）: thả cá đi
戻る,もどる,"quay lại, trở về, phục hồi",shinkanzen,Động từ nhóm 1 (Godan-doushi),忘（わす）れ物（もの）をしたのに気（き）づいて、家（いえ）に戻（もど）った。,Nhận ra quên đồ nên đã quay lại nhà.,"""戻 (lệ) - gồm bộ """"hộ"""" (戶) chỉ cửa nhà và """"大"""" (đại) bên dưới. Tưởng tượng cánh cửa nhà và bạn quay trở lại nhà qua cánh cửa đó.""",意識が戻る（いしきがもどる）: tỉnh táo lại、記憶が戻る（きおくがもどる）: hồi phục ký ức、元に戻る（もとにもどる）: trở lại như cũ
戻す,もどす,"trả lại, đưa trở lại, hoàn lại",shinkanzen,Động từ nhóm 1 (Godan-doushi),「物（もの）は元（もと）にあった場所（ばしょ）に戻（もど）しなさい」,Hãy đem đồ trở lại chỗ cũ.,"""戻 (lệ) - gồm bộ """"hộ"""" (戶) chỉ cửa nhà và """"大"""" (đại) bên dưới. Hình ảnh bạn chủ động đưa ai/cái gì đó quay lại qua cánh cửa.""",元に戻す（もとにもどす）: đưa về trạng thái ban đầu、話を戻す（はなしをもどす）: quay lại chủ đề、水で戻す（みずでもどす）: ngâm nước để phục hồi
嵌まる,はまる,"bị kẹt, vừa khít, mê mải",shinkanzen,Động từ nhóm 1 (Godan-doushi),彼（かれ）の薬指（くすりゆび）には指輪（ゆびわ）がはまっていた。,Ngón áp út của anh ấy bị kẹp nhẫn (không rút ra được).,"""嵌 (khảm) - gồm bộ """"khẩu"""" (口) chỉ lỗ hổng và """"㚘"""" bên trong. Hình ảnh một vật nằm trọn bên trong lỗ hổng, khít khao.""",罠にはまる（わなにはまる）: mắc bẫy、溝にはまる（みぞにはまる）: rơi vào rãnh、ハマり役（はまりやく）: vai diễn phù hợp
嵌める,はめる,"lắp vào, đặt vào, gài vào",shinkanzen,Động từ nhóm 2 (Ichidan-doushi),寒（さむ）いので、上着（うわぎ）のボタンを全部（ぜんぶ）はめた。,Vì lạnh nên tôi gài khít những nút áo khoác.,"""嵌 (khảm) - gồm bộ """"khẩu"""" (口) chỉ lỗ hổng và """"㚘"""" bên trong. Hình ảnh bạn đặt một vật vào trong lỗ hổng, khít khao.""",指輪をはめる（ゆびわをはめる）: đeo nhẫn、ガラスをはめる（ガラスをはめる）: lắp kính、罠にはめる（わなにはめる）: đặt bẫy
扱う,あつかう,"xử lý, đối xử, bán, kinh doanh",shinkanzen,Động từ nhóm 1 (Godan-doushi),「壊（こわ）れやすい物（もの）ですから、丁寧（ていねい）に扱（あつか）ってください」,Vì đồ dễ vỡ nên hãy xử lý nhẹ nhàng.,"""扱 (tráp) - gồm bộ """"thủ"""" (扌) chỉ bàn tay và """"入"""" (nhập) - ám chỉ hành động dùng tay để đưa vào, xử lý thứ gì đó.""",丁寧に扱う（ていねいにあつかう）: xử lý cẩn thận、子供扱いする（こどもあつかいする）: đối xử như trẻ con、輸入品を扱う（ゆにゅうひんをあつかう）: kinh doanh hàng nhập khẩu
関わる,かかわる,"liên quan, dính líu, tham gia",shinkanzen,Động từ nhóm 1 (Godan-doushi),将来（しょうらい）は子供（こども）の教育（きょういく）にかかわる仕事（しごと）がしたい。,Tương lai tôi muốn làm công việc liên quan đến giáo dục trẻ em.,"""関 (quan) - gồm bộ """"môn"""" (門) chỉ cánh cổng và """"kan"""" (㝈). Ý nghĩa: mối liên hệ, kết nối qua cánh cổng. 係わる (kakawaru) - dùng cách viết khác với kanji 係 (hệ) - chỉ mối liên hệ.""",命に関わる（いのちにかかわる）: liên quan đến tính mạng、直接関わる（ちょくせつかかわる）: liên quan trực tiếp、関わり合い（かかわりあい）: mối liên hệ
目指す,めざす,"nhắm tới, hướng đến, phấn đấu",shinkanzen,Động từ nhóm 1 (Godan-doushi),選手（せんしゅ）たちはゴールを目指（めざ）して走（はし）り出（だ）した。,Các cầu thủ nhắm vào đích và chạy.,"目 (mục) - mắt, + 指 (chỉ) - ngón tay, chỉ định. Kết hợp: dùng mắt để nhìn và ngón tay để chỉ vào mục tiêu.",成功を目指す（せいこうをめざす）: hướng tới thành công、頂点を目指す（ちょうてんをめざす）: nhắm tới đỉnh cao、合格を目指す（ごうかくをめざす）: phấn đấu đỗ đạt
立つ,たつ,"khởi hành, xuất phát, rời đi",shinkanzen,Động từ nhóm 1 (Godan-doushi),8月（がつ）末（まつ）に海外（かいがい）赴任（ふにん）でヨーロッパへ立（た）つ予定（よてい）だ。,Theo kế hoạch đi châu Âu nhận chức vào cuối tháng 8.,"立 (lập) - hình người đứng thẳng, + 発 (phát) - xuất phát, bắt đầu. Kết hợp: đứng dậy để bắt đầu hành trình.",旅に立つ（たびにたつ）: lên đường đi du lịch、出発地を立つ（しゅっぱつちをたつ）: rời nơi xuất phát、急ぎ立つ（いそぎたつ）: vội vã ra đi
迎える,むかえる,"đón tiếp, chào đón, nghênh đón",shinkanzen,Động từ nhóm 2 (Ichidan-doushi),あの店（みせ）はいつも客（きゃく）を笑顔（えがお）で迎（むか）える。,Cửa hàng đó lúc nào cũng niềm nở đón chào khách.,"""迎 (nghênh) - gồm bộ """"xước/tẩu"""" (辶) chỉ con đường và """"卯"""" (mão). Hình ảnh đi ra đường để đón ai đó.""",新年を迎える（しんねんをむかえる）: đón năm mới、お客様を迎える（おきゃくさまをむかえる）: đón tiếp khách、誕生日を迎える（たんじょうびをむかえる）: đón sinh nhật
持てる,もてる,"được yêu thích, được ưa chuộng, có sức hấp dẫn",shinkanzen,Động từ thể khả năng của 持つ (Kanoukei),「持（も）てる力（ちから）を十分（じゅうぶん）に発揮（はっき）してください」,Hãy phát huy hết khả năng của mình đang có.,"""持 (trì) - gồm bộ """"thủ"""" (扌) chỉ bàn tay và """"thời"""" (寺) - ngôi chùa. Ý nghĩa: cầm, nắm, giữ. Trong ngữ cảnh này: được nhiều người """"nắm giữ"""" trong lòng.""",モテ期（モテき）: thời kỳ được yêu thích、モテる男（モテるおとこ）: đàn ông được ưa chuộng、持てる資源（もてるしげん）: nguồn lực sẵn có
例える,たとえる,"ví như, so sánh, ví dụ",shinkanzen,Động từ nhóm 2 (Ichidan-doushi),人生（じんせい）はよく旅（たび）にたとえられる。,Cuộc sống con người thường được ví như chuyến đi.,"""例 (lệ) - gồm bộ """"nhân"""" (亻) chỉ người và """"列"""" (liệt) - hàng, dãy. Ý nghĩa: người đưa ra một dãy ví dụ để minh họa.""",動物にたとえる（どうぶつにたとえる）: ví như con vật、美しさをたとえる（うつくしさをたとえる）: ví von về vẻ đẹp、花にたとえる（はなにたとえる）: ví như bông hoa
慣れる,なれる,"quen, làm quen, thích nghi",shinkanzen,Động từ nhóm 2 (Ichidan-doushi),日本の生活（にほんのせいかつ）に慣（な）れるのに一年（いちねん）かかった。,Tôi đã mất một năm để làm quen với cuộc sống ở Nhật Bản.,"""慣 (quán) - gồm bộ """"tâm"""" (忄) chỉ tâm trạng, cảm xúc và """"貫"""" (quán) - xuyên qua. Ý nghĩa: trạng thái tinh thần đã thích nghi, """"xuyên qua"""" được khó khăn ban đầu.""",環境に慣れる（かんきょうになれる）: quen với môi trường、使い慣れる（つかいなれる）: quen sử dụng、慣れっこになる（なれっこになる）: quen thuộc hoàn toàn
引き受ける,ひきうける,"nhận lãnh, đảm nhận, nhận trách nhiệm",shinkanzen,Động từ nhóm 2 (Ichidan-doushi),彼（かれ）は難（むずか）しい仕事（しごと）を引（ひ）き受（う）けた。,Anh ấy đã nhận lãnh công việc khó khăn.,"引 (dẫn) - kéo, dẫn dắt, + 受 (thụ) - nhận lấy. Kết hợp: kéo về phía mình và nhận lấy trách nhiệm.",責任を引き受ける（せきにんをひきうける）: nhận trách nhiệm、仕事を引き受ける（しごとをひきうける）: nhận công việc、保証人を引き受ける（ほしょうにんをひきうける）: làm người bảo lãnh
思い切る,おもいきる,"quyết tâm, dứt khoát, đánh liều",shinkanzen,Động từ nhóm 1 (Godan-doushi),思（おも）い切（き）って転職（てんしょく）することにした。,Tôi đã quyết tâm đổi việc.,"思 (tư) - suy nghĩ, + 切 (thiết) - cắt đứt. Kết hợp: cắt đứt những suy nghĩ lưỡng lự để đưa ra quyết định dứt khoát.",思い切った決断（おもいきったけつだん）: quyết định dứt khoát、思い切り遊ぶ（おもいきりあそぶ）: chơi hết mình、思い切りよく（おもいきりよく）: một cách dứt khoát
取り組む,とりくむ,"giải quyết, đối phó, tham gia",shinkanzen,Động từ nhóm 1 (Godan-doushi),環境問題（かんきょうもんだい）に取（と）り組（く）む。,Giải quyết vấn đề môi trường.,"取 (thủ) - lấy, nắm bắt, + 組 (tổ) - kết hợp, tổ chức. Kết hợp: nắm bắt và tổ chức để giải quyết vấn đề.",問題に取り組む（もんだいにとりくむ）: giải quyết vấn đề、熱心に取り組む（ねっしんにとりくむ）: tham gia nhiệt tình、研究に取り組む（けんきゅうにとりくむ）: dấn thân vào nghiên cứu
振り返る,ふりかえる,"ngoảnh lại, nhìn lại, hồi tưởng",shinkanzen,Động từ nhóm 1 (Godan-doushi),過去（かこ）を振（ふ）り返（かえ）って反省（はんせい）する。,Nhìn lại quá khứ và suy nghĩ.,"振 (chấn) - rung, vẫy, + 返 (phản) - quay lại. Kết hợp: vẫy tay quay lại, nhìn lại.",人生を振り返る（じんせいをふりかえる）: nhìn lại cuộc đời、歴史を振り返る（れきしをふりかえる）: hồi tưởng lịch sử、過去を振り返る（かこをふりかえる）: nhìn lại quá khứ
解ける,ほどける,"mở ra, cởi ra, tháo ra, giải tỏa",shinkanzen,Động từ nhóm 2 (Ichidan-doushi),くつのひもがほどけた。,Dây giày bị tháo ra.,"""解 (giải) - bao gồm bộ """"giác"""" (角) ở bên trái và """"đao/dao"""" (刀) ở bên phải, có nghĩa là cắt/tháo gỡ những thứ phức tạp.""",緊張がほどける（きんちょうがほどける）: căng thẳng được giải tỏa、結び目がほどける（むすびめがほどける）: nút thắt bị tháo ra、髪がほどける（かみがほどける）: tóc xõa ra
解く,ほどく,"cởi, tháo, giải, gỡ",shinkanzen,Động từ nhóm 1 (Godan-doushi),荷物のひもをほどいて中の物を出す。,Tháo dây buộc hành lí và lấy đồ bên trong ra.,"""解 (giải) - bao gồm bộ """"giác"""" (角) và """"đao/dao"""" (刀), biểu thị việc dùng dao để cắt, tháo gỡ những thứ phức tạp.""",問題を解く（もんだいをほどく）: giải quyết vấn đề、謎を解く（なぞをほどく）: giải đáp câu đố、結び目を解く（むすびめをほどく）: gỡ nút thắt
枯れる,かれる,"bị héo, bị tàn, khô đi",shinkanzen,Động từ nhóm 2 (Ichidan-doushi),害虫のせいで、木が枯れてしまった。,Do côn trùng gây hại mà cây bị héo úa.,"""枯 (khô) - gồm bộ """"mộc"""" (木) chỉ cây cối và """"cổ"""" (古) có nghĩa là cũ, già. Kết hợp lại: cây cối già đi, khô héo.""",枯れ木（かれき）: cây khô héo、枯れ葉（かれは）: lá úa、枯れ果てる（かれはてる）: héo tàn hoàn toàn
枯らす,からす,"làm héo, làm khô",shinkanzen,Động từ nhóm 1 (Godan-doushi),病気が発生し、多くの木が枯らしてしまった。,Do dịch bệnh phát sinh nên nhiều cây bị héo.,"""枯 (khô) - gồm bộ """"mộc"""" (木) chỉ cây cối và """"cổ"""" (古) có nghĩa là cũ, già. Kết hợp lại: làm cho cây cối già đi, khô héo.""",植物を枯らす（しょくぶつをからす）: làm cây héo、草を枯らす（くさをからす）: làm cỏ khô、花を枯らす（はなをからす）: làm hoa héo
湿る,しめる,"bị ẩm, trở nên ẩm ướt",shinkanzen,Động từ nhóm 2 (Ichidan-doushi),朝干した洗濯物がまだ湿っている。,Đồ phơi buổi sáng vẫn còn ẩm ướt.,"""湿 (thấp) - gồm bộ """"thủy"""" (氵) chỉ nước và thành phần """"显"""" biểu thị hiện ra, hiển hiện. Kết hợp: sự xuất hiện của nước trong không khí hoặc vật chất.""",湿り気（しめりけ）: độ ẩm、湿っぽい（しめっぽい）: ẩm ướt、湿り切る（しめりきる）: ẩm ướt hoàn toàn
凍る,こおる,"đông cứng, đóng băng",shinkanzen,Động từ nhóm 1 (Godan-doushi),水が凍る。,Nước đông đá.,"""凍 (đông) - gồm bộ """"băng"""" (冫) chỉ băng đá và thành phần """"東"""" (đông - phương hướng). Kết hợp: băng đá ở phương đông (mùa đông).""",凍り付く（こおりつく）: đông cứng lại、氷点下（ひょうてんか）で凍る: đóng băng ở nhiệt độ âm、凍えそう（こごえそう）: có vẻ sắp đông cứng
震える,ふるえる,"run, rung, rung chuyển, run rẩy",shinkanzen,Động từ nhóm 2 (Ichidan-doushi),寒さ｛に/で｝手足がぶるぶる震える。,Do lạnh nên chân tay run cầm cập.,"""震 (chấn) - gồm bộ """"vũ"""" (雨) chỉ mưa ở trên và """"thần"""" (辰) ở dưới, gợi ý về sức mạnh tự nhiên gây ra sự rung chuyển như sấm sét, động đất.""",震え上がる（ふるえあがる）: run lên、恐怖で震える（きょうふでふるえる）: run vì sợ hãi、激しく震える（はげしくふるえる）: run dữ dội
輝く,かがやく,"sáng lấp lánh, chiếu sáng, tỏa sáng",shinkanzen,Động từ nhóm 1 (Godan-doushi),空に太陽が輝いている。,Mặt trời chiếu sáng trên bầu trời.,"""輝 (huy) - gồm bộ """"xa"""" (車) ở bên trái và """"quang"""" (光) ở bên phải. Hình ảnh ánh sáng (光) phản chiếu từ bánh xe (車) kim loại tạo nên sự lấp lánh.""",輝かしい（かがやかしい）: rực rỡ、輝き続ける（かがやきつづける）: tiếp tục tỏa sáng、金色に輝く（きんいろにかがやく）: tỏa sáng màu vàng kim
溢れる,あふれる,"tràn, đầy, tràn đầy, dư thừa",shinkanzen,Động từ nhóm 2 (Ichidan-doushi),大雨で川の水があふれた。,Do mưa lớn nên sông đầy nước.,"""溢 (dật) - gồm bộ """"thủy"""" (氵) chỉ nước và """"dật"""" (益) nghĩa là tăng thêm. Kết hợp: nước tăng lên đến mức tràn ra ngoài.""",あふれ出す（あふれだす）: tràn ra、涙があふれる（なみだがあふれる）: nước mắt tràn trề、愛であふれる（あいであふれる）: tràn đầy tình yêu
余る,あまる,"dư thừa, còn lại, còn dư",shinkanzen,Động từ nhóm 1 (Godan-doushi),作りすぎて料理が余ってしまった。,Nấu ăn quá nhiều nên thức ăn bị dư thừa.,余 (dư) - cấu trúc kanji này gợi ý về người (亻) và số (八) - ám chỉ một người còn dư ra sau khi chia số 8 cho nhiều người.,時間が余る（じかんがあまる）: dư thời gian、余り物（あまりもの）: đồ thừa、余り多い（あまりおおい）: quá nhiều
目立つ,めだつ,"nổi bật, đáng chú ý, thu hút sự chú ý",shinkanzen,Động từ nhóm 1 (Godan-doushi),彼女は背が高いので目立つだ。,Cô ấy cao nên nổi bật.,"""目 (mục) - con mắt, + 立 (lập) - đứng lên. Kết hợp: điều gì đó """"đứng lên"""" trước mắt, nổi bật hơn những thứ khác.""",目立つ存在（めだつそんざい）: sự tồn tại nổi bật、目立たない（めだたない）: không nổi bật、目立ちすぎる（めだちすぎる）: quá nổi bật
見下ろす,みおろす,"nhìn xuống, cúi nhìn từ trên cao",shinkanzen,Động từ nhóm 1 (Godan-doushi),このビルの屋上から町が見下ろせる。,Từ trần nhà của tòa nhà này nhìn xuống sẽ thấy được thành phố.,"見 (kiến) - nhìn, thấy, + 下 (hạ) - xuống dưới, + ろす (hình thức của おろす) - hạ xuống. Kết hợp: nhìn theo hướng đi xuống.",高いところから見下ろす（たかいところからみおろす）: nhìn xuống từ nơi cao、見下ろせる景色（みおろせるけしき）: cảnh quan có thể nhìn xuống、山頂から見下ろす（さんちょうからみおろす）: nhìn xuống từ đỉnh núi
戦う,たたかう,"chiến đấu, đánh nhau, tranh đấu",shinkanzen,Động từ nhóm 1 (Godan-doushi),国と国とが領土をめぐって戦う。,Các nước gây chiến tranh quay quanh vấn đề lãnh thổ.,"""戦 (chiến) - gồm bộ """"qua"""" (戈) chỉ vũ khí và """"tiền/trước"""" (前) ở dưới, gợi ý việc cầm vũ khí tiến lên phía trước để chiến đấu.""",病気と戦う（びょうきとたたかう）: chiến đấu với bệnh tật、困難に戦う（こんなんにたたかう）: đấu tranh với khó khăn、命をかけて戦う（いのちをかけてたたかう）: chiến đấu bằng cả mạng sống
敗れる,やぶれる,"bị đánh bại, thua cuộc, thất bại",shinkanzen,Động từ nhóm 2 (Ichidan-doushi),試合に敗れる。,Bị thua trận đấu.,"""敗 (bại) - gồm bộ """"khuyển/cáo"""" (犭) biến thể thành bên trái và """"只"""" (chỉ) ở bên phải. Hình ảnh này gợi ý về một con thú bị đánh bại trong cuộc săn.""",大差で敗れる（おおさでやぶれる）: thua với cách biệt lớn、最終戦に敗れる（さいしゅうせんにやぶれる）: thua trận cuối cùng、連続で敗れる（れんぞくでやぶれる）: thua liên tiếp
逃げる,にげる,"chạy trốn, tẩu thoát, bỏ chạy",shinkanzen,Động từ nhóm 2 (Ichidan-doushi),犯人は海外に逃げたらしい。,Tội phạm đã trốn ra nước ngoài.,"""逃 (đào) - gồm bộ """"xước/tẩu"""" (辶) chỉ sự di chuyển và """"mễ"""" (兔) trông giống hình con thỏ. Tưởng tượng một con thỏ đang chạy nhanh để thoát khỏi kẻ săn mồi.""",現実から逃げる（げんじつからにげる）: trốn tránh thực tế、先に逃げる（さきににげる）: trốn trước、夜逃げする（よにげする）: trốn đi vào ban đêm (trốn nợ)
転がる,ころがる,lăn (tự động),shinkanzen,Động từ tự động từ (自動詞),ボールが転がる。,Bóng lăn.,"転 (chuyển) - gồm bộ 車 (xa) - xe cộ, và phần trên thể hiện chuyển động quay tròn. Thể hiện ý nghĩa vật thể tự quay tròn và di chuyển.",転がり落ちる（ころがりおちる）: lăn rơi xuống、寝転がる（ねころがる）: nằm lăn ra、転げ回る（ころげまわる）: lăn lộn
転がす,ころがす,lăn (vật gì đó),shinkanzen,Động từ tha động từ (他動詞),ボーリングの球を転がしてピンを倒す。,Lăn quả bóng bowling làm đổ đinh.,"転 (chuyển) - gồm bộ 車 (xa) - xe cộ, và phần trên thể hiện chuyển động quay tròn. Thể hiện hành động làm cho vật thể quay tròn và di chuyển.",転がし入れる（ころがしいれる）: lăn vào trong、玉転がし（たまころがし）: trò chơi lăn bi、手転がし（てころがし）: sự vụng về
傾く,かたむく,nghiêng,shinkanzen,Động từ tự động từ (自動詞),地震で併が傾いてしまった。,Động đất làm hàng rào đổ nghiêng.,"傾 (khuynh) - gồm bộ 亻(nhân) - người, và phần 頃 (khoảnh) - khoảng thời gian, thể hiện trạng thái không vững vàng, nghiêng lệch.",傾き（かたむき）: độ nghiêng、日が傾く（ひがかたむく）: mặt trời xế bóng、傾斜（けいしゃ）: độ dốc
傾ける,かたむける,"nghiêng, hướng vào",shinkanzen,Động từ tha động từ (他動詞),あの子は分からないことがあると、首を傾ける癖がある。,Cậu bé ấy cứ có chuyện không hiểu là lại có thói quen nghiêng đầu.,"傾 (khuynh) - gồm bộ 亻(nhân) - người, và phần 頃 (khoảnh) - khoảng thời gian, thể hiện hành động làm cho cái gì đó nghiêng lệch.",耳を傾ける（みみをかたむける）: lắng nghe、心を傾ける（こころをかたむける）: dành tâm sức cho、情熱を傾ける（じょうねつをかたむける）: dồn nhiệt huyết vào
裏返す,うらがえす,lật úp,shinkanzen,Động từ tha động từ (他動詞),この書類を書き終わったら、裏返して机の上に置いてください。,Sau khi viết xong tài liệu hãy lật úp lại và đặt lên bàn nhé.,"裏 (lí) - phía sau, mặt trái + 返 (phản) - trả lại, đảo ngược. Kết hợp lại thể hiện hành động đảo ngược mặt sau lên trên.",裏返し（うらがえし）: sự lật ngược、裏返しにする（うらがえしにする）: lật lại、ひっくり返す（ひっくりかえす）: lật úp
散らかる,ちらかる,"bừa bộn, trong mớ hỗn độn",shinkanzen,Động từ tự động từ (自動詞),兄の部屋はいつも散らかっている。,Phòng của anh trai lúc nào cũng vương vãi ra.,"散 (tán) - gồm bộ 攵 (phộc) - đánh và phần trên thể hiện sự phân tán, rải rác. Thể hiện trạng thái các vật bị vương vãi, phân tán.",散らかり放題（ちらかりほうだい）: bừa bãi vô độ、物が散らかる（ものがちらかる）: đồ đạc bừa bộn、書類が散らかる（しょるいがちらかる）: giấy tờ vương vãi
散らかす,ちらかす,"làm lung tung, vương vãi",shinkanzen,Động từ tha động từ (他動詞),うちの子はすぐに部屋を散らかしてしまう。,Con trai tôi hở chút là nó lại làm loạn cả phòng lên.,"散 (tán) - gồm bộ 攵 (phộc) - đánh và phần trên thể hiện sự phân tán, rải rác. Thể hiện hành động làm cho các vật bị vương vãi, phân tán.",散らかし放題（ちらかしほうだい）: vương vãi vô độ、散らかし癖（ちらかしぐせ）: thói quen làm bừa bộn、机を散らかす（つくえをちらかす）: làm bừa bộn bàn
散らばる,ちらばる,vứt lung tung,shinkanzen,Động từ tự động từ (自動詞),路上にゴミが散らばっている。,Rác vứt bừa bãi trên đường.,"散 (tán) - gồm bộ 攵 (phộc) - đánh và phần trên thể hiện sự phân tán, rải rác. Thể hiện trạng thái các vật bị phân tán trên phạm vi rộng.",星が散らばる（ほしがちらばる）: sao rải khắp bầu trời、落ち葉が散らばる（おちばがちらばる）: lá rụng nằm rải rác、人口が散らばる（じんこうがちらばる）: dân số phân tán
刻む,きざむ,cắt nhỏ,shinkanzen,Động từ tha động từ (他動詞),キャベツを刻んでいためる。,Cắt nhỏ bắp cải và xào.,"刻 (khắc) - gồm bộ 刂 (đao) - dao và phần 亥 (hợi) - con heo, thể hiện hành động cắt, chặt, khắc thành nhiều phần nhỏ.",時を刻む（ときをきざむ）: đánh dấu thời gian、細かく刻む（こまかくきざむ）: thái nhỏ、心に刻む（こころにきざむ）: khắc ghi vào lòng
挟まる,はさまる,bị kẹp,shinkanzen,Động từ tự động từ (自動詞),コートは電車のドアに挟まって抜けない。,Áo khoác bị kẹt vào cửa của xe điện không rút ra được.,"""挟 (hiệp) - gồm bộ 扌(thủ) - tay và phần 夾 (giáp) - kẹp, thể hiện trạng thái bị kẹp giữa hai vật.""",板挟みになる（いたばさみになる）: bị kẹp giữa hai bên、隙間に挟まる（すきまにはさまる）: bị kẹt trong khe、立場に挟まる（たちばにはさまる）: bị kẹt trong vị thế
挟む,はさむ,kẹp,shinkanzen,Động từ tha động từ (他動詞),「電車のドアに挟まれないようご注意ください」,Chú ý không để bị kẹp vào cửa tàu điện.,"挟 (hiệp) - gồm bộ 扌(thủ) - tay và phần 夾 (giáp) - kẹp, thể hiện hành động kẹp hoặc giữ cái gì đó ở giữa.",口を挟む（くちをはさむ）: xen vào、挟み込む（はさみこむ）: kẹp vào giữa、板挟みにする（いたばさみにする）: đặt ai đó vào tình thế khó xử
潰れる,つぶれる,"bị bẹp, méo",shinkanzen,Động từ tự động từ (自動詞),箱が落ちて、中のケースがつぶれてしまった。,"Cái hộp bị rơi xuống, bánh bên trong hộp bị hỏng.","潰 (hội) - gồm bộ 氵(thủy) - nước và phần 貴 (quý) - quý giá, thể hiện trạng thái bị hủy hoại, bẹp dúm, như nước xối vào làm hỏng đồ quý.",顔がつぶれる（かおがつぶれる）: mất mặt、計画がつぶれる（けいかくがつぶれる）: kế hoạch đổ bể、時間が潰れる（じかんがつぶれる）: thời gian bị lãng phí
潰す,つぶす,"làm bẹp, méo",shinkanzen,Động từ tha động từ (他動詞),ゆでたジャガイモをつぶしてサラダを作った。,Đập nát khoai đã luộc để làm salad.,"潰 (hội) - gồm bộ 氵(thủy) - nước và phần 貴 (quý) - quý giá, thể hiện hành động làm cho cái gì đó bị hủy hoại, bẹp dúm.",時間をつぶす（じかんをつぶす）: giết thời gian、会社をつぶす（かいしゃをつぶす）: làm phá sản công ty、チャンスをつぶす（チャンスをつぶす）: làm mất cơ hội
凹む,へこむ,lõm,shinkanzen,Động từ tự động từ (自動詞),木にぶつかって車がへこんだ。,"Tông vào cây, xe ô tô bị lõm.","""凹 (ao) - hình dạng của chữ này đã thể hiện ý nghĩa """"lõm xuống"""", với phần giữa thấp hơn hai bên, giống như một vết lõm.""",心がへこむ（こころがへこむ）: tinh thần sa sút、気持ちがへこむ（きもちがへこむ）: cảm thấy chán nản、凹み（へこみ）: chỗ lõm
くっ付く,くっつく,"quấn quýt, dính vào nhau",shinkanzen,Động từ tự động từ (自動詞),磁石と磁石がくっついて離れない。,Nam châm gắn với nam châm không tách ra được.,"付 (phó) - dính, gắn vào, thêm vào. Kanji này thể hiện hành động gắn kết, dính liền vào nhau.","付き合う（つきあう）: giao tiếp, hẹn hò、密着（みっちゃく）: dính chặt、接着（せっちゃく）: dính liền"
くっ付ける,くっつける,gắn vào,shinkanzen,Động từ tha động từ (他動詞),机と机をくっつけて並べた。,Xếp bàn này gắn vào với bàn kia.,"付 (phó) - dính, gắn vào. Đây là dạng tha động (làm cho dính vào) của 付く (dính vào).",接着剤（せっちゃくざい）: keo dán、取り付ける（とりつける）: gắn vào、固定する（こていする）: cố định
固まる,かたまる,cứng lại,shinkanzen,Động từ tự động từ (自動詞),液体にゼラチンを入れると固まってゼリーになる。,Khi bỏ chất béo gê-ta-lin vào thể lỏng nó sẽ cứng lại và trở thành thạch.,"固 (cố) - cứng, vững chắc. Bộ thủ 囗 (vi) - bao quanh, và 古 (cổ) - cũ, cho thấy cái gì đó cứng chắc, ổn định theo thời gian.",固まり（かたまり）: khối、凝固（ぎょうこ）: sự đông đặc、団結（だんけつ）: đoàn kết
固める,かためる,làm cứng,shinkanzen,動詞他動詞 (他動詞),ジュースを固めてゼリーを作った。,Đông nước hoa quả làm thành thạch mứt.,"固 (cố) - cứng, vững chắc. Kết hợp bộ thủ 囗 (vi) - bao quanh, và 古 (cổ) - cũ, thể hiện hành động làm cho cái gì đó trở nên cứng và vững chắc.",固め（かため）: sự ổn định、防衛を固める（ぼうえいをかためる）: củng cố phòng thủ、結束を固める（けっそくをかためる）: củng cố đoàn kết
縮む,ちぢむ,"ngắn lại, co lại",shinkanzen,動詞自動詞 (自動詞),選択したらセーターは縮んでしまった。,Sau khi giặt áo len bị co ngắn lại.,"縮 (súc) - gồm bộ 糸 (mịch) - chỉ, và phần 宿 (túc) - ở trọ, cùng nhau tạo ra ý nghĩa co lại, rút ngắn như sợi chỉ bị co lại.",縮み上がる（ちぢみあがる）: co rút lại、収縮（しゅうしゅく）: sự co lại、縮小（しゅくしょう）: thu nhỏ
縮まる,ちぢまる,được làm ngắn,shinkanzen,動詞自動詞 (自動詞),マラソンの世界記録はだんだん縮まっている。,Kỉ lục chạy Marathon thế giới đang ngày càng thu ngắn lại.,"縮 (súc) - gồm bộ 糸 (mịch) - chỉ, và phần 宿 (túc) - ở trọ, thể hiện ý nghĩa của sự thu ngắn.",距離が縮まる（きょりがちぢまる）: khoảng cách thu ngắn、差が縮まる（さがちぢまる）: khoảng cách thu hẹp、時間が縮まる（じかんがちぢまる）: thời gian rút ngắn
縮める,ちぢめる,làm ngắn,shinkanzen,動詞他動詞 (他動詞),ズボンが長すぎたので少し丈を縮めた。,Quần tây dài quá nên cắt ngắn chiều dài một chút.,"縮 (súc) - gồm bộ 糸 (mịch) - chỉ, và phần 宿 (túc) - ở trọ, thể hiện hành động làm cho cái gì đó thu ngắn lại.",時間を縮める（じかんをちぢめる）: rút ngắn thời gian、差を縮める（さをちぢめる）: thu hẹp khoảng cách、命を縮める（いのちをちぢめる）: rút ngắn đời người
沈む,しずむ,"chìm, lặn",shinkanzen,動詞自動詞 (自動詞),台風で船が海に沈んだ。,Do bão nên thuyền bị chìm ở biển.,"沈 (trầm) - gồm bộ 氵(thủy) - nước, và phần 冘 (trầm) - chìm đắm, thể hiện ý nghĩa chìm xuống dưới nước.",沈没する（ちんぼつする）: bị đắm chìm、気持ちが沈む（きもちがしずむ）: tâm trạng sa sút、浮き沈み（うきしずみ）: thăng trầm
沈める,しずめる,"làm chìm, nhấn chìm",shinkanzen,動詞他動詞 (他動詞),台風が船を海に沈めてしまった。,Do bão đã làm chìm thuyền ở biển.,"沈 (trầm) - gồm bộ 氵(thủy) - nước, và phần 冘 (trầm) - chìm đắm, thể hiện hành động làm cho cái gì đó chìm xuống.",沈黙（ちんもく）: im lặng、溺れる（おぼれる）: chết đuối、陥れる（おとしいれる）: làm sa ngã
下がる,さがる,"rơi, rủ xuống",shinkanzen,動詞自動詞 (自動詞),電灯からひもが下がっている。,Từ bóng đèn rơi xuống một sợi dây.,"下 (hạ) - dưới, phía dưới. Hình ảnh một vạch ngang ở trên và một điểm ở dưới, thể hiện vị trí phía dưới.",値段が下がる（ねだんがさがる）: giá cả giảm、成績が下がる（せいせきがさがる）: điểm số giảm、株価が下がる（かぶかがさがる）: giá cổ phiếu giảm
下げる,さげる,"giảm bớt, hạ",shinkanzen,動詞他動詞 (他動詞),日差しが強いので、ブラインドを下げた。,Vì nắng quá mạnh nên tôi đã hạ bớt rèm cửa sổ lại.,"下 (hạ) - dưới, phía dưới. Biểu thị hành động làm cho cái gì đó di chuyển xuống phía dưới.",値段を下げる（ねだんをさげる）: hạ giá、音量を下げる（おんりょうをさげる）: giảm âm lượng、頭を下げる（あたまをさげる）: cúi đầu
稼ぐ,かせぐ,"kiếm tiền, tạo thu nhập, kiếm thời gian",shinkanzen,Động từ nhóm 5,大学年代はアルバイトで学費を稼いだ。,Lúc là sinh viên đại học tôi đã đi làm thêm để trả tiền học phí.,"""稼 (稼ぐ): Gồm bộ """"hòa"""" (禾) và thành phần """"giá"""" (家) - thể hiện hành động làm việc, tạo ra thu nhập như nông dân trồng lúa để nuôi gia đình.""",出稼ぎ（でかせぎ）: việc làm xa nhà、稼ぎ頭（かせぎあたま）: trụ cột kinh tế、収入（しゅうにゅう）: thu nhập
支払う,しはらう,"trả tiền, thanh toán, chi trả",shinkanzen,Động từ nhóm 5,買い物の代金をカードで支払う。,Trả phí mua sắm bằng thẻ.,"""支 (""""chi"""" - nhánh, chi trả) + 払 (""""phất"""" - quét sạch) = hành động thanh toán, chi trả tiền.""",支払い（しはらい）: sự thanh toán、前払い（まえばらい）: trả trước、後払い（あとばらい）: trả sau
受け取る,うけとる,"nhận, tiếp nhận, lĩnh, hiểu",shinkanzen,Động từ nhóm 5 (複合動詞),着払いの荷物を、代金を払って受け取った。,Thanh toán chi phí hàng thì trả tiền và nhận hàng.,"""受 (""""thụ"""" - nhận) + 取 (""""thủ"""" - lấy) = hành động nhận lấy, tiếp nhận.""",受け取り（うけとり）: sự nhận lãnh、受領（じゅりょう）: sự tiếp nhận、受取人（うけとりにん）: người nhận
払い込む,はらいこむ,"trả vào, nộp tiền, chuyển tiền",shinkanzen,Động từ nhóm 5 (複合動詞),今期の授業料を銀行に払い込んだ。,Đã thanh toán học phí học kì này ở ngân hàng.,"""払 (""""phất"""" - trả) + 込 (""""nhập"""" - vào) = hành động trả tiền vào một tài khoản hoặc quỹ.""",払い込み（はらいこみ）: sự nộp tiền、払込票（はらいこみひょう）: phiếu nộp tiền、振込（ふりこみ）: chuyển khoản
払い戻す,はらいもどす,"hoàn tiền, trả lại, hoàn trả",shinkanzen,Động từ nhóm 5 (複合動詞),電話会社は過大請求額を利用者の講座に払い戻した。,Công ty điện thoại đã hoàn trả khoản tiền vượt quá yêu cầu vào tài khoản của người sử dụng.,"""払 (""""phất"""" - trả) + 戻 (""""lệ"""" - trở lại) = hành động trả lại tiền cho người đã nộp trước đó.""",払い戻し（はらいもどし）: sự hoàn tiền、返金（へんきん）: sự hoàn lại tiền、還付（かんぷ）: sự hoàn thuế
引き出す,ひきだす,"rút ra, kéo ra, lôi ra, phát huy",shinkanzen,Động từ nhóm 5 (複合動詞),銀行から生活費を引き出した。,Rút tiền sinh hoạt từ ngân hàng.,"""引 (""""dẫn"""" - kéo) + 出 (""""xuất"""" - ra) = hành động kéo, rút cái gì đó ra khỏi nơi cất giữ.""",引き出し（ひきだし）: ngăn kéo/sự rút tiền、ATM（エーティーエム）: máy rút tiền tự động、預金（よきん）: tiền gửi
儲かる,もうかる,"có lợi nhuận, sinh lời, kiếm lời",shinkanzen,Động từ nhóm 5 (自動詞),株で100万円儲かった。,Kiếm lời 100 vạn yên từ cổ phiếu.,"""儲 (儲かる): Gồm bộ """"nhân"""" (亻) và thành phần """"súc/tích"""" (蓄) - thể hiện việc con người tích lũy, thu thập lợi nhuận.""",儲け話（もうけばなし）: mẹo làm giàu、利益（りえき）: lợi nhuận、大儲け（おおもうけ）: lợi nhuận lớn
儲ける,もうける,"kiếm lời, thu lợi nhuận, sinh con",shinkanzen,Động từ nhóm 2 (他動詞),彼は株で100万円儲けた。,Anh ấy kiếm lời được 100 vạn yên từ cổ phiếu.,"""儲 (儲ける): Gồm bộ """"nhân"""" (亻) và thành phần """"súc/tích"""" (蓄) - thể hiện hành động con người tạo ra, tích lũy của cải hoặc con cái.""",儲け（もうけ）: lợi nhuận、大儲け（おおもうけ）: lợi nhuận lớn、利益（りえき）: lợi nhuận
落ち込む,おちこむ,"suy giảm, trầm xuống, chán nản",shinkanzen,Động từ nhóm 5 (複合動詞),景気が落ち込んで、失業率が上がった。,Kinh tế suy giảm tỉ lệ thất nghiệp tăng cao.,"""落 (""""lạc"""" - rơi, xuống) + 込 (""""nhập"""" - vào) = sự rơi xuống, đi vào trạng thái thấp hơn.""",落ち込み（おちこみ）: sự suy giảm/chán nản、景気後退（けいきこうたい）: suy thoái kinh tế、気落ち（きおち）: chán nản
売れる,うれる,"bán chạy, được tiêu thụ, nổi tiếng",shinkanzen,Động từ nhóm 2 (自動詞),このCDは100万枚売れたそうだ。,CD này đã bán được 1000000 cái rồi.,"""売 (""""mại"""" - bán): Ban đầu là hình ảnh một người đứng (儿) trên tấm ván (士) đang bán đồ.""",売れ行き（うれゆき）: tình hình bán hàng、売れっ子（うれっこ）: ngôi sao nổi tiếng、人気商品（にんきしょうひん）: sản phẩm phổ biến
売り切れる,うりきれる,"bán hết, hết hàng, cháy hàng",shinkanzen,Động từ nhóm 2 (複合動詞),そのコンサートのチケットは1時間で売り切れたそうだ。,Vé của buổi hòa nhạc đó đã bán hết trong 1 giờ.,"""売 (""""mại"""" - bán) + 切 (""""thiết"""" - cắt, hết) = tình trạng hàng hóa đã bán hết, không còn gì.""",売り切れ（うりきれ）: sự hết hàng、完売（かんばい）: bán hết、品切れ（しなぎれ）: hết hàng
引っ張る,ひっぱる,"kéo, lôi, thu hút",shinkanzen,Động từ nhóm 5 (複合動詞),このひもを引っ張ると電気がつく。,Kéo sợi dây này thì điện sẽ bật.,"""引 (""""dẫn"""" - kéo, dẫn dắt) + 張 (""""trương"""" - căng, giãn ra) = hành động kéo mạnh làm căng ra.""",引っ張り合い（ひっぱりあい）: sự giành giật、引っ張り込む（ひっぱりこむ）: lôi kéo vào、引っ張りだこ（ひっぱりだこ）: được săn đón
突く,つく,"chọc, đâm, thọc, đụng",shinkanzen,Động từ nhóm 5,喧嘩して相手の胸を手で突いた。,Do cãi nhau nên tôi dùng tay đâm vào ngực bạn.,"""突 (突く): Gồm thành phần """"đại"""" (大) và phần dưới - tượng trưng cho một vật nhọn đâm, chọc vào đối tượng.""",突き刺す（つきさす）: đâm xuyên、突っ込む（つっこむ）: lao vào、突き当たる（つきあたる）: đi hết đường
突き当たる,つきあたる,"đi hết đường, gặp trở ngại, chạm vào",shinkanzen,Động từ nhóm 5 (複合動詞),「この道を真っすぐ行って、突き当たったら左に曲がってください」,"Đi thẳng con đường này, đi hết đường rồi rẽ trái.","""突 (""""đột"""" - đâm, chọc, tiến) + 当 (""""đương"""" - trúng, đụng) = đi đến khi đụng vào vật cản không thể tiếp tục.""","突き当たり（つきあたり）: đường cụt, ngõ cụt、行き詰まり（いきづまり）: bế tắc、突き当て（つきあて）: điểm cuối"
立ち止まる,たちどまる,"dừng lại, ngừng bước, ngưng lại",shinkanzen,Động từ nhóm 5 (複合動詞),道で声をかけられて立ち止まる。,Trên đường tôi bị gọi nên đã dừng lại.,"""立 (""""lập"""" - đứng) + 止 (""""chỉ"""" - dừng, ngưng) = hành động đứng lại, dừng chuyển động.""",足を止める（あしをとめる）: dừng chân、ひと休み（ひとやすみ）: nghỉ một chút、停止（ていし）: sự dừng lại
近寄る,ちかよる,"tiếp cận, đến gần, lại gần",shinkanzen,Động từ nhóm 5,物音がしたので窓に近寄って外を見た。,"Nghe có âm thanh, tiến gần tới cửa sổ và nhìn ra bên ngoài.","""近 (""""cận"""" - gần) + 寄 (""""kí"""" - ghé lại, đến) = di chuyển đến gần một đối tượng.""",近寄りがたい（ちかよりがたい）: khó tiếp cận、接近（せっきん）: sự tiếp cận、近付く（ちかづく）: đến gần
横切る,よこぎる,"băng qua, cắt ngang, đi qua",shinkanzen,Động từ nhóm 5,道を横切って向こう側に渡った。,Nhìn phía đối diện khi băng qua đường.,"""横 (""""hoành"""" - ngang) + 切 (""""thiết"""" - cắt) = hành động di chuyển cắt ngang qua một không gian.""",横断（おうだん）: sự băng qua、横断歩道（おうだんほどう）: vạch sang đường、直進（ちょくしん）: đi thẳng
転ぶ,ころぶ,"ngã, vấp ngã, trượt ngã",shinkanzen,Động từ nhóm 5,雪道で滑って転んでしまった。,Đường tuyết trơn nên bị ngã.,"""転 (転ぶ): Có bộ """"xa"""" (車) bên trong - ban đầu liên quan đến bánh xe quay, sau mở rộng thành sự xoay chuyển, ngã lộn.""",寝転ぶ（ねころぶ）: nằm xuống、転落（てんらく）: sự rơi ngã、ひっくり返る（ひっくりかえる）: lật úp
躓く,つまずく,"vấp ngã, gặp trở ngại, thất bại",shinkanzen,Động từ nhóm 5,道で石につまずいて転んでしまった。,Vấp phải hòn đá trên đường nên bị ngã.,"""躓 (躓く): Gồm bộ """"túc"""" (足) và các thành phần khác - thể hiện hành động chân vấp phải vật gì đó.""","つまずき（つまずき）: sự vấp ngã, trở ngại、挫折（ざせつ）: sự thất bại、障害（しょうがい）: trở ngại"
轢く,ひく,"cán, đâm, tông",shinkanzen,Động từ nhóm 5,車にひかれて骨折した。,Bị xe ô tô cán nên gãy chân.,"""轢 (轢く): Gồm bộ """"xa"""" (車) và thành phần """"lịch"""" (歴) - thể hiện hành động xe cán qua, đè lên đối tượng khác.""",轢き逃げ（ひきにげ）: đâm rồi bỏ chạy、轢死（れきし）: chết vì bị cán、事故（じこ）: tai nạn
溺れる,おぼれる,"chết đuối, đắm chìm, nghiện",shinkanzen,Động từ nhóm 2,川に落ちておぼれている子どもを助けた。,Tôi đã cứu đứa trẻ rớt xuống sông sắp chết đuối.,"""溺 (溺れる): Gồm bộ """"thủy"""" (氵) và thành phần """"dịch"""" (弱) - thể hiện sự yếu đuối khi chìm trong nước.""",溺死（できし）: chết đuối、耽溺（たんでき）: đắm chìm、水難事故（すいなんじこ）: tai nạn dưới nước
痛む,いたむ,"đau, nhức, đau nhói",shinkanzen,Động từ nhóm 5,｛歯/ 頭/ 足…｝が痛む。,Đau răng / đầu / chân…,"""痛 (痛む): Gồm bộ """"tật"""" (疒) và thành phần """"thông"""" (甬) - thể hiện cảm giác đau đớn do bệnh tật.""",痛み（いたみ）: sự đau đớn、胸が痛む（むねがいたむ）: đau lòng、心痛（しんつう）: đau lòng
罹る,かかる,"mắc bệnh, bị nhiễm, mắc phải",shinkanzen,Động từ nhóm 5,インフルエンザにかかって、学校を休んだ。,Bị nhiễm cúm nên đã nghỉ học.,"""罹 (罹る): Gồm bộ """"võng"""" (网) và các thành phần khác - thể hiện việc bị mắc, bị vướng vào một tình trạng (bệnh tật).""",病気にかかる（びょうきにかかる）: mắc bệnh、罹患（りかん）: mắc bệnh、感染（かんせん）: sự lây nhiễm
酔う,よう,"say, say rượu, chóng mặt, say mê",shinkanzen,Động từ nhóm 5,酒に酔う。,Say rượu.,"""酔 (酔う): Gồm bộ """"rượu"""" (酉) và thành phần """"duy"""" (卒) - thể hiện trạng thái thay đổi do ảnh hưởng của rượu.""",二日酔い（ふつかよい）: say rượu ngày hôm sau、酔っぱらう（よっぱらう）: say xỉn、船酔い（ふなよい）: say sóng
吐く,はく,"thở ra, nôn ra, phun ra, phát biểu",shinkanzen,Động từ nhóm 5,息を吸って吐く。,Hít vào thở ra.,"""吐 (吐く): Gồm bộ """"khẩu"""" (口) và thành phần """"thổ"""" (土) - thể hiện hành động đưa ra ngoài từ miệng.""","吐き出す（はきだす）: phun ra, nôn ra、本音を吐く（ほんねをはく）: nói ra ý thật、弱音を吐く（よわねをはく）: than thở"
診る,みる,"khám bệnh, khám xét, chẩn đoán",shinkanzen,Động từ nhóm 2,体の調子が悪いので医者に診てもらおう。,Tình trạng cơ thể không được tốt nên đến bác sĩ khám thôi.,"""診 (診る): Gồm bộ """"ngôn"""" (言) và thành phần """"chân"""" (真) - thể hiện hành động kiểm tra kỹ lưỡng để tìm ra sự thật về bệnh tình.""",診察（しんさつ）: sự khám bệnh、診療（しんりょう）: chẩn đoán và điều trị、診断（しんだん）: chẩn đoán
見舞う,みまう,"thăm bệnh, thăm hỏi, đến thăm",shinkanzen,Động từ nhóm 5,入院中の友達をみんなで見舞った。,Mọi người đã đến thăm người bạn đang nằm bệnh viện.,"""見 (""""kiến"""" - nhìn, thăm) + 舞 (""""vũ"""" - múa) = hành động đến thăm để mang lại niềm vui, sự an ủi.""",見舞い（みまい）: sự thăm hỏi、見舞い金（みまいきん）: tiền thăm hỏi、お見舞い（おみまい）: quà thăm bệnh
勤める,つとめる,"làm việc, phục vụ, cố gắng",shinkanzen,Động từ nhóm 2,会社に勤める。,Làm việc tại công ty.,"""勤 (勤める): Gồm bộ """"lực"""" (力) và các thành phần khác - thể hiện việc nỗ lực, chuyên cần trong công việc.""",勤め先（つとめさき）: nơi làm việc、勤め人（つとめびと）: người đi làm、勤務（きんむ）: công vụ
しゃがむ,しゃがむ,"ngồi xổm, ngồi chồm hổm",shinkanzen,Động từ nhóm 1,子供が道にしゃがんで地面の虫を見ている。,Bọn trẻ ngồi xổm trên đường và xem côn trùng trên mặt đất.,"Không có kanji, đây là từ thuần Nhật (和語) viết bằng hiragana.",しゃがみ込む（しゃがみこむ）: ngồi xổm xuống mạnh、中腰（なかごし）: tư thế nửa ngồi xổm、屈む（かがむ）: cúi xuống
退く,しりぞく,"tránh ra, thoái lui, rút lui",shinkanzen,Động từ nhóm 5,「ちょっとそこをどいてください」,Tránh đường một chút nào.,"""退 (退く): Gồm bộ """"phản"""" (厶) và bộ """"đi"""" (辶) - ám chỉ sự di chuyển ngược lại, rút lui.""","退却（たいきゃく）: sự rút lui、退役（たいえき）: nghỉ hưu、退散（たいさん）: rút lui, giải tán"
退ける,しりぞける,"đuổi khỏi, đẩy ra, làm tránh ra",shinkanzen,Động từ nhóm 2,「通行の邪魔になるので、自転車を歩道からどけてください」,Cản trở giao thông nên hãy dịch chuyển xe đạp lên vỉa hè.,"""退 (退ける): Gồm bộ """"phản"""" (厶) và bộ """"đi"""" (辶) - ám chỉ hành động khiến đối tượng khác di chuyển ngược lại.""",退け者（しりぞけもの）: người bị loại bỏ、撤去（てっきょ）: sự di dời、排除（はいじょ）: loại bỏ
被る,かぶる,"đội, phủ lên đầu, chịu (trách nhiệm)",shinkanzen,Động từ nhóm 5,帽子をかぶる。,Đội mũ.,"""被 (被る): Gồm bộ """"y phục"""" (衤) và bộ """"bì"""" (皮) - ban đầu chỉ việc khoác, đắp lên người, sau mở rộng thành """"đội"""" hoặc """"chịu đựng"""".""",被り物（かぶりもの）: vật đội đầu、頭巾（ずきん）: mũ trùm đầu、被害（ひがい）: thiệt hại
被せる,かぶせる,"phủ lên, đắp lên, đổ tội",shinkanzen,Động từ nhóm 2,ぬれないように、自転車にシートをかぶせておいた。,"Để không bị ướt, tôi đậy chỗ ngồi của xe đạp lại.","""被 (被せる): Gồm bộ """"y phục"""" (衤) và bộ """"bì"""" (皮) - biểu thị hành động khiến một vật bao phủ lên đối tượng khác.""",覆いかぶせる（おおいかぶせる）: che phủ toàn bộ、上からかぶせる（うえからかぶせる）: phủ từ trên xuống、罪をかぶせる（つみをかぶせる）: đổ tội cho ai
齧る,かじる,"cắn, nhai, gặm, học chút ít",shinkanzen,Động từ nhóm 5,リンゴを丸ごとかじる。,Cắn quả táo một miếng tròn.,"""齧 (齧る): Gồm bộ """"xỉ/nha"""" (齒) và thành phần khác - thể hiện hành động dùng răng để cắn, gặm.""",齧り跡（かじりあと）: dấu cắn、齧り付く（かじりつく）: cắn chặt vào、齧り取る（かじりとる）: cắn đứt
撃つ,うつ,"bắn, đánh, tấn công",shinkanzen,Động từ nhóm 5,警官が犯人をピストルで撃った。,Cảnh sát dùng súng lục để bắn tội phạm.,"""撃 (撃つ): Gồm bộ """"thủ"""" (扌) và thành phần """"ích"""" (击) - thể hiện hành động dùng tay tấn công, đánh mạnh.""",撃ち落とす（うちおとす）: bắn rơi、銃撃（じゅうげき）: cuộc đọ súng、撃破（げきは）: phá hủy
漕ぐ,こぐ,"đạp, chèo, bơi",shinkanzen,Động từ nhóm 5,自転車（のペダル）をこぐ。,Đạp xe.,"""漕 (漕ぐ): Gồm bộ """"thủy"""" (氵) và thành phần """"tao"""" (曹) - thể hiện hành động di chuyển trên nước bằng cách chèo.""",漕ぎ出す（こぎだす）: bắt đầu chèo、漕ぎ手（こぎて）: người chèo thuyền、足漕ぎ（あしこぎ）: đạp bằng chân
敷く,しく,"trải, lót, đặt nền, thiết lập",shinkanzen,Động từ nhóm 5,床にふとんを敷く。,Trải nệm ra nền nhà.,"""敷 (敷く): Gồm bộ """"thảo"""" (⺍) và bộ """"xộc"""" (攵) - thể hiện hành động trải rộng, làm cho phẳng.""",敷布団（しきぶとん）: nệm lót、敷物（しきもの）: thảm lót、風呂敷（ふろしき）: khăn gói đồ
注ぐ,そそぐ,"rót, đổ, tập trung (tâm trí)",shinkanzen,Động từ nhóm 5,水にコップをつぐ。,Đổ nước vào cốc.,"""注 (注ぐ): Gồm bộ """"thủy"""" (氵) và thành phần """"chú"""" (主) - thể hiện hành động dồn chất lỏng vào một nơi.""",注ぎ口（そそぎぐち）: miệng rót、注力（ちゅうりょく）: tập trung nỗ lực、つぎ足す（つぎたす）: rót thêm
配る,くばる,"phân phát, phân phối, quan tâm",shinkanzen,Động từ nhóm 5,先生が生徒にプリントを配った。,Giáo viên phát tài liệu cho học sinh.,"""配 (配る): Gồm bộ """"thập"""" (十) và thành phần """"rượu"""" (酉) - ban đầu liên quan đến việc phân phát đồ uống, sau mở rộng thành phân phối nói chung.""","配り物（くばりもの）: vật phân phát、配布（はいふ）: sự phân phối、気配り（きくばり）: sự quan tâm, chú ý"
放る,ほうる,"ném, vứt, bỏ mặc",shinkanzen,Động từ nhóm 5,ボールを放る。,Ném bóng.,"""放 (放る): Gồm bộ """"phương"""" (方) và bộ """"xuyên"""" (攵) - thể hiện hành động làm cho vật gì đó di chuyển khỏi tay theo một hướng.""","放り出す（ほうりだす）: vứt bỏ, bỏ dở、放り投げる（ほうりなげる）: ném mạnh、放置（ほうち）: bỏ mặc"
掘る,ほる,"đào, khai quật, tìm kiếm",shinkanzen,Động từ nhóm 5,地面に穴を掘る。,Đào lỗ trên mặt đất.,"""掘 (掘る): Gồm bộ """"thủ"""" (扌) và thành phần """"quật"""" (屈) - thể hiện hành động dùng tay để đào, khai quật.""",掘り下げる（ほりさげる）: đào sâu、発掘（はっくつ）: khai quật、井戸掘り（いどほり）: đào giếng
撒く,まく,"rắc, rải, gieo, phân phát",shinkanzen,Động từ nhóm 5,畑に野菜の種を蒔く。,Gieo hạt giống rau lên cánh đồng.,"""撒 (撒く): Gồm bộ """"thủ"""" (扌) và thành phần """"tán"""" (散) - thể hiện hành động dùng tay để rải, gieo hạt.""",ばら撒く（ばらまく）: phân phát rộng rãi、種蒔き（たねまき）: gieo hạt、水撒き（みずまき）: tưới nước
測る,はかる,"đo, đo lường, đánh giá",shinkanzen,Động từ nhóm 5,時間を計る。,Đo thời gian.,"""測 (測る): Gồm bộ """"thủy"""" (氵) và thành phần """"tắc"""" (則) - ban đầu liên quan đến việc đo mực nước, sau mở rộng thành đo đạc nói chung.""",測定（そくてい）: sự đo lường、測量（そくりょう）: sự khảo sát đo đạc、計測（けいそく）: sự đo đạc
占う,うらなう,"bói, tiên đoán, dự báo",shinkanzen,Động từ nhóm 5,来年の運勢をうらなってもらった。,Nhờ xem bói vận may rủi trong năm tới.,占 (占う): Ban đầu thể hiện hình ảnh người xem bói đang nhìn vào vết nứt trên mai rùa để tiên đoán tương lai.,占い師（うらないし）: thầy bói、星占い（ほしうらない）: chiêm tinh học、手相占い（てそううらない）: xem chỉ tay
材料,ざいりょう,"tài liệu, nguyên liệu",shinkanzen,Danh từ,スーパーへ夕食の材料を買いに行った。,Đến siêu thị mua nguyên liệu cho bữa tối.,"""材: bộ mộc (木) + bộ tài (才) = vật liệu, gỗ; 料: bộ mi/mễ (米) = gạo + bộ đao/dao (刀) = với ý nghĩa """"nguyên liệu, chất liệu"""" có thể hiểu là những thứ cần để chế biến.""","原料（げんりょう）: nguyên liệu thô、素材（そざい）: nguyên liệu, chất liệu、建築材料（けんちくざいりょう）: vật liệu xây dựng"
石,いし,"hòn đá, thạch",shinkanzen,Danh từ,グラウンドに落ちている石を拾った。,Nhặt những hòn đá rơi trên sân bóng.,"石 là một chữ kanji gốc, biểu tượng cho hòn đá. Nét ngang trên cùng tượng trưng cho bề mặt đá, các nét bên dưới thể hiện các lớp đá chồng lên nhau.",石鹸（せっけん）: xà phòng、宝石（ほうせき）: đá quý、石油（せきゆ）: dầu mỏ
紐,ひも,"dây, sợi dây",shinkanzen,Danh từ,古新聞をひもで縛る。,Buộc báo cũ bằng dây.,"紐 = bộ mịch/ti/chỉ (糸) chỉ sự liên quan đến sợi, vải + 丑 (sửu) là con trâu trong 12 con giáp. Kết hợp lại có thể hiểu là dây thừng để buộc trâu.",靴紐（くつひも）: dây giày、紐付き（ひもつき）: có dây đính kèm、電話の紐（でんわのひも）: dây điện thoại
券,けん,"vé, phiếu",shinkanzen,Danh từ,あの店はいつも込でいて、入るのに整理券が必要だ。,Cửa hàng đó lúc nào cũng đông đúc nên vào cần phải có vé thứ tự.,"""券 gồm phần trên là biến thể của chữ """"môn"""" (門) - cửa, phần dưới là chữ """"đao/dao"""" (刀) - dao. Kết hợp lại có nghĩa là tấm vé (được cắt ra) để đi qua cửa.""",入場券（にゅうじょうけん）: vé vào cửa、整理券（せいりけん）: vé thứ tự、回数券（かいすうけん）: vé đi nhiều lần
名簿,めいぼ,"danh bạ, danh sách",shinkanzen,Danh từ,クラスの名簿を作る。,Tạo danh sách lớp.,"""名: bộ khẩu (口) + bộ tịch/dạ (夕) = tên, danh; 簿: bộ trúc (竹) chỉ vật liệu làm sách + bộ thục/miêu (莫) = sổ sách, sổ ghi chép. Kết hợp lại tạo thành """"sổ ghi tên"""".""",会員名簿（かいいんめいぼ）: danh sách hội viên、同窓会名簿（どうそうかいめいぼ）: danh sách cựu học sinh、電話名簿（でんわめいぼ）: danh bạ điện thoại
窓口,まどぐち,"cửa sổ giao dịch, quầy giao dịch",shinkanzen,Danh từ,銀行の窓口には大勢の人が並んでいる。,Ở quầy giao dịch ngân hàng rất đông người đang xếp hàng.,"""窓 = bộ huyền/mado (穴) chỉ cửa sổ, lỗ + bộ mục/me (目) chỉ """"mắt"""" và cấu trúc ô cửa; 口 = miệng, lối ra/vào. Kết hợp lại thành """"cửa sổ để giao tiếp"""".""",相談窓口（そうだんまどぐち）: quầy tư vấn、受付窓口（うけつけまどぐち）: quầy tiếp nhận、問い合わせ窓口（といあわせまどぐち）: quầy thông tin
手続き,てつづき,"thủ tục, thủ tục hành chính",shinkanzen,Danh từ,入学の手続きをする。,Làm thủ tục nhập học.,"""手 = tay, bàn tay; 続 = bộ mịch/ito (糸) chỉ sự liên kết + bộ túc/ashi (売) chỉ sự tiếp nối. Kết hợp lại thành """"các bước thực hiện liên tục bằng tay"""".""",入学手続き（にゅうがくてつづき）: thủ tục nhập học、申請手続き（しんせいてつづき）: thủ tục đăng ký、税関手続き（ぜいかんてつづき）: thủ tục hải quan
徒歩,とほ,đi bộ,shinkanzen,Danh từ,駅からうちまで、徒歩10分です。,Từ nhà ga đến nhà đi bộ mất 10 phút.,"""徒 = bộ sước/jute (彳) chỉ sự di chuyển + bộ đồ/to (余) chỉ bản thân; 歩 = bộ chỉ/shi (止) chỉ chân + bộ đa (少) chỉ sự di chuyển. Kết hợp lại mang ý nghĩa """"di chuyển bằng chân"""".""",徒歩圏内（とほけんない）: trong phạm vi đi bộ、徒歩通勤（とほつうきん）: đi bộ đến nơi làm việc、徒歩15分（とほじゅうごふん）: 15 phút đi bộ
服装,ふくそう,"quần áo, trang phục",shinkanzen,Danh từ,面接にはきちんとした服装で行きなさい。,Hãy mặc áo quần chỉnh tề để đi phỏng vấn nhé.,"服 (phục) - mặc, quần áo; 装 (trang) - trang trí, trang phục. Kết hợp lại chỉ những gì bạn mặc để trang trí cơ thể.",服装規定（ふくそうきてい）: quy định về trang phục、作業服装（さぎょうふくそう）: trang phục làm việc、正装（せいそう）: trang phục chính thức
礼,れい,"lễ, cảm ơn, lời cảm ơn",shinkanzen,Danh từ,親切にしてもらった礼を述べた。,Phát biểu lời cảm ơn vì đã được đối xử tốt.,"礻(thị) - liên quan đến lễ nghi, thần thánh; 乚 (phần bên phải) - gợi ý về hình dáng người cúi chào. Kết hợp lại biểu thị sự cúi chào, lời cảm ơn, lễ nghi.",お礼（おれい）: lời cảm ơn、礼儀正しい（れいぎただしい）: lịch sự、感謝の礼（かんしゃのれい）: lời cảm ơn
世辞,せじ,"lời nịnh, lời khen ngợi, ca tụng",shinkanzen,Danh từ,「いいネクタイですね」とお世辞を言った。,"""Nói nịnh """"Cà vạt đẹp thật đấy"""".""","世 (thế) - đời, thế gian; 辞 (từ) - lời nói, từ. Kết hợp lại chỉ những lời nói để làm đẹp lòng người khác trong xã hội.",お世辞抜き（おせじぬき）: không nịnh hót、お世辞半分（おせじはんぶん）: nửa thật nửa nịnh、世辞好き（せじずき）: thích được nịnh
言い訳,いいわけ,"lý do, biện minh, bào chữa",shinkanzen,Danh từ / Động từ する,田中さんはいつも言い訳ばかり言って、自分の失敗を認めようとしない。,Anh Tanaka lúc nào cũng biện lý do mà không chịu thừa nhận thất bại của mình.,"言 (ngôn) - nói; 訳 (dịch) - dịch, lý do. Kết hợp với động từ いい (nói) tạo thành từ chỉ việc đưa ra lý do biện minh.",言い訳無用（いいわけむよう）: không cần biện minh、言い訳がましい（いいわけがましい）: đầy biện minh、言い訳じみた（いいわけじみた）: có tính chất biện minh
話題,わだい,"chủ đề, đề tài (để nói chuyện)",shinkanzen,Danh từ,野中さんはとても話題が豊富な人で、話していて楽しい。,Anh Nonaka là người phong phú về chủ đề nên khi nói chuyện rất thú vị.,"話 (thoại) - nói chuyện, trò chuyện; 題 (đề) - đề tài, chủ đề. Kết hợp lại chỉ chủ đề để trò chuyện.",話題提供（わだいていきょう）: cung cấp chủ đề、話題転換（わだいてんかん）: chuyển đổi chủ đề、話題性（わだいせい）: tính thời sự
秘密,ひみつ,"bí mật, điều bí mật",shinkanzen,Danh từ,あなたを信用して私の秘密を打ち明けます。,Vì tin tưởng bạn nên tôi sẽ nói bí mật với bạn.,"秘 (bí) - giấu, ẩn; 密 (mật) - kín đáo, chặt chẽ. Kết hợp lại chỉ điều được giữ kín, không tiết lộ ra ngoài.",秘密厳守（ひみつげんしゅ）: giữ bí mật nghiêm ngặt、秘密基地（ひみつきち）: căn cứ bí mật、秘密結社（ひみつけっしゃ）: hội kín
尊敬,そんけい,"sự tôn trọng, tôn kính",shinkanzen,Danh từ / Động từ する,マザー・テレサは世界中の人々に尊敬されている。,Mẹ Teresa được tôn kính khắp thế giới.,"尊 (tôn) - tôn quý, kính trọng; 敬 (kính) - kính trọng, tôn trọng. Kết hợp lại chỉ thái độ tôn trọng sâu sắc dành cho người khác.",尊敬語（そんけいご）: kính ngữ、尊敬の念（そんけいのねん）: lòng tôn kính、相互尊敬（そうごそんけい）: tôn trọng lẫn nhau
謙遜,けんそん,"khiêm tốn, khiêm nhường",shinkanzen,Danh từ / Động từ する,褒められたとき、謙遜して「そんなことはありません」という人も多い。,"""Khi được khen thì nhiều người nói khiêm tốn """"không có chuyện đó đâu"""".""","謙 (khiêm) - khiêm tốn, hạ mình; 遜 (tốn) - nhường nhịn, lui lại. Kết hợp lại chỉ thái độ khiêm tốn, không khoe khoang.",謙遜美徳（けんそんびとく）: đức tính khiêm tốn、過度謙遜（かどけんそん）: quá khiêm tốn、謙遜的（けんそんてき）: có tính khiêm tốn
期待,きたい,"kỳ vọng, mong đợi, hy vọng",shinkanzen,Danh từ / Động từ する,山本選手の活躍を期待していたが、期待はずれの結果に終わった。,Dù đã kỳ vọng vào tuyển thủ Yamamoto nhưng kết quả kết thúc ngoài sự mong chờ.,"期 (kỳ) - thời kỳ, thời hạn; 待 (đãi) - chờ đợi. Kết hợp lại chỉ sự mong đợi, kỳ vọng vào điều gì đó trong tương lai.",期待外れ（きたいはずれ）: không như kỳ vọng、期待感（きたいかん）: cảm giác mong đợi、期待値（きたいち）: giá trị kỳ vọng
苦労,くろう,"khó khăn, vất vả, gian khổ",shinkanzen,Danh từ / Động từ する,父の死後、母は苦労して私たちを育ててくれた。,"Sau cái chết của bố, mẹ tôi đã làm việc vất vả để nuôi nấng chúng tôi.","苦 (khổ) - đau khổ, khó khăn; 労 (lao) - lao động, mệt nhọc. Kết hợp lại chỉ sự vất vả, khó khăn trong cuộc sống.",苦労話（くろうばなし）: câu chuyện gian khổ、苦労性（くろうしょう）: tính hay lo lắng、苦労人（くろうにん）: người từng trải
意志,いし,"ý chí, ý định, ý muốn",shinkanzen,Danh từ,彼女は意思が固いから、きっと目的を達成するだろう。,"Ý chí của cô ấy rất mạnh mẽ, chắc chắn sẽ đạt được mục tiêu.","意 (ý) - ý nghĩ, ý định; 志 (chí) - chí hướng, mục đích. Kết hợp lại chỉ ý định mạnh mẽ, quyết tâm thực hiện điều gì đó.",意志表示（いしひょうじ）: bày tỏ ý định、意志力（いしりょく）: sức mạnh ý chí、自由意志（じゆういし）: ý chí tự do
感情,かんじょう,"cảm xúc, tình cảm, cảm giác",shinkanzen,Danh từ,田中さんはすぐに感情が顔に出る。,Anh Tanaka ngay lập tức biểu thị cảm xúc lên khuôn mặt.,"感 (cảm) - cảm giác, cảm nhận; 情 (tình) - tình cảm, cảm tình. Kết hợp lại chỉ những trạng thái tâm lý liên quan đến cảm xúc.",感情的（かんじょうてき）: dễ xúc động、感情移入（かんじょういにゅう）: đồng cảm、複雑感情（ふくざつかんじょう）: cảm xúc phức tạp
好む,このむ,"thích, ưa thích, yêu thích",shinkanzen,Động từ nhóm 1,一般（いっぱん）にお年寄（としよ）りはあっさりした味（あじ）を好（この）む。,Nhìn chung thì người già họ thích vị thanh.,"""好 (好む): gồm chữ """"nữ"""" (女) và """"tử"""" (子) - thể hiện hình ảnh """"người phụ nữ và đứa trẻ"""" tượng trưng cho tình cảm, sự yêu thích.""","好み（このみ）: sở thích, gu thẩm mỹ、好物（このみもの）: món ăn yêu thích、好ましい（このましい）: đáng mong muốn"
嫌う,きらう,"ghét, không thích, chán ghét",shinkanzen,Động từ nhóm 1,彼女（かのじょ）は彼（かれ）を嫌（きら）っているようだ。,Cô ấy có lẽ ghét thằng đó.,"""嫌 (嫌う): chứa bộ """"miệng"""" (口) trong """"nhàn"""" (廿) và bộ """"mái nhà"""" (宀) - như thể đang nói với cảm xúc tiêu cực về một nơi.""",嫌い（きらい）: sự ghét bỏ、嫌悪（けんお）: sự ghê tởm、嫌がらせ（いやがらせ）: sự quấy rối
願う,ねがう,"ước, cầu mong, yêu cầu",shinkanzen,Động từ nhóm 1,世界（せかい）平和（へいわ）を願（ねが）う。,Cầu mong thế giới hòa bình.,"""願 (願う): phần trên là """"vẩy cá"""" (厂) và """"miệng"""" (口), phần dưới là """"nguyên"""" (原) - như thể miệng đang phát ra lời ước nguyện từ gốc rễ.""",願い事（ねがいごと）: điều ước、願書（がんしょ）: đơn xin、願望（がんぼう）: ước nguyện
甘える,あまえる,"chiều chuộng, nũng nịu, dựa dẫm",shinkanzen,Động từ nhóm 2,子供（こども）が母親（ははおや）に甘（あま）える。,Trẻ con nũng nịu cha mẹ.,"""甘 (甘える): nghĩa gốc là """"ngọt"""" - thể hiện sự ngọt ngào, dễ thương khi nũng nịu.""",甘え（あまえ）: sự nũng nịu、甘えん坊（あまえんぼう）: đứa trẻ hay nũng nịu、甘え上手（あまえじょうず）: khéo nũng nịu
可愛がる,かわいがる,"yêu mến, yêu thương, cưng chiều",shinkanzen,Động từ nhóm 5 (ガル動詞),息子（むすこ）は姉（あね）をとてもかわいがっている。,Đứa em trai rất thương chị gái.,"""可 (""""khả"""" - có thể) + 愛 (""""ái"""" - yêu) = """"có thể yêu"""" - ám chỉ người hoặc vật đó đáng được yêu thương.""",可愛がり（かわいがり）: sự cưng chiều、可愛い子（かわいいこ）: đứa trẻ đáng yêu、可愛らしさ（かわいらしさ）: sự đáng yêu
気付く,きづく,"nhận ra, phát hiện, để ý thấy",shinkanzen,Động từ nhóm 5 (複合動詞),犯人（はんにん）は刑事（けいじ）に気（き）づいて逃（に）げてしまった。,Tội phạm nhận thấy cảnh sát nên chạy ngay.,"""気 (""""khí"""" - tinh thần, không khí) + 付 (""""phụ"""" - gắn vào, đính kèm) = sự kết nối tinh thần với hiện tượng xung quanh.""",気付き（きづき）: sự nhận ra、見落とし（みおとし）: sự bỏ qua、気配り（きくばり）: sự chú ý đến chi tiết
疑う,うたがう,"nghi ngờ, hoài nghi, không tin",shinkanzen,Động từ nhóm 1,警察（けいさつ）は私（わたし）を犯（はん）人（にん）ではないかと疑（うたが）っているらしい。,Cảnh sát nghi ngờ tôi có phải tội phạm hay không.,"""疑 (疑う): gồm bộ """"bệnh"""" (疒) và """"nghi"""" (疑) - thể hiện """"tâm trí không yên"""" như cơ thể bị bệnh khi có sự nghi ngờ.""","疑い（うたがい）: sự nghi ngờ、疑心暗鬼（ぎしんあんき）: đa nghi、疑問（ぎもん）: câu hỏi, thắc mắc"
苦しむ,くるしむ,"khổ sở, đau đớn, chịu đựng",shinkanzen,Động từ nhóm 1,学校（がっこう）でいじめられて苦（くる）しんでいる子（こ）どもが大勢（おおぜい）いる。,Có rất nhiều trẻ em gặp khó khăn vì bị bắt nạt ở trường học.,"""苦 (苦しむ): gồm bộ """"thảo"""" (艹) và bộ """"cổ"""" (古) - ban đầu chỉ vị đắng của thực vật, sau mở rộng thành sự khổ sở, khó chịu.""",苦しみ（くるしみ）: nỗi đau、苦痛（くつう）: sự đau đớn、苦悩（くのう）: sự phiền não
悲しむ,かなしむ,"buồn, đau buồn, thương tiếc",shinkanzen,Động từ nhóm 1,娘（むすめ）はペットの死（し）を悲（かな）しんで、一日（いちにち）中（じゅう）泣（な）いていた。,Con gái tôi khóc cả một ngày vì con thú cưng bị chết.,"""悲 (悲しむ): gồm bộ """"phi"""" (非) và bộ """"tâm"""" (心) - biểu thị trạng thái """"tâm không đúng, tâm không yên"""" nên sinh ra nỗi buồn.""",悲しみ（かなしみ）: nỗi buồn、悲嘆（ひたん）: sự đau buồn、悲観（ひかん）: bi quan
がっかりする,がっかりする,"thất vọng, chán nản, không như mong đợi",shinkanzen,Động từ thể する,試験（しけん）に落（お）ちて、がっかりした。,Tôi thất vọng vì bị trượt kì thi.,"Không có kanji, đây là từ thuần Nhật (和語) dạng biểu cảm.",がっかり感（がっかりかん）: cảm giác thất vọng、肩を落とす（かたをおとす）: thả vai xuống (thất vọng)、がっかりさせる（がっかりさせる）: làm thất vọng
励ます,はげます,"động viên, khích lệ, cổ vũ",shinkanzen,Động từ nhóm 5,試験（しけん）に失敗（しっぱい）した友人（ゆうじん）に励（はげ）ました。,Tôi động viên đứa bạn thân bị trượt kì thi.,"""励 (励ます): gồm bộ """"đi"""" (厉) và bộ """"lực"""" (力) - thể hiện việc đưa sức mạnh, động lực để tiến về phía trước.""",励まし（はげまし）: sự động viên、激励（げきれい）: sự khích lệ mạnh mẽ、励みになる（はげみになる）: trở thành động lực
頷く,うなずく,"gật đầu, đồng ý, thừa nhận",shinkanzen,Động từ nhóm 5,祖父（そふ）は何（なに）も言（い）わずにうなずいた。,Ông không nói gì mà chỉ gật đầu.,"""頷 (頷く): gồm bộ """"đầu"""" (頁) và chữ """"hỗ"""" (互) - có thể hiểu là đầu di chuyển liên tục lên xuống (gật).""",頷き（うなずき）: cái gật đầu、同意（どうい）: sự đồng ý、首肯（しゅこう）: sự chấp thuận
張り切る,はりきる,"hăng hái, hăm hở, nhiệt tình",shinkanzen,Động từ nhóm 5 (複合動詞),入社（にゅうしゃ）第一（だいいち）日（にち）目（め）、娘（むすめ）は張（は）り切（き）って出勤（しゅっきん）した。,"Ngày đầu tiên vào công ty làm, em gái tôi rất hăm hở đi làm.","""張 (""""trương"""" - căng ra, mở rộng) + 切 (""""thiết"""" - cắt, hoàn thành) = trạng thái tinh thần căng tràn sức lực, sẵn sàng hành động.""",張り切り過ぎ（はりきりすぎ）: quá hăng hái、意気込む（いきごむ）: quyết tâm、意欲的（いよくてき）: đầy nhiệt huyết
威張る,いばる,"kiêu ngạo, tự cao, huênh hoang",shinkanzen,Động từ nhóm 5,自分（じぶん）ができるからと言（い）って、すぐに威張（いば）る人（ひと）は嫌（きら）われる。,"Dù nói là bản thân có thể làm được, nhưng những người kiêu ngạo cũng sẽ ngay lập tức bị ghét.","""威 (""""uy"""" - quyền lực, sức mạnh) + 張 (""""trương"""" - căng ra, mở rộng) = thể hiện, phô trương sức mạnh hay quyền lực của mình.""",威張り屋（いばりや）: người hay kiêu ngạo、尊大（そんだい）: kiêu căng、高慢（こうまん）: ngạo mạn
怒鳴る,どなる,"hét lên, quát, gắt",shinkanzen,Động từ nhóm 5,「そんなに大声（おおごえ）で怒鳴（どな）らなくても聞（き）こえますよ」,Không cần phải hét to thế đâu tôi vẫn nghe anh nói rồi đó.,"""怒 (""""nộ"""" - giận dữ) + 鳴 (""""minh"""" - kêu, vang) = âm thanh lớn phát ra từ sự tức giận.""",怒鳴りつける（どなりつける）: quát mắng、怒鳴り声（どなりごえ）: tiếng quát、大声（おおごえ）: giọng to
暴れる,あばれる,"nổi giận, làm loạn, phá phách",shinkanzen,Động từ nhóm 2,弟（おとうと）は気（き）が短（みじか）く、子供（こども）のころはすぐに暴（あば）れて、よく物（もの）を壊（こわ）したものだ。,Em trai tôi nóng tính từ nhỏ đã dễ nổi giận hay phá hoại đồ đạc.,"""暴 (暴れる): gồm bộ """"nhật"""" (日) và các bộ phận khác - ban đầu mang ý nghĩa """"phơi ra dưới mặt trời"""", sau mở rộng thành """"bộc lộ sự hung dữ, mất kiểm soát"""".""",大暴れ（おおあばれ）: làm loạn lớn、暴力（ぼうりょく）: bạo lực、暴れん坊（あばれんぼう）: kẻ hung hăng
収入,しゅうにゅう,thu nhập,shinkanzen,Danh từ,彼は喫茶店を経営して収入を得ている。,Anh ấy thu nhập từ việc kinh doanh quán café.,"""収 = bộ miên/nobe (攵) + bộ thủ/te (又) mang nghĩa thu gom; 入 = bộ nhập/hairu (入) chỉ sự đi vào. Kết hợp lại thành """"sự đi vào, thu gom"""" - thu nhập.""",年収（ねんしゅう）: thu nhập hàng năm、月収（げっしゅう）: thu nhập hàng tháng、収入源（しゅうにゅうげん）: nguồn thu nhập
支出,ししゅつ,"chi phí, chi tiêu",shinkanzen,Danh từ,今年は支出が収入を上回って赤字になった。,Năm nay chi phí vượt quá thu nhập nên bị lỗ.,"""支 = bộ thủ/te (又) + bộ chi/sasaeru (支) chỉ sự hỗ trợ, chi trả; 出 = bộ sơn/yama (山) + bộ xuất/deru (凵) chỉ sự đi ra. Kết hợp lại thành """"sự chi trả, xuất ra"""" - chi phí.""",固定支出（こていししゅつ）: chi phí cố định、医療支出（いりょうししゅつ）: chi phí y tế、家計支出（かけいししゅつ）: chi tiêu gia đình
予算,よさん,"ngân sách, dự toán",shinkanzen,Danh từ,来年度の予算を立てる。,Xây dựng ngân sách cho năm tài chính tới.,"""予 = bộ dư/yo (予) chỉ sự dự đoán, chuẩn bị trước; 算 = bộ trúc/take (竹) + bộ toán/san (目) chỉ sự tính toán. Kết hợp lại thành """"dự tính số tiền"""" - ngân sách.""",予算案（よさんあん）: dự thảo ngân sách、予算オーバー（よさんオーバー）: vượt ngân sách、予算内（よさんない）: trong ngân sách
利益,りえき,"lợi nhuận, lợi ích",shinkanzen,Danh từ,企業が利益を追求するのは当然だ。,Doanh nghiệp mưu cầu lợi nhuận là điều đương nhiên.,"""利 = bộ hòa/nogi (禾) + bộ lợi/ri (刂) chỉ sự sắc bén, lợi; 益 = bộ đạo/mizu (皿) + bộ ích/eki (益) chỉ sự tăng, thêm. Kết hợp lại thành """"điều có lợi, tăng thêm"""" - lợi ích, lợi nhuận.""",純利益（じゅんりえき）: lợi nhuận ròng、営業利益（えいぎょうりえき）: lợi nhuận kinh doanh、共通利益（きょうつうりえき）: lợi ích chung
赤字,あかじ,"lỗ, thâm hụt",shinkanzen,Danh từ / Động từ する,今月は支出が多くて、家計は赤字｛だった/になった｝。,Tháng này nhà mình chi rất nhiều nên bị thâm hụt rồi.,"""赤 = bộ xích/aka (赤) chỉ màu đỏ; 字 = bộ tử/ko (子) + bộ miên/nobe (宀) chỉ chữ viết. Kết hợp lại thành """"chữ đỏ"""" - ám chỉ số tiền âm, thua lỗ.""",財政赤字（ざいせいあかじ）: thâm hụt ngân sách、赤字経営（あかじけいえい）: quản lý thua lỗ、赤字国債（あかじこくさい）: trái phiếu thâm hụt
経費,けいひ,"kinh phí, chi phí",shinkanzen,Danh từ / Động từ する,宣伝に経費をかけたので、売り上げが伸びた。,Dùng chi phí cho việc quảng cáo nên doanh thu đã tăng.,"""経 = bộ mịch/ito (糸) + bộ kính/kei (圣) chỉ sự quản lý, đi qua; 費 = bộ bối/zeni (貝) chỉ tiền + bộ phi/hi (弗) chỉ việc tiêu xài. Kết hợp lại thành """"quản lý việc chi tiêu tiền"""" - kinh phí.""",経費削減（けいひさくげん）: cắt giảm chi phí、必要経費（ひつようけいひ）: chi phí cần thiết、旅費交通費（りょひこうつうひ）: chi phí đi lại
勘定,かんじょう,"tính toán, thanh toán",shinkanzen,Danh từ / Động từ する,今月の支出をチェックしているのだが、何度やっても勘定が合わない。,"Tôi đang kiểm tra chi phí tháng này, nhưng tính mấy lần rồi mà vẫn không đúng.","""勘 = bộ lực/chikara (力) + bộ cam/kan (甚) chỉ sự cân nhắc, đánh giá; 定 = bộ tài/ie (宀) + bộ định/tei (正) chỉ sự ổn định, xác định. Kết hợp lại thành """"xác định chính xác"""" - tính toán.""","勘定書（かんじょうしょ）: hóa đơn、勘定済み（かんじょうずみ）: đã thanh toán、勘定に入れる（かんじょうにいれる）: tính đến, xem xét"
弁償,べんしょう,bồi thường,shinkanzen,Danh từ / Động từ する,隣の家の窓ガラスを割ってしまったので、修理代を弁償した。,Tôi lỡ làm vỡ kính cửa sổ nhà bên nên đã bồi thường tiền sửa chữa.,"""弁 = bộ tự/kotoba (辛) + bộ biện/ben (廾) chỉ sự nói, biện hộ; 償 = bộ nhân/hito (亻) + bộ thường/shou (賞) chỉ sự đền bù. Kết hợp lại thành """"đền bù bằng lời hoặc vật chất"""" - bồi thường.""",弁償責任（べんしょうせきにん）: trách nhiệm bồi thường、弁償金（べんしょうきん）: tiền bồi thường、無償弁償（むしょうべんしょう）: bồi thường miễn phí
請求,せいきゅう,"yêu cầu, đòi hỏi, tính tiền",shinkanzen,Danh từ / Động từ する,大学に資料を請求する。,Yêu cầu tài liệu từ trường đại học.,"""請 = bộ ngôn/koto (言) + bộ thỉnh/shi (青) chỉ sự yêu cầu, mời; 求 = bộ thủy/mizu (氵) + bộ cầu/kyu (求) chỉ sự mong muốn. Kết hợp lại thành """"dùng lời yêu cầu"""" - thỉnh cầu.""",請求書（せいきゅうしょ）: hóa đơn、代金請求（だいきんせいきゅう）: yêu cầu thanh toán、損害賠償請求（そんがいばいしょうせいきゅう）: yêu cầu bồi thường thiệt hại
景気,けいき,"tình hình kinh tế, cảnh khí",shinkanzen,Danh từ,景気が悪くなると、倒産する会社が増える。,"Khi tình hình kinh tế xấu đi, số công ty phá sản tăng lên.","""景 = bộ nhật/hi (日) + bộ kinh/kei (京) chỉ cảnh quan, nhìn; 気 = bộ khí/ki (气) chỉ khí, tinh thần. Kết hợp lại thành """"bầu không khí, cảnh tượng"""" - chỉ tình hình kinh tế.""",好景気（こうけいき）: kinh tế tốt、不景気（ふけいき）: suy thoái kinh tế、景気対策（けいきたいさく）: biện pháp đối phó với tình hình kinh tế
募金,ぼきん,"quyên góp, gây quỹ",shinkanzen,Danh từ / Động từ する,地震の被災者のために募金した。,Quyên góp tiền cho những nạn nhân động đất.,"""募 = bộ lực/chikara (力) + bộ mô/mo (莫) chỉ sự kêu gọi, tập hợp; 金 = bộ kim/kane (金) chỉ tiền, vàng. Kết hợp lại thành """"kêu gọi quyên góp tiền"""".""",募金活動（ぼきんかつどう）: hoạt động gây quỹ、共同募金（きょうどうぼきん）: quyên góp chung、街頭募金（がいとうぼきん）: quyên góp trên đường phố
募集,ぼしゅう,"tuyển dụng, chiêu mộ",shinkanzen,Danh từ / Động từ する,アルバイトを募集していたので、応募した。,Tôi ứng tuyển vào nơi đang tuyển nhân viên bán thời gian.,"""募 = bộ lực/chikara (力) + bộ mô/mo (莫) chỉ sự kêu gọi, tập hợp; 集 = bộ điểu/tori (隹) + bộ thụ/ki (木) chỉ sự tập hợp. Kết hợp lại thành """"kêu gọi tập hợp"""" - tuyển mộ.""",学生募集（がくせいぼしゅう）: tuyển sinh、求人募集（きゅうじんぼしゅう）: tuyển dụng nhân sự、会員募集（かいいんぼしゅう）: chiêu mộ hội viên
価値,かち,giá trị,shinkanzen,Danh từ,情報は新しいほど価値がない。,Thông tin càng mới càng có giá trị.,"""価 = bộ nhân/hito (亻) + bộ giá/ka (覀) chỉ giá cả; 値 = bộ nhân/hito (亻) + bộ trực/chi (直) chỉ giá trị. Kết hợp lại thành """"giá trị vật chất và tinh thần"""".""",価値観（かちかん）: quan điểm giá trị、市場価値（しじょうかち）: giá trị thị trường、文化的価値（ぶんかてきかち）: giá trị văn hóa
駐車,ちゅうしゃ,"đỗ xe, đậu xe",shinkanzen,Danh từ / Động từ する,日曜日の都心は駐車することがない。,Vào ngày chủ nhật ở trung tâm thành phố không thể đậu xe.,"""駐 = bộ mã/uma (馬) chỉ động vật kéo xe + bộ trú/tomaru (主) với ý nghĩa """"lưu lại""""; 車 = hình ảnh chiếc xe. Kết hợp lại thành """"xe dừng lại, đỗ lại"""".""",駐車場（ちゅうしゃじょう）: bãi đỗ xe、駐車禁止（ちゅうしゃきんし）: cấm đỗ xe、無断駐車（むだんちゅうしゃ）: đỗ xe trái phép
違反,いはん,vi phạm,shinkanzen,Danh từ / Động từ する,規則に違反する。,Vi phạm quy tắc.,"""違 = bộ thược/shin (辶) chỉ sự di chuyển + bộ vi/yui (韋) chỉ sự khác biệt; 反 = bộ phản/han (反) chỉ sự đảo ngược. Kết hợp lại thành """"đi ngược lại, vi phạm"""".""",交通違反（こうつういはん）: vi phạm giao thông、法律違反（ほうりついはん）: vi phạm pháp luật、駐車違反（ちゅうしゃいはん）: vi phạm đỗ xe
平日,へいじつ,"ngày thường, ngày trong tuần",shinkanzen,Danh từ,あの店は、平日は9時まで営業している。,Cửa hàng đó ngày thường kinh doanh đến 9 giờ.,"""平 = bộ phẳng, bình (平) chỉ sự bình thường; 日 = mặt trời, ngày. Kết hợp lại thành """"ngày bình thường"""" - không phải ngày đặc biệt hay ngày nghỉ.""",平日割引（へいじつわりびき）: giảm giá ngày thường、平日営業（へいじつえいぎょう）: kinh doanh ngày thường
日付,ひづけ,ngày tháng,shinkanzen,Danh từ,日付を書く。,Viết ngày tháng.,"""日: mặt trời, ngày; 付 = bộ nhân/hito (人) + bộ phó/tsukeru (寸) với ý nghĩa """"đính kèm, gắn vào"""". Kết hợp lại thành """"ngày tháng được gắn vào"""" (văn bản).""",日付印（ひづけいん）: con dấu ngày tháng、日付変更線（ひづけへんこうせん）: đường đổi ngày quốc tế、日付順（ひづけじゅん）: theo thứ tự ngày tháng
日中,にっちゅう,ban ngày,shinkanzen,Danh từ,昨晩は冷え込むが、日中は穏やかな天気が続いている。,Buổi tối thì trời se lạnh lại nhưng ban ngày thì thời tiết nắng ấm kéo dài.,"""日: mặt trời, ngày; 中: ở giữa, bên trong. Kết hợp lại thành """"khoảng thời gian có ánh sáng mặt trời"""" - ban ngày.""",日中活動（にっちゅうかつどう）: hoạt động ban ngày、日中勤務（にっちゅうきんむ）: làm việc ca ngày
日程,にってい,"lịch trình, kế hoạch",shinkanzen,Danh từ,急な用事で、旅行の日程を変えた。,Vì có công việc khẩn nên đã thay đổi lịch trình du lịch.,"""日: mặt trời, ngày; 程 = bộ hòa/ho (禾) + bộ trình/tei (呈) chỉ sự trình bày, trình tự. Kết hợp lại thành """"trình tự các ngày"""" - lịch trình.""",日程表（にっていひょう）: bảng lịch trình、日程調整（にっていちょうせい）: điều chỉnh lịch trình、会議日程（かいぎにってい）: lịch họp
日帰り,ひがえり,đi về trong ngày,shinkanzen,Danh từ,日光は東京から日帰りで行けます。,Từ Tokyo đến Nikkou có thể đi trong ngày.,"""日: mặt trời, ngày; 帰 = bộ phản/ki (归) + bộ quy/kaeru (帚) với ý nghĩa """"trở về""""; り: hậu tố danh từ hóa. Kết hợp lại thành """"sự trở về trong cùng một ngày"""".""",日帰り旅行（ひがえりりょこう）: du lịch trong ngày、日帰り温泉（ひがえりおんせん）: tắm suối nước nóng trong ngày、日帰り出張（ひがえりしゅっちょう）: công tác trong ngày
順序,じゅんじょ,thứ tự,shinkanzen,Danh từ,子供たちが教室に順序よく並んで入っていく。,Bọn trẻ xếp hàng ngay ngắn lần lượt theo thứ tự vào lớp.,"""順 = bộ thủ/kaha (川 hoặc 氵) + bộ thuận/jun (頁) chỉ sự thuận lợi; 序 = bộ hộ/oki (广) + bộ dư/yo (予) chỉ trình tự. Kết hợp lại thành """"trình tự thuận lợi"""".""",順序よく（じゅんじょよく）: theo thứ tự ngay ngắn、実行順序（じっこうじゅんじょ）: thứ tự thực hiện、手順（てじゅん）: quy trình
時期,じき,"thời kỳ, thời điểm",shinkanzen,Danh từ,3月から4月は、うちの会社にとって忙しい時期だ。,Từ tháng 3 đến tháng 4 được xem là thời kì bận rộn của công ty tôi.,"""時 = bộ nhật/hi (日) chỉ mặt trời + bộ thời/toki (寺) chỉ thời gian; 期 = bộ nguyệt/tsuki (月) chỉ thời gian + bộ kỳ/ki (其) chỉ sự mong đợi. Kết hợp thành """"giai đoạn thời gian xác định"""".""",適時期（てきじき）: thời điểm thích hợp、農繁期（のうはんき）: mùa vụ bận rộn、収穫時期（しゅうかくじき）: mùa thu hoạch
現在,げんざい,hiện tại,shinkanzen,Danh từ,駅前は昔は畑だったが、現在は大きなショッピングセンターになっている。,Ngày xưa trước nhà ga là một cánh đồng nhưng giờ nó đã trở thành một trung tâm mua sắm lớn.,"""現 = bộ ngọc/tama (玉) + bộ kiến/ken (見) chỉ sự xuất hiện, hiển hiện; 在 = bộ thổ/tsuchi (土) + bộ tại/zai (才) chỉ sự tồn tại. Kết hợp thành """"đang hiện hữu, tồn tại"""".""",現在時刻（げんざいじこく）: thời gian hiện tại、現在地（げんざいち）: vị trí hiện tại、現在形（げんざいけい）: thì hiện tại
臨時,りんじ,"tạm thời, đột xuất",shinkanzen,Danh từ,急病人が出たため、列車は臨時にこの駅に停車した。,Để đưa người ốm ra nên tàu hỏa đã tạm dừng tại nhà ga này.,"""臨 = bộ đại (大) + bộ chí (臣) + bộ chẩn/ura (品) chỉ sự tiếp cận; 時 = bộ nhật/hi (日) + bộ thời/toki (寺) chỉ thời gian. Kết hợp thành """"đến gần thời gian"""" - tạm thời, nhất thời.""",臨時休業（りんじきゅうぎょう）: tạm ngừng kinh doanh、臨時収入（りんじしゅうにゅう）: thu nhập đột xuất、臨時列車（りんじれっしゃ）: tàu chạy đột xuất
費用,ひよう,"chi phí, phí tổn",shinkanzen,Danh từ,旅行の費用をためる。,Dành tiền cho chi phí du lịch.,"""費 = bộ bối/zeni (貝) chỉ tiền + bộ phi/tsu (弗) chỉ việc mất đi; 用 = bộ dụng/you (用) chỉ việc sử dụng. Kết hợp lại thành """"tiền được sử dụng"""" - chi phí.""",交通費（こうつうひ）: chi phí đi lại、生活費（せいかつひ）: chi phí sinh hoạt、医療費（いりょうひ）: chi phí y tế
定価,ていか,"giá cố định, giá niêm yết",shinkanzen,Danh từ,本はどこでも定価で売られている。,Sách thì ở đâu cũng bán với giá cố định.,"""定 = bộ tài/ie (宀) chỉ mái nhà + bộ định/tei (正) chỉ sự chính xác, cố định; 価 = bộ nhân/hito (亻) + bộ giá/ka (覀) chỉ giá trị. Kết hợp lại thành """"giá trị được cố định"""".""",定価販売（ていかはんばい）: bán theo giá niêm yết、定価表示（ていかひょうじ）: hiển thị giá niêm yết、定価以下（ていかいか）: dưới giá niêm yết
割引,わりびき,giảm giá,shinkanzen,Danh từ / Động từ する,まとめて買うから、少し割引してください。,Mua nhiều thứ cùng lúc nên hãy giảm giá chút đi.,"""割 = bộ đao/dao (刂) chỉ việc cắt + bộ cát/wari (害) chỉ sự phân chia; 引 = bộ cung/yumi (弓) + bộ dẫn/hiku (丨) chỉ sự kéo, hạ xuống. Kết hợp lại thành """"cắt giảm, kéo xuống"""" - giảm giá.""",学生割引（がくせいわりびき）: giảm giá cho học sinh sinh viên、早期割引（そうきわりびき）: giảm giá đặt sớm、団体割引（だんたいわりびき）: giảm giá cho đoàn
おまけ,おまけ,"quà khuyến mại, của tặng kèm",shinkanzen,Danh từ,4個550円のリンゴを、おまけしてもらって500円で買った。,4 quả là 550 yên nhưng có kèm quà giảm giá nên bớt còn 500 yên.,"""Từ này thường được viết bằng hiragana, nhưng đôi khi có thể viết là 御負け, trong đó 御 (お) là kính ngữ và 負け (まけ) nghĩa là """"thua, giảm"""".""","おまけつき: có quà tặng kèm、おまけコーナー: góc quà tặng kèm、おまけ話（ばなし）: chuyện phiếm, chuyện thêm"
無料,むりょう,miễn phí,shinkanzen,Danh từ,ただいま、無料で試供品をさし上げておりましょう。,Đang miễn phí nên tặng sản phẩm mẫu.,"""無 = bộ hỏa/hi (火) + cấu trúc biểu thị sự không tồn tại; 料 = bộ mi/mễ (米) chỉ gạo + bộ đao/dao (斗) chỉ đơn vị đo lường. Kết hợp lại thành """"không tốn phí"""".""",無料体験（むりょうたいけん）: trải nghiệm miễn phí、無料配布（むりょうはいふ）: phát miễn phí、無料サービス（むりょうサービス）: dịch vụ miễn phí
現金,げんきん,tiền mặt,shinkanzen,Danh từ,彼は新車を買って、何と現金で支払ったそうだ。,Nghe nói anh ấy mua xe mới bằng tiền mặt.,"""現 = bộ ngọc/tama (玉) + bộ kiến/ken (見) chỉ sự xuất hiện, hiển hiện; 金 = bộ kim/kane (金) chỉ tiền, vàng. Kết hợp lại thành """"tiền hiện hữu"""" - tiền mặt.""",現金払い（げんきんばらい）: thanh toán bằng tiền mặt、現金自動支払機（げんきんじどうしはらいき）: máy rút tiền tự động ATM、現金書留（げんきんかきとめ）: thư bảo đảm có tiền mặt
"""合計""",ごうけい,tổng cộng,shinkanzen,Danh từ / Động từ する,"東京23区の面接を合計すると、2,187km2になる。","Tổng diện tích của 23 vùng ở Tokyo là 2,187km2.","""合 = bộ hợp/go (合) chỉ sự kết hợp; 計 = bộ ngôn/gen (言) + bộ thập/juu (十) chỉ sự tính toán. Kết hợp lại thành """"kết hợp để tính toán"""" - tổng cộng.""",合計金額（ごうけいきんがく）: tổng số tiền、合計点（ごうけいてん）: tổng điểm、合計時間（ごうけいじかん）: tổng thời gian
努める,つとめる,"nỗ lực, cố gắng",shinkanzen,Động từ nhóm 2,できるかぎり問題の解決に努めたい。,Nỗ lực để giải quyết vấn đề.,"努 - chứa bộ lực (力) phía trên và chữ nô/đầy tớ (奴) phía dưới, thể hiện ý nghĩa dùng sức mạnh và nỗ lực làm việc.",努力（どりょく）: sự nỗ lực、努力家（どりょくか）: người chăm chỉ、勉強に努める（べんきょうにつとめる）: cố gắng học tập
運,うん,"vận số, vận mệnh, may mắn",shinkanzen,Danh từ,中村（なかむら）さんは3回（かい）続（つづ）けて宝（たから）くじに当（あ）たったそうだ。なんて運（うん）のいい人（ひと）だろう。,Nghe nói anh Nakamura trúng vé số 3 lần liên tiếp đấy. Người gì mà số đỏ thế.,"運 gồm bộ thủy (氵) bên trái biểu thị dòng chảy và phần (軍) biểu thị sự vận động, di chuyển. Kết hợp lại ám chỉ dòng chảy của vận mệnh.",幸運（こううん）: vận may、不運（ふうん）: xui xẻo、運命（うんめい）: vận mệnh
勘,かん,"trực giác, linh cảm, khả năng phán đoán",shinkanzen,Danh từ,母（はは）は勘（かん）が良（よ）くて、嘘（うそ）をついてもすぐばれてしまう。,"Mẹ linh cảm rất tốt, nói dối là bị mẹ phát hiện ngay.","""勘 gồm bộ thủ """"甚"""" (rất) và """"力"""" (lực, sức mạnh) - ý chỉ sức mạnh rất lớn của trực giác không dựa vào lý trí.""",勘違い（かんちがい）: hiểu nhầm、直感（ちょっかん）: trực giác、勘定（かんじょう）: tính toán
感覚,かんかく,"cảm giác, tri giác, nhận thức",shinkanzen,Danh từ,冷（ひ）えて、手足（てあし）の感覚（かんかく）がなくなってしまった。,Do trời lạnh nên tay chân mất luôn cảm giác.,"感 (cảm xúc, cảm giác) + 覚 (thức, giác ngộ) = sự nhận biết thông qua giác quan.",色彩感覚（しきさいかんかく）: cảm nhận màu sắc、バランス感覚（バランスかんかく）: cảm giác cân bằng、金銭感覚（きんせんかんかく）: cảm nhận về tiền bạc
神経,しんけい,"thần kinh, dây thần kinh, sự nhạy cảm",shinkanzen,Danh từ,虫歯（むしば）が痛（いた）いので神経（しんけい）を抜（ぬ）いた。,Răng sâu đau nên phải lấy tủy răng.,"神 (thần) + 経 (kinh, đường đi) = hệ thống dây dẫn thông tin trong cơ thể, giống như những sứ giả của các vị thần truyền tin.",運動神経（うんどうしんけい）: thần kinh vận động、自律神経（じりつしんけい）: thần kinh tự chủ、神経質（しんけいしつ）: tính nhạy cảm
記憶,きおく,"ký ức, trí nhớ, sự ghi nhớ",shinkanzen,Danh từ / Động từ する,その時（とき）のことは全（まった）く記憶（きおく）にない。,Mọi thứ ở thời điểm đó tôi không còn nhớ gì.,"記 (ghi chép, ghi lại) + 憶 (nhớ, nghĩ) = sự lưu trữ thông tin trong tâm trí.",記憶力（きおくりょく）: khả năng ghi nhớ、記憶喪失（きおくそうしつ）: mất trí nhớ、短期記憶（たんききおく）: trí nhớ ngắn hạn
様子,ようす,"tình trạng, trạng thái, diện mạo, vẻ ngoài",shinkanzen,Danh từ,手術（しゅじゅつ）を受（う）けた母（はは）のことが心配（しんぱい）で、何度（なんど）も様子（ようす）を見（み）に行（い）った。,"Vì lo lắng về ca phẫu thuật của mẹ, nhiều lần tôi đến xem tình trạng mẹ.","様 (dáng, vẻ, kiểu) + 子 (con, tử) = biểu hiện bên ngoài, trạng thái có thể quan sát được.",様子見（ようすみ）: quan sát tình hình、様子がおかしい（ようすがおかしい）: có điều gì đó bất thường、様子が変（ようすがか）わる: tình hình thay đổi
雰囲気,ふんいき,"bầu không khí, không khí, tâm trạng chung",shinkanzen,Danh từ,この店（みせ）は雰囲気（ふんいき）がいい。,Bầu không khí quán này rất tốt.,"雰 (mù mịt, phần tử) + 囲 (bao quanh, vây quanh) + 気 (khí) = cảm giác không khí bao quanh tạo ra môi trường đặc trưng.",知的雰囲気（ちてきふんいき）: không khí tri thức、芸術的雰囲気（げいじゅつてきふんいき）: không khí nghệ thuật、家庭的雰囲気（かていてきふんいき）: không khí gia đình
魅力,みりょく,"sự quyến rũ, sức hút, nét quyến rũ",shinkanzen,Danh từ,始（はじ）めて歌舞伎（かぶき）を見（み）て、その魅力（みりょく）に引（ひ）かれた。,"Lần đầu xem kịch Kabuki, tôi đã bị cuốn hút vào nó.","魅 (mê hoặc, quyến rũ) + 力 (lực, sức mạnh) = sức mạnh khiến người khác bị thu hút, không thể cưỡng lại.","魅力的（みりょくてき）: quyến rũ, hấp dẫn、個人的魅力（こじんてきみりょく）: sức hút cá nhân、魅力ある（みりょくある）: có sức hút"
機嫌,きげん,"tâm trạng, tâm tính, sức khỏe",shinkanzen,Danh từ,父（ちち）は機嫌（きげん）が悪（わる）いらしく、何（なに）を聞（き）いても返事（へんじ）もしない。,"Tâm trạng bố có vẻ không tốt, hỏi gì cũng không trả lời cả.","機 (máy móc, cơ hội) + 嫌 (ghét, không thích) = trạng thái cảm xúc có thể thay đổi giống như máy móc.",ご機嫌（ごきげん）: tâm trạng (lịch sự)、機嫌直し（きげんなおし）: làm vui lòng、上機嫌（じょうきげん）: tâm trạng vui vẻ
関心,かんしん,"quan tâm, sự chú ý, mối quan tâm",shinkanzen,Danh từ,私（わたし）はスポーツにはあまり関心（かんしん）がない。,Tôi không mấy quan tâm đến thể thao.,"関 (liên quan, quan hệ) + 心 (tâm, trái tim) = trạng thái tâm trí tập trung vào một chủ đề, vấn đề.",関心事（かんしんじ）: điều quan tâm、高い関心（たかいかんしん）: sự quan tâm cao độ、関心度（かんしんど）: mức độ quan tâm
意欲,いよく,"ý muốn, mong muốn, khát khao",shinkanzen,Danh từ,働（はたら）く意欲（いよく）はあるのだが、仕事（しごと）が見（み）つからない。,Tôi có ý định làm việc nhưng chưa tìm được việc.,"意 (ý, ý định, ý nghĩa) + 欲 (muốn, khát khao) = nguyện vọng mạnh mẽ từ trong ý thức.","学習意欲（がくしゅういよく）: ý muốn học tập、創作意欲（そうさくいよく）: ý muốn sáng tạo、意欲的（いよくてき）: nhiệt tình, đầy khát vọng"
全力,ぜんりょく,"toàn lực, hết sức, nỗ lực tối đa",shinkanzen,Danh từ,ボールを全力（ぜんりょく）で投（な）げた。,Dồn toàn lực ném bóng.,"全 (toàn bộ, tất cả) + 力 (lực, sức mạnh) = sử dụng toàn bộ sức mạnh có được, không giữ lại chút nào.",全力投球（ぜんりょくとうきゅう）: ném hết sức、全力疾走（ぜんりょくしっそう）: chạy hết tốc lực、全力投入（ぜんりょくとうにゅう）: đầu tư toàn lực
本気,ほんき,"nghiêm túc, chân thành, thật lòng",shinkanzen,Danh từ,あの学生（がくせい）はやっと本気（ほんき）になって勉強（べんきょう）し始（はじ）めた。,Cuối cùng thì học sinh đó cũng chịu học hành nghiêm túc.,"本 (gốc, thật) + 気 (khí, tinh thần) = tâm trạng thật, không giả vờ, thể hiện bản chất thực sự.",本気度（ほんきど）: mức độ nghiêm túc、本気モード（ほんきモード）: chế độ nghiêm túc、本気顔（ほんきがお）: vẻ mặt nghiêm túc
意識,いしき,"ý thức, tri giác, sự nhận thức",shinkanzen,Danh từ / Động từ する,頭（あたま）を打（う）って意識（いしき）を失（うしな）った。,Đánh vào đầu và mất hết ý thức.,"意 (ý) - suy nghĩ, tâm trí; 識 (thức) - biết, kiến thức, nhận ra. Kết hợp lại chỉ sự tỉnh táo và nhận thức.","意識不明（いしきふめい）: bất tỉnh, 自己意識（じこいしき）: ý thức bản thân, 問題意識（もんだいいしき）: ý thức về vấn đề"
感激,かんげき,"cảm kích, xúc động, biết ơn sâu sắc",shinkanzen,Danh từ / Động từ する,めったに人（ひと）を褒（ほ）めない教授（きょうじゅ）に褒（ほ）められて、感激（かんげき）した。,Ít khi giáo sư khen ai nhưng tôi lại được ông khen thấy cảm kích.,"感 (cảm) - cảm giác, cảm xúc; 激 (kích) - mạnh mẽ, kích thích. Kết hợp lại chỉ cảm xúc mạnh mẽ, xúc động sâu sắc.","感激涙（かんげきなみだ）: nước mắt xúc động, 感激状（かんげきじょう）: thư cảm ơn, 感激的（かんげきてき）: đầy xúc động"
同情,どうじょう,"đồng tình, cảm thông, lòng thương hại, lòng trắc ẩn",shinkanzen,Danh từ / Động từ する,苦（くる）しんでいる人々（ひとびと）に同情（どうじょう）する。,Đồng cảm với những người sống cực khổ.,"同 (đồng) - cùng, giống nhau; 情 (tình) - tình cảm, cảm xúc. Kết hợp lại chỉ việc chia sẻ cảm xúc, đồng cảm với người khác.","同情的（どうじょうてき）: có tính đồng cảm, 同情心（どうじょうしん）: lòng trắc ẩn, 同情票（どうじょうひょう）: phiếu bầu từ lòng thương hại"
同意,どうい,"đồng ý, tán thành, sự nhất trí",shinkanzen,Danh từ / Động từ する,大勢（おおぜい）の人（ひと）が私（わたし）の意見（いけん）に同意（どうい）してくれた。,Rất nhiều người đã đồng ý với ý kiến của tôi.,"同 (đồng) - cùng, giống nhau; 意 (ý) - ý kiến, suy nghĩ. Kết hợp lại chỉ sự đồng tình, cùng chung một quan điểm.","同意書（どういしょ）: giấy đồng ý, 同意語（どういご）: từ đồng nghĩa, 事前同意（じぜんどうい）: sự đồng ý trước"
同感,どうかん,"đồng cảm, cảm nhận giống nhau",shinkanzen,Danh từ / Động từ する,中山（なかやま）さんの話（はなし）に私（わたし）も同感（どうかん）した。,Tôi đồng cảm với câu chuyện của anh Nakayama.,"同 (đồng) - cùng, giống nhau; 感 (cảm) - cảm giác, cảm xúc. Kết hợp lại chỉ việc có cùng cảm giác, đồng tình với quan điểm người khác.","同感者（どうかんしゃ）: người đồng cảm, 同感度（どうかんど）: mức độ đồng cảm, 同感性（どうかんせい）: tính đồng cảm"
対立,たいりつ,"đối lập, đối đầu, mâu thuẫn",shinkanzen,Danh từ / Động từ する,国会（こっかい）は与党（よとう）と野党（やとう）の対立（たいりつ）が激（はげ）しくなった。,"Tại quốc hội, đảng cầm quyền và đảng phản đối chống đối nhau gay gắt.","対 (đối) - đối diện, đối lập; 立 (lập) - đứng. Kết hợp lại hình ảnh hai bên đứng đối diện nhau, thể hiện sự đối lập, mâu thuẫn.","対立軸（たいりつじく）: trục đối lập, 対立候補（たいりつこうほ）: ứng cử viên đối lập, 対立関係（たいりつかんけい）: mối quan hệ đối đầu"
主張,しゅちょう,"chủ trương, lập trường, sự khẳng định",shinkanzen,Danh từ / Động từ する,会社（かいしゃ）側（がわ）に労働（ろうどう）者（しゃ）の権利（けんり）を主張（しゅちょう）する。,Phía công ty chủ trương bảo vệ quyền lợi cho người lao động.,"主 (chủ) - chính, chủ; 張 (trương) - mở rộng, căng ra. Kết hợp lại chỉ việc đưa ra, bày tỏ ý kiến, quan điểm chính của mình.","自己主張（じこしゅちょう）: khẳng định bản thân, 主張点（しゅちょうてん）: điểm chính trong lập luận, 権利主張（けんりしゅちょう）: đòi quyền lợi"
要求,ようきゅう,"yêu cầu, đòi hỏi, nhu cầu",shinkanzen,Danh từ / Động từ する,労働組合（ろうどうくみあい）が会社（かいしゃ）に賃金（ちんぎん）の値上（ねあ）げを要求（ようきゅう）した。,Tổ chức lao động đã yêu cầu công ty tăng lương.,"要 (yếu) - cần thiết, quan trọng; 求 (cầu) - tìm kiếm, yêu cầu. Kết hợp lại chỉ việc đòi hỏi, yêu cầu điều gì đó quan trọng.","要求書（ようきゅうしょ）: đơn yêu cầu, 要求水準（ようきゅうすいじゅん）: mức độ yêu cầu, 過大要求（かだいようきゅう）: đòi hỏi quá đáng"
得,とく,"lợi ích, lãi, điều có lợi",shinkanzen,Danh từ / Tính từ trạng thái (~だ),株（かぶ）を買（か）ったらすぐに値上（ねあ）がりして得（とく）をした。,Mua cổ phiếu và ngay lập tức lên giá nên đã lời.,"""得 (đắc) - bao gồm 寸 (tấc) và bộ 貝 (bối - tiền). Nghĩa gốc là """"đạt được"""", từ đó mở rộng ra """"lợi ích, điều có lợi"""".""","お買い得（おかいどく）: hời, đáng mua, 得点（とくてん）: điểm số, 得意（とくい）: sở trường"
損,そん,"lỗ, tổn thất, thiệt hại",shinkanzen,Danh từ / Tính từ trạng thái (~だ),株（かぶ）が上（あ）がって損（そん）をした。,Cổ phiếu hạ nên lỗ.,"""損 (tổn) - gồm bộ 扌(thủ - tay) và 員 (viên - người/số lượng). Nghĩa gốc là """"làm giảm đi, mất mát"""" dẫn đến ý nghĩa """"tổn thất, thiệt hại"""".""","大損（おおぞん）: tổn thất lớn, 損得（そんとく）: lợi hại, 損害（そんがい）: thiệt hại"
勝負,しょうぶ,"thắng phụ, đánh cược, quyết đấu",shinkanzen,Danh từ / Động từ する,どちらがテストでいい点（てん）を取（と）るか、友達（ともだち）と勝負（しょうぶ）をした。,Tôi cược với bạn ai sẽ là người có điểm kiểm tra cao hơn.,"勝 (thắng) - chiến thắng; 負 (phụ) - thua, gánh vác. Kết hợp lại chỉ cuộc đấu có thắng có thua, quyết định thắng bại.","真剣勝負（しんけんしょうぶ）: cuộc đấu nghiêm túc, 勝負事（しょうぶごと）: trò cá cược, 勝負師（しょうぶし）: người chuyên đánh bạc"
勢い,いきおい,"thế, sự mạnh mẽ, khí thế, đà",shinkanzen,Danh từ,選手（せんしゅ）たちはすごい勢（いきお）いで私（わたし）の前（まえ）を走（はし）りすぎて行（い）った。,Những tuyển thủ với khí thế hùng hồn chạy trước tôi.,"勢 (thế) - sức mạnh, thế lực. Kanji này kết hợp bộ 力 (lực) và các thành phần khác, diễn tả sức mạnh, động lực tiến về phía trước.","勢いよく（いきおいよく）: mạnh mẽ, 勢い込む（いきおいこむ）: hăng hái, 勢い付く（いきおいづく）: lấy đà"
爆発,ばくはつ,"bộc phát, nổ, bùng nổ",shinkanzen,Danh từ / Động từ する,ガスタンクが爆発（ばくはつ）して大（おお）きな被害（ひがい）が出（で）た。,Nổ bình ga gây thiệt hại lớn.,"爆 (bộc) - nổ tung, gồm bộ 火 (hỏa - lửa); 発 (phát) - phát ra. Kết hợp lại chỉ sự phát ra năng lượng đột ngột, mạnh mẽ.","爆発物（ばくはつぶつ）: chất nổ, 爆発的（ばくはつてき）: có tính bùng nổ, 核爆発（かくばくはつ）: nổ hạt nhân"
災害,さいがい,"tai hại, thảm họa (thiên nhiên)",shinkanzen,Danh từ,地震（じしん）や火事（かじ）などの災害（さいがい）に会（あ）ったときのために、保険（ほけん）に入（はい）っておこう。,Để dành những lúc tại họa như đông đất hay cháy hãy tham gia bảo hiểm.,"災 (tai) - tai họa, có bộ 火 (hỏa - lửa); 害 (hại) - tổn hại. Kết hợp lại chỉ sự kiện gây tổn hại nghiêm trọng cho con người.","自然災害（しぜんさいがい）: thảm họa tự nhiên, 防災（ぼうさい）: phòng chống thiên tai, 災害地（さいがいち）: khu vực bị thiên tai"
天候,てんこう,"thiên hậu, thời tiết",shinkanzen,Danh từ,今日（きょう）の運動会（うんどうかい）は天候（てんこう）にも恵（めぐ）まれて、とてもいいものだった。,Thời tiết hôm nay thuận hòa rất tốt cho thể thao.,"天 (thiên) - trời, bầu trời; 候 (hậu) - chờ đợi, điều kiện. Kết hợp lại chỉ điều kiện, trạng thái của bầu trời và thời tiết.","悪天候（あくてんこう）: thời tiết xấu, 天候不順（てんこうふじゅん）: thời tiết không thuận lợi, 天候条件（てんこうじょうけん）: điều kiện thời tiết"
乾燥,かんそう,"can táo, sự khô khan, khô hạn",shinkanzen,Danh từ / Động từ する,"""草（くさ）を乾燥（かんそう）させて家畜（かちく）のえさにする。""",Làm khô cỏ rồi làm thức ăn cho gia súc.,"乾 (can) - khô ráo; 燥 (táo) - khô hanh, có bộ 火 (hỏa - lửa). Kết hợp lại chỉ trạng thái không có nước, khô ráo hoàn toàn.","乾燥機（かんそうき）: máy sấy khô, 乾燥剤（かんそうざい）: chất hút ẩm, 乾燥肌（かんそうはだ）: da khô"
頑固,がんこ,"ngoan cố, bảo thủ, cố chấp",shinkanzen,Tính từ な,妹（いもうと）は頑固（がんこ）で、一度（いちど）言（い）い出（だ）したら後（あと）へ引（ひ）かない。,"Em trai tôi rất cứng đầu, một lần đã nói ra thì sẽ không rút lại.","頑 (ngoan) - cứng đầu, bướng bỉnh; 固 (cố) - cứng, chắc. Kết hợp lại tạo thành ý nghĩa: người có tính cách cứng nhắc, không dễ thay đổi.","頑固さ（がんこさ）: tính cứng đầu, 頑固者（がんこもの）: người cứng đầu, 頑固一徹（がんこいってつ）: cứng đầu không lay chuyển"
過剰,かじょう,"quá thặng dư thừa, vượt quá, quá mức",shinkanzen,Danh từ / Tính từ な,塩分（えんぶん）を過剰（かじょう）に取（と）ると体（からだ）に悪（わる）い。,Nếu tăng quá lượng muối sẽ ảnh hưởng xấu đến cơ thể.,"過 (quá) - vượt qua, quá; 剰 (thặng) - thừa, dư thừa. Kết hợp lại có nghĩa là trạng thái vượt quá mức cần thiết hoặc thông thường.","自信過剰（じしんかじょう）: quá tự tin, 過剰摂取（かじょうせっしゅ）: tiêu thụ quá mức, 過剰反応（かじょうはんのう）: phản ứng thái quá"
重大,じゅうだい,"trọng đại, nghiêm trọng, quan trọng",shinkanzen,Tính từ な / Danh từ,政治（せいじ）の混乱（こんらん）を招（まね）いた首相（しゅしょう）の責任（せきにん）は重大（じゅうだい）だ。,Trách nhiệm của thủ tướng gây ra hỗn loạn chính trị là rất nghiêm trọng.,"""重 (trọng) - nặng, quan trọng; 大 (đại) - lớn. Hai chữ này kết hợp tạo nên nghĩa """"vấn đề lớn và nặng nề"""", tức là nghiêm trọng.""","重大事件（じゅうだいじけん）: sự việc nghiêm trọng, 重大発表（じゅうだいはっぴょう）: thông báo quan trọng, 重大視（じゅうだいし）: coi là quan trọng"
深刻,しんこく,"thâm khắc, nghiêm trọng",shinkanzen,Tính từ な / Danh từ,猛暑（もうしょ）によって深刻（しんこく）な水（すい）不足（ぶそく）が起（お）きた。,Nóng bức gây ra mùa hè thiếu nước nghiêm trọng.,"深 (thâm) - sâu; 刻 (khắc) - khắc, chạm. Kết hợp lại có nghĩa là vấn đề đã ăn sâu, khắc sâu và không dễ giải quyết.","深刻化（しんこくか）: trở nên nghiêm trọng, 深刻さ（しんこくさ）: tính nghiêm trọng, 深刻事態（しんこくじたい）: tình trạng nghiêm trọng"
気楽,きらく,"khí lạc/nhạc, thoải mái, nhàn hạ",shinkanzen,Tính từ な,寮（りょう）に住（す）むより一人（ひとり）暮（ぐ）らしの方（ほう）が、お金（かね）はかかるが気楽（きらく）でいい。,Sống một mình thì tốn tiền hơn ở kí túc nhưng lại thoải mái hơn.,"気 (khí) - tâm trạng, tinh thần; 楽 (lạc) - vui vẻ, dễ dàng. Kết hợp lại tạo thành ý nghĩa: trạng thái tinh thần thoải mái, không căng thẳng.","気楽さ（きらくさ）: sự thoải mái, 気楽者（きらくもの）: người sống thoải mái, 気楽暮らし（きらくぐらし）: cuộc sống thoải mái"
安易,あんい,"an dị/dịch, dễ dàng, đơn giản",shinkanzen,Tính từ な,今（いま）だけ楽（たの）しければいいというのは安易（あんい）な考（かんが）え方（かた）だ。,Chỉ cần bây giờ vui là tốt thì đó là suy nghĩ quá đơn giản.,"""安 (an) - yên ổn, dễ dàng; 易 (dị) - dễ, đơn giản. Kết hợp lại thành ý """"quá dễ dàng"""" nhưng thường mang hàm ý tiêu cực về tư duy đơn giản, hời hợt.""","安易さ（あんいさ）: sự đơn giản, 安易主義（あんいしゅぎ）: chủ nghĩa dễ dãi, 安易志向（あんいしこう）: xu hướng đơn giản hóa"
辛い,からい,"đau đớn, khổ sở, khó khăn, cay đắng",shinkanzen,Tính từ đuôi い,子供（こども）はつらい経験（けいけん）を乗（の）り越（こ）えて成長（せいちょう）する。,Những đứa trẻ sau khi trải qua những kinh nghiệm xương máu sẽ trưởng thành.,"辛 (tân) - nghĩa gốc là cay, đau đớn, khổ sở. Hình ảnh của người đang chịu đựng gian khổ (tượng hình người đứng dưới vật nặng).","辛苦（しんく）: vất vả, khổ nhọc、辛口（からくち）: cay, nặng lời、辛抱（しんぼう）: kiên nhẫn, chịu đựng"
きつい,きつい,"chặt chẽ, chật chội, hà khắc, vất vả, nghiêm khắc",shinkanzen,Tính từ đuôi い,太（ふと）ってしまってズボンがきつくなった。,Mập lên nên quần bị chật.,"Không có kanji, từ này được viết hoàn toàn bằng hiragana.",きつめ: hơi chặt、きつく: một cách nghiêm khắc、きつさ: sự nghiêm khắc
緩い,ゆるい,"lỏng lẻo, chậm, thoải mái, không căng",shinkanzen,Tính từ đuôi い,やせてスカートが緩（ゆる）くなった。,Ốm hơn nên váy bị lỏng.,"""緩 (hoãn) - bên trái là bộ """"chỉ/mịch"""" (糸) liên quan đến dây, sợi; bên phải là chữ """"hiến"""" (爰) mang nghĩa xa cách. Hợp lại gợi ý về sự """"không chặt chẽ"""" của các sợi dây.""","緩和（かんわ）: sự giảm nhẹ, làm dịu bớt、緩急（かんきゅう）: nhanh chậm, thay đổi tốc độ、緩衝（かんしょう）: đệm, giảm xóc"
鈍い,にぶい,"cùn, đần độn, kém, chậm chạp",shinkanzen,Tính từ đuôi い,このナイフは切（き）れ味（あじ）が鈍（にぶ）い。,Con dao này cùn.,"""鈍 (độn) - gồm bộ 金 (kim) chỉ kim loại và 屯 (đốn) nghĩa là đóng quân, dừng lại. Hợp lại mang ý """"kim loại không còn sắc nữa"""", """"đã dừng lại không còn sắc bén"""".""","鈍角（どんかく）: góc tù、鈍感（どんかん）: vô cảm, độn cảm、鈍器（どんき）: vũ khí cùn"
鋭い,するどい,"sắc bén, nhọn, sắc sảo, nhạy bén",shinkanzen,Tính từ đuôi い,熊（くま）は鋭（するど）い爪（つめ）を持（も）っている。,Con gấu có móng vuốt sắc.,"""鋭 (nhuệ) - gồm bộ 金 (kim) chỉ kim loại và 兑 (duệ) liên quan đến sự xuyên thủng. Hợp lại thành ý nghĩa """"kim loại sắc có thể xuyên thủng"""", """"sắc bén"""".""","鋭敏（えいびん）: nhạy bén、鋭角（えいかく）: góc nhọn、先鋭（せんえい）: tiên phong, đi đầu"
荒い,あらい,"thô, cục cằn, bạo lực, khốc liệt, dữ dội",shinkanzen,Tính từ đuôi い,彼（かれ）は気性（きしょう）が荒（あら）い。,Tính khí anh ấy thô thiển.,"""荒 (hoang) - gồm bộ thảo (艹) chỉ cỏ cây và 亢 (kháng) chỉ sự vươn cao. Hợp lại thành ý """"cỏ dại mọc không kiểm soát"""", """"hoang dã"""". 粗 (thô) - gồm bộ """"mễ"""" (米) chỉ gạo và chữ """"thù"""" (且) với ý nghĩa """"chưa tinh chế"""".""","荒波（あらなみ）: sóng dữ、荒天（こうてん）: thời tiết xấu、粗い（あらい）: thô ráp, thô sơ"
強引な,ごういんな,"cưỡng bức, bắt buộc, áp đặt, quyết liệt",shinkanzen,Tính từ đuôi な,与党（よとう）は国会（こっかい）で強引（ごういん）法案（ほうあん）を通（とお）した。,Đảng cầm quyền đã thông qua luật án cưỡng bức tại quốc hội.,"""強 (cường/mạnh) - chỉ sức mạnh, sự cưỡng ép; 引 (dẫn) - nghĩa là kéo, dẫn đi. Kết hợp lại thành """"kéo đi bằng sức mạnh"""", ám chỉ sự áp đặt, cưỡng ép.""",強引に（ごういんに）: một cách cưỡng bức、強引さ（ごういんさ）: tính chất cưỡng bức、強引すぎる（ごういんすぎる）: quá áp đặt
勝手な,かってな,"độc đoán, tự tiện, tự ý, ích kỷ",shinkanzen,Tính từ đuôi な,勝手（かって）な言動（げんどう）はほかの人（ひと）の迷惑（めいわく）になる。,Lời nói và việc làm tự ý sẽ gây phiền toái cho người khác.,"""勝 (thắng) - nghĩa là thắng, chiến thắng; 手 (thủ) - nghĩa là tay. Kết hợp lại có thể hiểu là """"tay thắng"""" - người luôn muốn làm theo ý mình, theo cách của mình.""","勝手に（かってに）: tự ý, tự tiện、自分勝手（じぶんかって）: ích kỷ、身勝手（みがって）: ích kỷ, chỉ nghĩ đến bản thân"
強気な,つよきな,"mạnh mẽ, cứng rắn, tự tin, quyết đoán",shinkanzen,Tính từ đuôi な,彼女（かのじょ）は強気（つよき）な性格（せいかく）で、時々（ときどき）周（まわ）りと衝突（しょうとつ）する。,Cô ấy tính tình mạnh mẽ nên thỉnh thoảng lại xung đột với người xung quanh.,"""強 (cường/mạnh) - chỉ sự mạnh mẽ, cứng rắn; 気 (khí) - chỉ tinh thần, tâm trạng, khí chất. Kết hợp lại chỉ """"tinh thần mạnh mẽ"""", """"thái độ cứng rắn"""".""",強気の姿勢（つよきのしせい）: thái độ mạnh mẽ、強気一辺倒（つよきいっぺんとう）: quá mạnh mẽ/cứng rắn、強気の予想（つよきのよそう）: dự đoán lạc quan
何気ない,なにげない,"không cố ý, ngẫu nhiên, tình cờ",shinkanzen,Tính từ い,何気（なにげ）ない一言（ひとこと）が、相手（あいて）を傷（きず）つけることもある。,Nói những lời không chủ ý ai ngờ làm tổn thương đối phương.,"何 (nani) - hỏi về điều gì đó, 気 (ki) - khí, tinh thần, tâm trạng. Kết hợp với phủ định ない tạo thành: không có ý thức đặc biệt về điều đang làm.",何気（なにげ）なさそう: có vẻ như vô tình、何気（なにげ）なさ: tính ngẫu nhiên、何気（なにげ）なく: một cách tình cờ
とんでもない,とんでもない,"không thể tin được, không ngờ, vô lý",shinkanzen,Tính từ い,このリンゴは3000円（えん）！とんでもない値段（ねだん）だ。,"Trái táo này mà 3000 yên á, không tin được.","""Từ này thường được viết bằng hiragana, xuất phát từ """"飛んでも"""" (bay đi) + """"ない"""" (không).""",とんでもない話（はなし）: chuyện không thể tin được、とんでもない値段（ねだん）: giá cả không thể chấp nhận
下らない,くだらない,"vô giá trị, vô nghĩa, tầm thường",shinkanzen,Tính từ い,くだらないことばかり言（い）ってないで、早（はや）く仕事（しごと）をしろ。,"Đừng nói những điều vô nghĩa nữa, mau làm việc đi.","下 (ka/shita/ge) - xuống, dưới, thấp. Gợi ý về thứ gì đó ở mức độ thấp, không đáng để quan tâm.",くだらない話（はなし）: câu chuyện vô bổ、くだらないもの: thứ vô giá trị、くだらなさ: sự vô nghĩa
馬鹿馬鹿しい,ばかばかしい,"buồn cười, ngu ngốc, lố bịch",shinkanzen,Tính từ い,この番組（ばんぐみ）はばかばかしいが、面白（おもしろ）いのでつい見（み）てしまう。,Chương trình này ngớ ngẩn nhưng mà thú vị nên lỡ xem luôn.,"""馬 (ma/uma) - ngựa, 鹿 (roku/shika) - hươu. Theo nghĩa đen là """"ngựa-hươu"""" (hai con vật khác nhau), ám chỉ sự bất hợp lý, vô lý.""",ばかばかしい話（はなし）: câu chuyện ngớ ngẩn、ばかばかしさ: sự ngu ngốc、ばかばかしい行動（こうどう）: hành động lố bịch
出鱈目な,でたらめな,"bừa bãi, linh tinh, không có cơ sở",shinkanzen,Tính từ な,テストで答（こた）えをでたらめに書（か）いたら、偶然（ぐうぜん）合（あ）っていた。,Tôi đánh rùa bài thi ai ngờ đúng.,"出 (de/shutsu) - ra, 鱈 (tara) - cá tuyết, 目 (me/moku) - mắt. Kết hợp tạo hình ảnh về điều gì đó xuất hiện tùy hứng, ngẫu nhiên không có quy tắc.",でたらめな返事（へんじ）: câu trả lời bừa bãi、でたらめさ: sự bừa bãi、でたらめに: một cách bừa bãi
だらしない,だらしない,"lôi thôi, luộm thuộm, bừa bãi",shinkanzen,Tính từ い,暑（あつ）いからと言（い）って、そんなだらしない恰好（かっこう）をするな。,Dù là nóng cũng không được ăn mặc phong cách lôi thôi như thế.,"Từ này thường được viết bằng hiragana nhưng có nguồn gốc từ 垂らし (tarashi - để rơi, rũ xuống) + ない (không).",だらしない格好（かっこう）: vẻ ngoài lôi thôi、だらしない部屋（へや）: phòng bừa bãi、だらしなさ: sự luộm thuộm
図々しい,ずうずうしい,"vô liêm sỉ, trơ trẽn, láo xược",shinkanzen,Tính từ い,レジの列（れつ）にずうずうしく割（わ）り込（こ）む人（ひと）がいる。,Ở quầy tính tiền có người vô liêm sỉ cắt ngang hàng.,"図 (zu/to) - bản vẽ, sơ đồ, kế hoạch được lặp lại thành 図々. Thể hiện ý về việc một người cố tình làm theo ý mình không quan tâm đến quy tắc chung.",ずうずうしい態度（たいど）: thái độ trơ trẽn、ずうずうしい行動（こうどう）: hành động vô liêm sỉ、ずうずうしさ: sự trơ trẽn
狡い,こすい,"không trung thực, láu cá, xảo quyệt",shinkanzen,Tính từ い,うちの上司（じょうし）はずるくて、いつも部下（ぶか）の成果（せいか）を自分（じぶん）の物（もの）にしてしまう。,"Sếp tôi láu cá lắm, lúc nào cũng lấy thành quả của cấp dưới làm công cho mình.","狡 (ko/kou) - xảo quyệt, láu cá. Bên trái là bộ 犭(chỉ loài vật), thể hiện tính ranh ma như loài thú.",狡（ずる）さ: sự xảo quyệt、狡（ずる）い考え（かんがえ）: suy nghĩ láu cá、狡（こす）い奴（やつ）: kẻ láu cá
憎らしい,にくらしい,"đáng ghét, ghê tởm, gây bực mình",shinkanzen,Tính từ い,わが子（こ）はかわいいが、反抗（はんこう）的（てき）な態度（たいど）をとると憎（にく）らしいときもある。,Con nhà tôi dễ thương nhưng nhiều khi cũng ghét thái độ ương bướng của nó.,"憎 (niku/zou) - ghét, căm thù. Bộ 心 (tâm) bên trái thể hiện cảm xúc, còn phần bên phải liên quan đến xung đột.",憎（にく）らしい態度（たいど）: thái độ đáng ghét、憎（にく）らしい笑顔（えがお）: nụ cười đáng ghét、憎（にく）らしさ: sự đáng ghét
憎い,にくい,"căm thù, căm ghét, ghét",shinkanzen,Tính từ い,父（ちち）を殺（ころ）した犯人（はんにん）が憎（にく）い。,Căm thù người đã giết bố.,"憎 (niku/zou) - ghét, căm thù. Bộ 心 (tâm) bên trái thể hiện cảm xúc tiêu cực, mạnh mẽ từ trong tâm.","憎（にく）さ: sự căm ghét、憎（にく）しみ: lòng căm thù、憎（にく）む: ghét, căm thù (động từ)"
険しい,けわしい,"dốc (dựng đứng), nghiêm khắc, khó khăn",shinkanzen,Tính từ い,険（けわ）しい山道（やまみち）を登（のぼ）る。,Leo núi dốc.,"険 (ken/kewa) - hiểm, nguy hiểm. Bên trái là bộ 阝(nghĩa là đồi núi), thể hiện địa hình nguy hiểm, dốc đứng.",険（けわ）しい表情（ひょうじょう）: biểu hiện gay gắt、険（けわ）しい道（みち）: con đường dốc、険（けわ）しさ: sự hiểm trở
有難い,ありがたい,"biết ơn, cảm ơn, đáng trân trọng, quý báu",shinkanzen,Tính từ đuôi い,病気（びょうき）の私（わたし）の元（もと）へ来（き）てくれたあなたの気持（きも）ちがありがたい。,Cảm ơn mọi người đã đến thăm khi tôi nằm viện.,"有 (ゆう) - có, tồn tại; 難 (なん) - khó khăn, khó. Kết hợp lại: điều gì đó hiếm có và khó đạt được nên đáng quý, đáng biết ơn.","有難さ（ありがたさ）: sự biết ơn、有難み（ありがたみ）: sự quý trọng, giá trị"
申し訳ない,もうしわけない,"xin lỗi, thành thật xin lỗi, cảm thấy có lỗi",shinkanzen,Tính từ đuôi い,ご迷惑（めいわく）をおかけして、申（もう）し訳（わけ）ありませんでした。,Thành thật xin lỗi vì đã làm phiền.,"""申 (しん) - thưa, nói; 訳 (やく) - lý do, giải thích. Kết hợp: """"thưa lý do"""" - khi không thể giải thích được điều gì, ta phải xin lỗi.""",申し訳なさ（もうしわけなさ）: sự hối lỗi、申し訳程度（もうしわけていど）: chỉ là hình thức xin lỗi
目出度い,めでたい,"vui, hạnh phúc, tốt lành, thuận lợi",shinkanzen,Tính từ đuôi い,子供（こども）たちの大学（だいがく）の合格（ごうかく）や結婚（けっこん）など、今年（ことし）はめでたいことが多（おお）かった。,"Bon trẻ đứa đỗ đại học, đứa kết hôn, năm nay thật nhiều chuyện vui.","目 (もく) - mắt; 出 (しゅつ) - ra; 度 (ど) - độ, mức độ. Kết hợp lại: niềm vui hiện rõ trong mắt, biểu hiện của hạnh phúc.",めでたさ: niềm hạnh phúc、目出度い席（めでたいせき）: dịp mừng
幸いな,さいわいな,"hạnh phúc, may mắn, thuận lợi",shinkanzen,Tính từ đuôi な,いい友人（ゆうじん）に恵（めぐ）まれて幸（さいわ）いだ。,Được bạn bè yêu mến thật vui.,"幸 (こう) - hạnh phúc, may mắn. Bao gồm: 土 (đất), 大 (lớn) và 宀 (mái nhà) - tượng trưng cho mọi người sống hạnh phúc dưới một mái nhà.",幸い（さいわい）: điều may mắn、不幸中（ふこうちゅう）の幸（さいわ）い: may trong cái rủi
恋しい,こいしい,"nhớ nhung, thương nhớ, khao khát",shinkanzen,Tính từ đuôi い,国（くに）の両親（りょうしん）が恋（こい）しい。,Nhớ cha mẹ ở quê.,"恋 (れん) - tình yêu, luyến ái. Bao gồm: 心 (tâm) bên dưới - tình cảm phát xuất từ trái tim, là cảm xúc mạnh mẽ khi nhớ nhung ai đó.",恋しさ（こいしさ）: nỗi nhớ nhung、恋しく思う（こいしくおもう）: cảm thấy nhớ
懐かしい,なつかしい,"hoài niệm, hoài nhớ, gợi nhớ, quen thuộc",shinkanzen,Tính từ đuôi い,子供（こども）のころが懐（なつ）かしい。,Nhớ thời còn trẻ con.,"懐 (かい) - lòng, ngực, ôm ấp. Bao gồm: 忄(tâm) bên trái + 衣 (áo) bên phải - tượng trưng cho việc ôm ấp, giữ gìn kỷ niệm trong lòng.",懐かしさ（なつかしさ）: cảm giác hoài niệm、懐かしむ（なつかしむ）: hoài niệm về
幼い,おさない,"non nớt, bé, ấu trĩ, thiếu trưởng thành",shinkanzen,Tính từ đuôi い,幼（おさな）い子供（こども）が遊（あそ）んでいる。,Những đứa trẻ đang chơi.,"幼 (よう) - nhỏ, ấu. Bao gồm: 幺 (nhỏ) + 力 (sức lực) - ám chỉ người còn nhỏ, sức yếu, chưa phát triển đầy đủ.",幼さ（おさなさ）: sự non nớt、幼友達（おさなともだち）: bạn từ thuở nhỏ
心細い,こころぼそい,"cô đơn, lo lắng, bất an, không chắc chắn",shinkanzen,Tính từ đuôi い,始（はじ）めて来日（らいにち）した時（とき）は、言葉（ことば）もわからず知（し）り合（あ）いもなく、とても心細（こころぼそ）かった。,"Lúc mới sang Nhật, không hiểu tiếng, bạn bè cũng không có thật cô đơn.","心 (しん) - tâm, lòng; 細 (さい) - mảnh, nhỏ, tỉ mỉ. Kết hợp: tâm trạng thu nhỏ lại, co rút lại vì lo lắng hoặc cô đơn.","心細さ（こころぼそさ）: cảm giác bất an, lo lắng"
可哀想な,かわいそうな,"tội nghiệp, đáng thương, tội nghiệp",shinkanzen,Tính từ đuôi な,子供（こども）を叱（しか）ったが、泣（な）いているのを見（み）てかわいそうになった。,"Mặc dù mắng con, nhưng thấy nó khóc lại thấy tội nghiệp.","可 (か) - có thể; 哀 (あい) - buồn bã, thương xót; 想 (そう) - nghĩ, tưởng tượng. Kết hợp: sự đồng cảm với nỗi buồn, khổ đau của người khác.",かわいそうに: tội nghiệp thay、かわいそうがる: cảm thấy thương xót
気の毒な,きのどくな,"đáng tiếc, đáng thương, tội nghiệp",shinkanzen,Tính từ đuôi な,彼女（かのじょ）、先日（せんじつ）お父（とう）さんを事故（じこ）で亡（な）くされたそうだよ。お気（き）の毒（どく）に…,Nghe nói bố cô ấy bị tai nạn giao thông đã qua đời hôm trước rồi. Thật đáng thương…,"気 (き) - khí, tinh thần; 毒 (どく) - độc. Kết hợp: tâm trạng đau đớn, khó chịu khi gặp chuyện không may hoặc đồng cảm với nỗi đau của người khác.",お気の毒に: xin chia buồn、気の毒がる: cảm thấy thương cảm
貧しい,まずしい,"nghèo, nghèo nàn, thiếu thốn",shinkanzen,Tính từ đuôi い,私（わたし）は貧（まず）しい家（いえ）に育（そだ）った。,Tôi được nuôi dưỡng trong gia đình nghèo.,"貧 (ひん) - nghèo. Bao gồm: 分 (chia, phần) + 貝 (tiền cổ) - hình ảnh của tiền bạc đã bị phân tán, dẫn đến sự nghèo khó.",貧しさ（まずしさ）: sự nghèo khó、心が貧しい（こころがまずしい）: tâm hồn nghèo nàn
惜しい,おしい,"đáng tiếc, tiếc nuối, quý giá",shinkanzen,Tính từ đuôi い,後（あと）一（ひと）つ問題（もんだい）ができていれば合格（ごうかく）だったのに。惜（お）しかった。,Chỉ cần thêm một câu nữa là đậu rồi mà lại… tiếc quá đi.,"惜 (せき) - tiếc. Bao gồm: 忄(tâm) bên trái + 昔 (quá khứ, xưa) bên phải - sự tiếc nuối, lưu luyến trong lòng về điều gì đó sắp mất hoặc đã mất.",惜しさ（おしさ）: sự tiếc nuối、惜しくも（おしくも）: đáng tiếc thay
仕方(が)ない,しかたがない,"vô phương, bó tay, không còn cách nào khác, đành phải",shinkanzen,Biểu hiện,借金（しゃっきん）を返（かえ）すには、休日（きゅうじつ）も働（はたら）くよりほかに仕方（しかた）ない。,"Để trả tiền vay, không còn cách nào khác là đi làm dù ngày nghỉ.","仕 (し) - phục vụ, làm; 方 (かた) - phương hướng, cách thức. Kết hợp lại: khi không còn cách thức nào để làm, ta phải chấp nhận.",仕方なく（しかたなく）: đành phải、仕方なさ（しかたなさ）: sự bất lực
止むを得ない,やむをえない,"không tránh khỏi, bất đắc dĩ, đành phải",shinkanzen,Biểu hiện,この嵐（あらし）では休校（きゅうこう）もやむを得（え）ない。,Cơn bão thế này thì không còn cách nào là phải nghỉ học thôi.,"止 (とど) - dừng lại; 得 (とく) - đạt được. Kết hợp: điều không thể dừng lại được, phải chấp nhận mà không thể tránh né.",やむを得ず: đành phải、やむにやまれぬ: không thể tránh khỏi
面倒臭い,めんどうくさい,"phiền toái, rắc rối, lôi thôi, phức tạp",shinkanzen,Tính từ đuôi い,ゴミの分別（ぶんべつ）は面倒（めんどう）くさいが、環境（かんきょう）のためには仕方（しかた）ない。,Phân loại rác thật rắc rối nhưng vì môi trường nên không còn cách nào khác.,"面 (めん) - mặt; 倒 (とう) - đổ, ngã; 臭 (しゅう) - mùi hôi. Kết hợp: việc làm mất thời gian và công sức, khiến ta cảm thấy không muốn làm.",面倒くささ（めんどうくささ）: sự phiền toái、面倒臭がる（めんどうくさがる）: cảm thấy phiền
しつこい,しつこい,"lằng nhằng, dai dẳng, nặng mùi, đậm vị",shinkanzen,Tính từ đuôi い,店（みせ）に店員（てんいん）にしつこく進（すす）められて困（こま）った。,"Ở cửa hàng, nhân viên cứ giới thiệu mãi thật là rắc rối.","Không có kanji cụ thể, nhưng có thể liên hệ với 執拗 (しつよう) - sự cố chấp, dai dẳng để dễ nhớ.",しつこさ: sự dai dẳng、しつこく: một cách dai dẳng
諄い,くどい,"dài dòng, lắm lời, nặng mùi, đậm đà",shinkanzen,Tính từ đuôi い,あの先生（せんせい）の注意（ちゅうい）はいつもくどくてうんざりする。,Nhắc nhở của cô giáo lúc nào cũng dài dòng thật là chán.,"諄 (しゅん) - dạy bảo, nhắc đi nhắc lại. Bao gồm: 言 (ngôn) - lời nói + 享 (hưởng) - thụ hưởng. Kết hợp: lời nói lặp đi lặp lại khiến người nghe mệt mỏi.",くどさ: sự dài dòng、くどく: một cách dài dòng
煙い,けむい,"khói, đầy khói, nhiều khói",shinkanzen,Tính từ đuôi い,煙（けむ）いと思（おも）ったら、魚（さかな）が焦（こ）げていた。,Tưởng là khói ai ngờ cá cháy.,煙 (えん) - khói. Bao gồm: 火 (hỏa) - lửa + 因 (nhân) - nguyên nhân. Kết hợp: khói sinh ra từ lửa.,煙さ（けむさ）: độ khói、煙る（けむる）: bốc khói
邪魔な,じゃまな,"vướng víu, cản trở, làm phiền",shinkanzen,Tính từ đuôi な,仕事（しごと）をするため、まず机（つくえ）の上（うえ）の邪魔（じゃま）な物（もの）を片付（かたづ）けた。,Để làm công việc nên tôi dẹp những thứ vướng víu trên bàn.,"邪 (じゃ) - tà, xấu xa; 魔 (ま) - ma quỷ, yêu quái. Kết hợp: những thứ xấu xa gây cản trở như ma quỷ.",邪魔者（じゃまもの）: kẻ làm phiền、邪魔になる（じゃまになる）: trở thành vật cản
うるさい,うるさい,"ồn ào, om sòm, khó tính, kén chọn",shinkanzen,Tính từ đuôi い,テレビの音（おと）がうるさいから、ちょっと小（ちい）さくして。,Âm thanh tivi ồn ào nên vặn nhỏ chút đi.,"Thường viết bằng hiragana nhưng có thể viết là 煩い hoặc 五月蝿い. Kanji 煩 (phiền) liên quan đến sự phiền toái, khó chịu.",うるささ: sự ồn ào、うるさ型（うるさがた）: người khó tính
騒々しい,そうぞうしい,"ồn ào, náo nhiệt, sôi nổi",shinkanzen,Tính từ đuôi い,先生（せんせい）が怒（おこ）ったら、騒々（そうぞう）しかった教室（きょうしつ）は静（しず）かになった。,"Sau khi cô giáo tức giận lên, lớp ồn ào trở nên im bặt.","騒 (そう) - ồn ào, náo động. Bao gồm: 馬 (mã) - ngựa + 㚒 - âm thanh. Lặp lại thành 騒々 để nhấn mạnh sự ồn ào cực độ.",騒々しさ（そうぞうしさ）: sự ồn ào、騒々しく（そうぞうしく）: một cách ồn ào
慌ただしい,あわただしい,"bận rộn, vội vàng, hối hả",shinkanzen,Tính từ đuôi い,今日（きょう）は急（きゅう）な用事（ようじ）や来客（らいきゃく）が重（かさ）なって、慌（あわ）ただしい一日（いちにち）だった。,Hôm nay vừa có việc gấp vừa trùng lịch khách đến thăm thật là một ngày bận rộn.,"慌 (こう) - hoảng hốt, vội vàng. Bao gồm: 忄(tâm) + 荒 (hoang) - tâm trạng bối rối, hoảng loạn khi phải làm nhiều việc.",慌ただしさ（あわただしさ）: sự bận rộn、慌ただしく（あわただしく）: một cách vội vàng
そそっかしい,そそっかしい,"vô tâm, không để ý, vội vàng, hấp tấp",shinkanzen,Tính từ đuôi い,片方（かたほう）ずつ違（ちが）った靴下（くつした）をはくなんて、そそっかしい人（ひと）だ。,"Mang mỗi bên mỗi chiếc tất khác nhau, thật là người lơ đễnh mà.","Không có kanji cụ thể, thường viết bằng hiragana. Có thể liên hệ với từ 粗相 (そそう - sơ suất) để dễ nhớ.",そそっかしさ: sự vô tâm、そそっかしく: một cách vội vàng
思いがけない,おもいがけない,"không ngờ đến, bất ngờ, ngoài dự đoán",shinkanzen,Tính từ đuôi い,道（みち）で思（おも）いがけない人（ひと）に会（あ）った。,Trên đường tôi đã gặp người không ngờ đến.,"思 (し) - nghĩ; 掛 (か) - treo, đặt lên. Kết hợp: điều không được đặt trong suy nghĩ, không được dự đoán trước.",思いがけなさ（おもいがけなさ）: sự bất ngờ、思いがけず（おもいがけず）: bất ngờ
観測,かんそく,sự quan trắc; sự quan sát; sự đo đạc,shinkanzen,Danh từ / Động từ する,地震（じしん）の15分（ふん）後（あと）に、高（たか）さ30センチの津波（つなみ）が観測（かんそく）された。,"Sau trận động đất 15 phút, có thể quan sát thấy chiều cao của sóng thần là 30cm.","観 (quan) - nhìn, quan sát; 測 (trắc) - đo đạc, đo lường. Kết hợp lại: quan sát và đo lường các hiện tượng.",観測所（かんそくじょ）: trạm quan trắc、天体観測（てんたいかんそく）: quan sát thiên văn、気象観測（きしょうかんそく）: quan trắc khí tượng
遭難,そうなん,"thảm họa, tai nạn (nhất là ở biển hoặc núi)",shinkanzen,Danh từ / Động từ する,山（やま）で遭難（そうなん）した登山者（とざんしゃ）が無事（ぶじ）に救助（きゅうじょ）された。,Người leo núi gặp nạn đã được cứu hộ an toàn.,"遭 (tao) - gặp phải, chạm trán; 難 (nan/nạn) - khó khăn, nguy hiểm, tai họa. Kết hợp lại: tình huống gặp phải nguy hiểm hay thảm họa ngoài ý muốn.",遭難者（そうなんしゃ）: người gặp nạn、遭難事故（そうなんじこ）: tai nạn thảm khốc、遭難救助（そうなんきゅうじょ）: cứu hộ người gặp nạn
発生,はっせい,"phát sinh, xảy ra",shinkanzen,Danh từ / Động từ する,事故（じこ）が発生（はっせい）し、電車（でんしゃ）がストップした。,"Xảy ra sự cố, tàu điện đã dừng lại.","発 (phát) - phát ra, bắt đầu; 生 (sinh) - sinh ra, sống. Kết hợp lại: sự phát sinh, bắt đầu xuất hiện.",発生源（はっせいげん）: nguồn phát sinh、事故発生（じこはっせい）: xảy ra sự cố、突発的発生（とっぱてきはっせい）: phát sinh đột ngột
登場,とうじょう,"lối vào, sự xuất hiện (trên màn ảnh, sân khấu)",shinkanzen,Danh từ / Động từ する,舞台（ぶたい）に俳優（はいゆう）が登場（とうじょう）する。,Diễn viên xuất hiện trên sân khấu.,"登 (đăng) - leo lên, đi lên; 場 (trường) - nơi chốn, sân khấu. Kết hợp lại: việc đi lên sân khấu, xuất hiện trước công chúng.",登場人物（とうじょうじんぶつ）: nhân vật xuất hiện、初登場（はつとうじょう）: lần đầu xuất hiện、華々しい登場（はなばなしいとうじょう）: sự xuất hiện rực rỡ
回復,かいふく,"hồi phục, phục hồi",shinkanzen,Danh từ / Động từ する,経済（けいざい）状況（じょうきょう）が回復（かいふく）する。,Tình hình kinh tế hồi phục.,"回 (hồi) - quay về, vòng; 復 (phục) - trở lại, phục hồi. Kết hợp lại: quay trở về trạng thái ban đầu, phục hồi như cũ.",回復力（かいふくりょく）: sức phục hồi、疲労回復（ひろうかいふく）: hồi phục mệt mỏi、機能回復（きのうかいふく）: phục hồi chức năng
援助,えんじょ,"viện trợ, giúp đỡ",shinkanzen,Danh từ / Động từ する,親戚（しんせき）の援助（えんじょ）で学校（がっこう）を卒業（そつぎょう）できた。,Nhờ sự giúp đỡ của người thân nên tôi đã có thể tốt nghiệp đại học.,"援 (viện) - kéo, giúp đỡ; 助 (trợ) - giúp đỡ, trợ giúp. Kết hợp lại: sự hỗ trợ, giúp đỡ từ bên ngoài.",経済援助（けいざいえんじょ）: viện trợ kinh tế、技術援助（ぎじゅつえんじょ）: hỗ trợ kỹ thuật、援助金（えんじょきん）: tiền viện trợ
保険,ほけん,bảo hiểm,shinkanzen,Danh từ,子供（こども）が生（う）まれたので、生命（せいめい）保険（ほけん）に入（はい）った。,Vì sinh con nên tôi đã tham gia bảo hiểm nhân thọ.,"保 (bảo) - bảo vệ, giữ gìn; 険 (hiểm) - nguy hiểm, hiểm trở. Kết hợp lại: phương tiện để bảo vệ chống lại những rủi ro, nguy hiểm.",生命保険（せいめいほけん）: bảo hiểm nhân thọ、自動車保険（じどうしゃほけん）: bảo hiểm ô tô、医療保険（いりょうほけん）: bảo hiểm y tế
追加,ついか,"thêm vào, bổ sung",shinkanzen,Danh từ / Động từ する,飲（の）み会（かい）でビールを追加（ついか）する。,Gọi thêm bia ở bữa tiệc.,"追 (truy) - đuổi theo, thêm vào; 加 (gia) - thêm vào, bổ sung. Kết hợp lại: thêm vào những gì đã có sẵn.",追加料金（ついかりょうきん）: phí bổ sung、追加注文（ついかちゅうもん）: đặt hàng bổ sung、追加機能（ついかきのう）: chức năng bổ sung
応用,おうよう,"ứng dụng, áp dụng",shinkanzen,Danh từ / Động từ する,この技術（ぎじゅつ）はいろいろな機械（きかい）に応用（おうよう）できる。,Kĩ thuật này có thể áp dụng cho rất nhiều loại máy móc.,"応 (ứng) - đáp ứng, phản ứng; 用 (dụng) - sử dụng, ứng dụng. Kết hợp lại: việc đáp ứng nhu cầu bằng cách sử dụng kiến thức, kỹ thuật.",応用力（おうようりょく）: khả năng ứng dụng、応用問題（おうようもんだい）: bài tập ứng dụng、応用科学（おうようかがく）: khoa học ứng dụng
解答,かいとう,"giải đáp, trả lời",shinkanzen,Danh từ / Động từ する,10問（とい）のうち5問（とい）解答（かいとう）できないと失格（しっかく）になります。,Nếu không trả lời được 5 trên 10 câu hỏi thì sẽ bị trượt.,"解 (giải) - giải quyết, hiểu; 答 (đáp) - trả lời, đáp lại. Kết hợp lại: việc đưa ra câu trả lời để giải quyết vấn đề hay câu hỏi.",模範解答（もはんかいとう）: đáp án mẫu、解答用紙（かいとうようし）: giấy trả lời、解答集（かいとうしゅう）: tập đáp án
結論,けつろん,kết luận,shinkanzen,Danh từ,3時間（じかん）議論（ぎろん）しても、結論（けつろん）は出（で）なかった。,Dù mất 3 tiếng thảo luận nhưng vẫn chưa đưa ra được kết luận.,"結 (kết) - kết lại, buộc lại; 論 (luận) - bàn luận, thảo luận. Kết hợp lại: điểm cuối cùng sau khi thảo luận, tóm tắt lại vấn đề.",最終結論（さいしゅうけつろん）: kết luận cuối cùng、結論部分（けつろんぶぶん）: phần kết luận、結論づける（けつろんづける）: đi đến kết luận
案,あん,"kế hoạch, ý tưởng, đề xuất",shinkanzen,Danh từ,新製品（しんせいひん）について、案（あん）を出（だ）すように言（い）われた。,Tôi được yêu cầu đưa ra kế hoạch về sản phẩm mới.,"案 - ý tưởng, kế hoạch. Bao gồm phần trên 安 (an) là bình an, ổn định và phần dưới 木 (mộc) là cây. Ám chỉ một ý tưởng được ghi lại trên bàn gỗ.",予算案（よさんあん）: dự thảo ngân sách、原案（げんあん）: bản thảo gốc、企画案（きかくあん）: kế hoạch dự án
集中,しゅうちゅう,tập trung,shinkanzen,Danh từ / Động từ する,人口（じんこう）は大都市（だいとし）に集中（しゅうちゅう）している。,Dân số tập trung ở các thành phố lớn.,"集 (tập) - tụ tập, gom lại; 中 (trung) - giữa, trung tâm. Kết hợp lại: gom nhiều thứ vào một trung tâm, tập trung vào một điểm.",集中力（しゅうちゅうりょく）: khả năng tập trung、集中豪雨（しゅうちゅうごうう）: mưa lớn tập trung、集中治療（しゅうちゅうちりょう）: điều trị tích cực
区別,くべつ,phân biệt,shinkanzen,Danh từ / Động từ する,レポートを書（か）くときは、事実（じじつ）と意見（いけん）を区別（くべつ）して書（か）かなければならない。,Khi viết báo cáo cần phân biệt rõ ràng sự thực và ý kiến cá nhân.,"区 (khu) - khu vực, phân chia; 別 (biệt) - tách riêng, chia ra. Kết hợp lại: phân chia thành các phần riêng biệt, tách biệt để nhận biết sự khác nhau.",区別化（くべつか）: sự khác biệt hóa、無区別（むくべつ）: không phân biệt、色彩区別（しきさいくべつ）: phân biệt màu sắc
差別,さべつ,"phân biệt đối xử, kỳ thị",shinkanzen,Danh từ / Động từ する,差別（さべつ）のない社会（しゃかい）を作（つく）りたい。,Tôi muốn xây dựng một xã hội không phân biệt chủng tộc.,"差 (sai) - khác biệt, chênh lệch; 別 (biệt) - tách riêng, chia ra. Kết hợp lại: tạo ra sự phân chia dựa trên sự khác biệt, dẫn đến đối xử không bình đẳng.",人種差別（じんしゅさべつ）: phân biệt chủng tộc、男女差別（だんじょさべつ）: phân biệt giới tính、差別化（さべつか）: sự khác biệt hóa
中間,ちゅうかん,"ở giữa, trung gian",shinkanzen,Danh từ,名古屋（なごや）は東京（とうきょう）と大阪（おおさか）の中間（ちゅうかん）にある。,Nagoya ở giữa Tokyo và Osaka.,"中 (trung) - giữa, trong; 間 (gian) - khoảng, không gian, thời gian. Kết hợp lại: vị trí hay thời điểm nằm ở giữa hai điểm hoặc hai thời điểm.",中間試験（ちゅうかんしけん）: kỳ thi giữa kỳ、中間報告（ちゅうかんほうこく）: báo cáo giữa kỳ、中間管理職（ちゅうかんかんりしょく）: quản lý cấp trung
逆,ぎゃく,"ngược lại, trái ngược",shinkanzen,Danh từ / Tính từ な,鏡（かがみ）では左右（さゆう）が逆（ぎゃく）になる。,Nhìn vào gương sẽ thấy ngược trái phải.,"逆 (nghịch) - ngược lại, trái ngược. Bao gồm bộ 辶 (chuộc) chỉ sự di chuyển và bộ 屰 (nghịch) chỉ sự trái ngược. Ám chỉ việc đi theo hướng ngược lại với hướng bình thường.",逆効果（ぎゃくこうか）: tác dụng ngược、逆転（ぎゃくてん）: đảo ngược tình thế、逆方向（ぎゃくほうこう）: hướng ngược lại
他所,よそ,nơi khác,shinkanzen,Danh từ,方言（ほうげん）はよその土地（とち）の人（ひと）には分（わ）かりにくい。,Tiếng địa phương đối với người nơi khác thì hơi khó hiểu.,"他 (tha) - khác, người khác; 所 (sở) - nơi, chỗ. Kết hợp lại: nơi khác không phải là nơi mình đang ở hoặc quen thuộc.",他所見（よそみ）: nhìn chỗ khác、他所行き（よそいき）: đi nơi khác、他所者（よそもの）: người ngoài
務まる,つとまる,"hợp, thích hợp cho, đảm đương được",shinkanzen,Động từ nhóm 1,こんな難（むずか）しい役（やく）が私（わたし）に務（つと）まるだろうか。,Một nhiệm vụ khó khăn như thế mà liệu tôi có đảm đương được không?,"務 (vụ) - nhiệm vụ, công việc, gồm bộ sự (事) và bộ lực (力), thể hiện công sức trong công việc.",役目（やくめ）: vai trò、任務（にんむ）: nhiệm vụ、適任（てきにん）: người thích hợp
務める,つとめる,"phục vụ, làm, đảm nhận",shinkanzen,Động từ nhóm 2,会社（かいしゃ）で議長（ぎちょう）を務（つと）めた。,Tôi đảm nhận vai trò chủ tọa tại công ty.,"務 (vụ) - nhiệm vụ, công việc, gồm bộ sự (事) và bộ lực (力), thể hiện công sức trong công việc.",勤務（きんむ）: sự làm việc、勤め先（つとめさき）: nơi làm việc、公務員（こうむいん）: công chức
取り消す,とりけす,"hủy, hủy bỏ, thu hồi",shinkanzen,Động từ nhóm 1,仕事（しごと）が忙（いそが）しくなり、飛行機（ひこうき）の予約（よやく）を取（と）り消（け）した。,Công việc trở nên bận rộn nên tôi đã hủy vé máy bay.,"取 (thủ) - lấy, nắm, gồm bộ thủ (手) và nhĩ (耳); 消 (tiêu) - xóa, mất đi, gồm bộ thủy (水) và bộ thiểu (少).",取り消し（とりけし）: sự hủy bỏ、予約取り消し（よやくとりけし）: hủy đặt chỗ、キャンセル料（キャンセルりょう）: phí hủy
終える,おえる,"kết thúc, hoàn thành",shinkanzen,Động từ nhóm 2,今日（きょう）は6時（じ）までに仕事（しごと）を終（お）えて退社（たいしゃ）するつもりだ。,Tôi dự định hôm nay hoàn thành công việc trước 6 giờ và rời công ty.,"終 (chung) - kết thúc, cuối cùng, gồm bộ ti (糸) và bộ trọng (重), ý nghĩa là kết thúc một công việc quan trọng.",終了（しゅうりょう）: kết thúc、完了（かんりょう）: hoàn thành、終わり（おわり）: sự kết thúc
呼びかける,よびかける,"gọi, kêu gọi",shinkanzen,Động từ nhóm 2,意識（いしき）不明（ふめい）の母（はは）に呼（よ）び掛（か）けた。,Tôi gọi người mẹ đang bất tỉnh.,"呼 (hô) - gọi, kêu, gồm bộ khẩu (口) thể hiện miệng, âm thanh. Từ ghép 呼び + かける, trong đó かける có nghĩa là hướng về, nhằm vào.",呼びかけ（よびかけ）: lời kêu gọi、募金活動（ぼきんかつどう）: hoạt động quyên góp、声援（せいえん）: sự cổ vũ
呼び出す,よびだす,"triệu hồi, triệu tập, gọi ra",shinkanzen,Động từ nhóm 1,学費（がくひ）を払（はら）っていなかったので、事務局（じむきょく）に呼（よ）び出（だ）された。,Vì không đóng học phí nên tôi bị gọi lên văn phòng.,"呼 (hô) - gọi, kêu, gồm bộ khẩu (口) thể hiện miệng, âm thanh; 出 (xuất) - ra, đi ra, gồm bộ sơn (山) và bộ tao (凵), thể hiện sự di chuyển ra ngoài.",呼び出し（よびだし）: sự triệu tập、緊急呼び出し（きんきゅうよびだし）: triệu tập khẩn cấp、ページャー（ページャー）: máy nhắn tin
普段,ふだん,"thường xuyên, đều đặn",shinkanzen,Phó từ / Danh từ,普段（ふだん）は7時（じ）に起（お）きるが、今日（きょう）は寝坊（ねぼう）してしまった。,"Thông thường tôi ngủ dậy 7 giờ, nhưng hôm nay lại ngủ quên mất.","普 (phổ) - phổ biến, rộng rãi; 段 (đoạn) - bậc, cấp độ. Kết hợp lại: những điều diễn ra ở cấp độ phổ biến, thường xuyên.",普段着（ふだんぎ）: quần áo thường ngày、普段使い（ふだんづかい）: dùng hàng ngày
日常,にちじょう,"hàng ngày, thường nhật",shinkanzen,Danh từ / Tính từ の,日常（にちじょう）の業務（ぎょうむ）を果（は）たす。,Hoàn thành nhiệm vụ hằng ngày.,"日 (nhật) - ngày; 常 (thường) - thường xuyên. Kết hợp lại: việc xảy ra thường ngày, hằng ngày.",日常生活（にちじょうせいかつ）: cuộc sống hằng ngày、日常茶飯事（にちじょうさはんじ）: chuyện thường ngày
一般,いっぱん,"thông thường, cái chung, phổ biến",shinkanzen,Danh từ / Tính từ の,これは一般（いっぱん）の店（みせ）では手（て）に入（はい）らない薬（くすり）だ。,Đây là loại thuốc không thể mua được ở những cửa hàng thông thường.,"一 (nhất) - một, thống nhất; 般 (bàn) - loại, hạng. Kết hợp lại: một kiểu chung, áp dụng rộng rãi.",一般的（いっぱんてき）: thông thường、一般常識（いっぱんじょうしき）: kiến thức thông thường
権利,けんり,"quyền lợi, quyền hạn",shinkanzen,Danh từ,すべての国民（こくみん）には健康的（けんこうてき）な生活（せいかつ）を送（おく）る権利（けんり）がある。,Tất cả công dân đều có quyền mưu cầu cuộc sống sức khỏe.,"権 (quyền) - quyền lực, thẩm quyền; 利 (lợi) - lợi ích, có lợi. Kết hợp lại: những quyền lợi được công nhận và bảo vệ.",著作権利（ちょさくけんり）: quyền tác giả、人権（じんけん）: nhân quyền
常識,じょうしき,"thường thức, kiến thức thông thường",shinkanzen,Danh từ,ミスをしたらきちんと責任（せきにん）を取（と）るのが社会（しゃかい）人（じん）の常識（じょうしき）だ。,"Khi mắc lỗi, nghiêm chỉnh nhận trách nhiệm thì đó là một việc làm bình thường của con người trong xã hội này.","常 (thường) - thường xuyên, bình thường; 識 (thức) - hiểu biết, nhận thức. Kết hợp lại: những hiểu biết thông thường mà mọi người đều có.",常識的（じょうしきてき）: hợp lẽ thông thường、非常識（ひじょうしき）: phi thường thức
諺,ことわざ,"thành ngữ, tục ngữ",shinkanzen,Danh từ,ことわざには教訓（きょうくん）が含（ふく）まれていることが多（おお）い。,Rất nhiều câu tục ngữ bao hàm cả những điều giáo huấn.,"諺 (ngạn) - bao gồm bộ 言 (ngôn - lời nói) và phần còn lại chỉ sự cổ xưa, truyền thống. Kết hợp lại: những lời nói truyền thống, tục ngữ.",日本のことわざ（にほんのことわざ）: tục ngữ Nhật Bản、外国のことわざ（がいこくのことわざ）: tục ngữ nước ngoài
義務,ぎむ,"nghĩa vụ, bổn phận",shinkanzen,Danh từ,親（おや）には子（こ）どもに教育（きょういく）を受（う）けさせる義務（ぎむ）がある。,Cha mẹ có nghĩa vụ nuôi dạy con cái.,"義 (nghĩa) - nghĩa lý, đạo nghĩa; 務 (vụ) - công việc, việc làm. Kết hợp lại: công việc cần làm theo đạo lý hoặc luật pháp.",義務教育（ぎむきょういく）: giáo dục bắt buộc、法的義務（ほうてきぎむ）: nghĩa vụ pháp lý
切っ掛け,きっかけ,"cơ hội, dịp, cớ",shinkanzen,Danh từ,喧嘩（けんか）のきっかけは、つまらないことだった。,Cãi nhau đó là một chuyện chán ngẩn.,"切 (thiết) - cắt, đứt; 掛 (quải) - treo, móc. Kết hợp lại: điểm khởi đầu mở ra một quá trình mới.",きっかけ作り（きっかけづくり）: tạo cơ hội、発端（ほったん）: khởi đầu
行動,こうどう,hành động,shinkanzen,Danh từ / Động từ する,彼（かれ）の行動（こうどう）は、とても立派（りっぱ）だった。,Hành động của anh ấy lúc nào cũng rất tuyệt vời.,"行 (hành) - đi, làm; 動 (động) - chuyển động. Kết hợp lại: di chuyển và làm việc gì đó, hành động.",集団行動（しゅうだんこうどう）: hành động tập thể、行動力（こうどうりょく）: năng lực hành động
使用,しよう,sử dụng,shinkanzen,Danh từ / Động từ する,今（いま）は、文章（ぶんしょう）の作成（さくせい）にはパソコンが使用（しよう）されることが多（おお）い。,"Bây giờ, máy tính được sử dụng nhiều trong việc xây dựng bài văn.","使 (sử) - sai, sử dụng; 用 (dụng) - dùng, ứng dụng. Kết hợp lại: việc dùng một thứ gì đó vào mục đích cụ thể.",使用料（しようりょう）: phí sử dụng、使用法（しようほう）: cách sử dụng
提出,ていしゅつ,"sự nộp, đệ trình",shinkanzen,Danh từ / Động từ する,願書（がんしょ）の提出（ていしゅつ）は10月（がつ）31日（にち）までだ。,Hạn nộp hồ sơ nhập học là đến ngày 31 tháng 10.,"提 (đề) - nâng lên, đề xuất; 出 (xuất) - ra, đi ra. Kết hợp lại: đưa ra, trình lên cấp trên.",提出物（ていしゅつぶつ）: đồ nộp、提出期限（ていしゅつきげん）: hạn nộp
期限,きげん,"giới hạn, kỳ hạn, thời hạn",shinkanzen,Danh từ,支払（しはら）いの期限（きげん）を延（の）ばしてもらった。,Tôi được gia hạn trả tiền.,"期 (kỳ) - thời kỳ, mùa; 限 (hạn) - giới hạn. Kết hợp lại: giới hạn về thời gian, hạn chót.",賞味期限（しょうみきげん）: hạn sử dụng、期限切れ（きげんぎれ）: quá hạn
延期,えんき,"trì hoãn, hoãn lại",shinkanzen,Danh từ / Động từ する,大雨（おおあめ）のため、運動会（うんどうかい）は1週間（しゅうかん）後（ご）に延期（えんき）された。,Vì trời mưa nên hội thể thao sẽ hoãn lại vào tuần sau.,"延 (duyên) - kéo dài, nối dài; 期 (kỳ) - thời kỳ, hạn định. Kết hợp lại: kéo dài thời hạn, hoãn lại.",延期申請（えんきしんせい）: yêu cầu hoãn lại、無期延期（むきえんき）: hoãn vô thời hạn
延長,えんちょう,"kéo dài, gia hạn",shinkanzen,Danh từ / Động từ する,結論（けつろん）が出（で）なかったので、会議（かいぎ）は30分（ぷん）延長（えんちょう）された。,"Mãi chưa đưa ra được kết luận, cuộc họp kéo dài 30 phút.","延 (duyên) - kéo dài, nối dài; 長 (trường) - dài, trưởng. Kết hợp lại: làm cho dài thêm, kéo dài.",延長戦（えんちょうせん）: hiệp phụ (trong thể thao)、延長料金（えんちょうりょうきん）: phí gia hạn
短縮,たんしゅく,"rút ngắn, thu gọn",shinkanzen,Danh từ / Động từ する,冬（ふゆ）は動物園（どうぶつえん）の営業（えいぎょう）時間（じかん）が短縮（たんしゅく）される。,Mùa đông sẽ rút ngắn thời gian mở cửa sở thú.,"短 (đoản) - ngắn; 縮 (súc) - co lại, thu nhỏ. Kết hợp lại: làm cho ngắn lại, thu gọn.",短縮授業（たんしゅくじゅぎょう）: giờ học được rút ngắn、短縮形（たんしゅくけい）: hình thức rút gọn
外,そと,"ngoài ra, khác, bên ngoài",shinkanzen,Danh từ / Tính từ,私（わたし）には分（わ）かりませんので、ほかの人（ひと）に聞（き）いてください。,Tôi không hiểu nên hãy hỏi người khác nhé.,"""外 gồm hai phần: bên trái là radical 夕 (yuu) tượng trưng cho hình ảnh con người, bên phải là một cấu trúc tượng trưng cho cửa ra vào. Kết hợp lại thể hiện ý nghĩa """"ở bên ngoài"""".""",外国（がいこく）: nước ngoài、外側（そとがわ）: phía bên ngoài、外出（がいしゅつ）: đi ra ngoài
境,さかい,"biên giới, ngăn cách, ranh giới",shinkanzen,Danh từ,隣（となり）の家（いえ）の堺（さかい）には併（へい）がある。,Có hàng rào ngăn cách nhà tôi với nhà kế bên.,"""境 gồm ba phần: phần trên """"亠"""" (lâu/nóc nhà), phần giữa """"口"""" (khẩu/miệng), và phần dưới """"土"""" (thổ/đất). Kết hợp lại thể hiện ý nghĩa của khu vực được xác định và ngăn cách.""",国境（こっきょう）: biên giới quốc gia、境界（きょうかい）: ranh giới、県境（けんざかい）: ranh giới tỉnh
半ば,なかば,"một nửa, ở giữa, phần giữa",shinkanzen,Danh từ,彼女（かのじょ）の話（はなし）の半（なか）ばは嘘（うそ）だ。,Câu chuyện của cô ấy một nửa là nói dối.,"""半 (はん) có nghĩa là """"nửa"""" hoặc """"phân chia"""". Kanji này có hình dạng trực quan thể hiện một thứ gì đó bị chia làm hai phần, với một nửa được đánh dấu.""",半ば過ぎ（なかばすぎ）: quá nửa、道半ば（みちなかば）: giữa đường、月半ば（つきなかば）: giữa tháng
映像,えいぞう,"hình ảnh, ánh tượng, hình ảnh động",shinkanzen,Danh từ,この辺（あた）りは電波（でんぱ）の状態（じょうたい）が悪（わる）く、テレビの映像（えいぞう）が良（よ）く乱（みだ）れる。,Tình trạng sóng điện ở vùng này rất xấu nên hình ảnh tivi hay nhiễu loạn.,"映 (chiếu) - phản chiếu, chiếu sáng; 像 (tượng) - hình tượng, bức tượng. Kết hợp: hình ảnh được chiếu lên, phản ánh.",映像作品（えいぞうさくひん）: tác phẩm hình ảnh、映像機器（えいぞうきき）: thiết bị hình ảnh、映像資料（えいぞうしりょう）: tài liệu hình ảnh
撮影,さつえい,"chụp ảnh, quay phim, thu hình",shinkanzen,Danh từ / Động từ する,プロのカメラマンに顔（かお）写真（しゃしん）を撮影（さつえい）してもらった。,Tôi nhờ nhiếp ảnh gia chuyên nghiệp chụp cho ảnh chân dung.,"撮 (toát) - nắm bắt, chụp lấy; 影 (ảnh) - hình ảnh, bóng. Kết hợp: bắt giữ khoảnh khắc bằng hình ảnh.",撮影会（さつえいかい）: buổi chụp ảnh、撮影技術（さつえいぎじゅつ）: kỹ thuật chụp ảnh、撮影禁止（さつえいきんし）: cấm chụp ảnh
背景,はいけい,"bối cảnh, nền, hậu cảnh, phông nền",shinkanzen,Danh từ,これは家族（かぞく）の写真（しゃしん）で、背景（はいけい）はうちの庭（にわ）だ。,"Đây là bức ảnh gia đình, lấy bối cảnh là sân vườn nhà tôi.","背 (bối) - lưng, phía sau; 景 (cảnh) - cảnh, phong cảnh. Kết hợp: cảnh vật ở phía sau, làm nền.",背景画像（はいけいがぞう）: hình nền、歴史的背景（れきしてきはいけい）: bối cảnh lịch sử、社会背景（しゃかいはいけい）: bối cảnh xã hội
独立,どくりつ,"độc lập, tự lập, tự chủ",shinkanzen,Danh từ / Động từ する,アメリカはイギリスから独立（どくりつ）した。,Nước Mỹ đã giành được độc lập từ nước Anh.,"独 (độc) - một mình, riêng lẻ; 立 (lập) - đứng, thiết lập. Kết hợp: đứng một mình, không phụ thuộc vào ai.",独立記念日（どくりつきねんび）: ngày độc lập、独立国家（どくりつこっか）: quốc gia độc lập、独立採算（どくりつさいさん）: tự chủ về tài chính
候補,こうほ,"ứng cử, ứng cử viên, người được đề cử",shinkanzen,Danh từ,今度（こんど）の市長（しちょう）選挙（せんきょ）は、5人（にん）の候補（こうほ）で争（あらそ）われることになった。,"Trong cuộc bầu cử thị trưởng lần này, có 5 ứng cử viên cùng cạnh tranh nhau.","候 (hậu) - chờ đợi, thời tiết; 補 (bổ) - bù đắp, bổ sung. Kết hợp: người đang chờ được bổ nhiệm vào vị trí.",候補者（こうほしゃ）: ứng cử viên、立候補（りっこうほ）: ứng cử、候補地（こうほち）: địa điểm ứng cử
支持,しじ,"sự ủng hộ, hỗ trợ, tán thành",shinkanzen,Danh từ / Động từ する,私（わたし）は首相（しゅしょう）を支持（しじ）している。,Tôi ủng hộ thủ tướng.,"支 (chi) - nâng đỡ, chi nhánh; 持 (trì) - giữ, nắm. Kết hợp: giữ vững và nâng đỡ, thể hiện sự ủng hộ.",支持者（しじしゃ）: người ủng hộ、支持率（しじりつ）: tỷ lệ ủng hộ、不支持（ふしじ）: không ủng hộ
投票,とうひょう,"sự bỏ phiếu, biểu quyết, bầu cử",shinkanzen,Danh từ / Động từ する,選挙（せんきょ）でA候補（こうほ）に投票（とうひょう）した。,"Trong cuộc bầu cử, tôi đã bầu cho ứng cử viên A.","投 (đầu) - ném, quăng; 票 (phiếu) - phiếu, vé. Kết hợp: hành động ném phiếu bầu vào thùng.",投票所（とうひょうじょ）: phòng bỏ phiếu、投票箱（とうひょうばこ）: thùng phiếu、投票率（とうひょうりつ）: tỷ lệ bỏ phiếu
当選,とうせん,"trúng cử, trúng giải, được bầu chọn",shinkanzen,Danh từ / Động từ する,先日（せんじつ）の選挙（せんきょ）で、知（し）り合（あ）いが市長（しちょう）に当選（とうせん）した。,"Trong cuộc bầu cử hôm trước, người thân của tôi đã trúng cử chức thị trưởng.","当 (đương) - trúng, đúng, đảm nhận; 選 (tuyển) - chọn, lựa. Kết hợp: được chọn, được trúng.",当選者（とうせんしゃ）: người trúng cử/trúng thưởng、当選確実（とうせんかくじつ）: chắc chắn trúng cử、当選番号（とうせんばんごう）: số trúng thưởng
抽選,ちゅうせん,"rút thăm, bốc thăm, xổ số",shinkanzen,Danh từ / Động từ する,抽選（ちゅうせん）に当（あ）たってテレビをもらった。,Rút thăm trúng tôi nhận được cái tivi.,"抽 (trừu) - rút ra, trích xuất; 選 (tuyển) - chọn lựa, bầu. Kết hợp: chọn lựa bằng cách rút thăm ngẫu nhiên.",抽選会（ちゅうせんかい）: buổi rút thăm、抽選結果（ちゅうせんけっか）: kết quả rút thăm、抽選方法（ちゅうせんほうほう）: phương pháp rút thăm
配布,はいふ,"phân phát, phát tán, phân phối",shinkanzen,Danh từ / Động từ する,駅前（えきまえ）に通行（つうこう）人（にん）にチラシを配布（はいふ）する。,Phát tờ rơi cho người đi đường ở trước nhà ga.,"配 (phối) - phân phát, sắp xếp; 布 (bố) - vải, phổ biến. Kết hợp: phân phát rộng rãi.",配布物（はいふぶつ）: vật phẩm được phân phát、配布先（はいふさき）: nơi phân phát、無料配布（むりょうはいふ）: phân phát miễn phí
失格,しっかく,"mất tư cách, mất quyền, bị loại",shinkanzen,Danh từ / Tính từ の,試合（しあい）で反則（はんそく）をすると失格（しっかく）になった。,"Trong trận đấu, phạm lỗi nặng nên bị mất quyền thi đấu.","失 (thất) - mất, sai lầm; 格 (cách) - tiêu chuẩn, tư cách. Kết hợp: mất đi tiêu chuẩn hay tư cách để tham gia.",失格者（しっかくしゃ）: người bị mất tư cách/bị loại、失格処分（しっかくしょぶん）: hình phạt mất tư cách、失格理由（しっかくりゆう）: lý do bị loại
余暇,よか,"thời gian rỗi, thời gian nhàn rỗi, giải trí",shinkanzen,Danh từ,余暇（よか）を利用（りよう）して、ボランティアをしている。,Tôi dùng thời gian rảnh để làm tình nguyện.,"余 (dư) - thừa, còn lại; 暇 (hạ) - rảnh rỗi, nhàn hạ. Kết hợp: thời gian dư thừa, rảnh rỗi.",余暇活動（よかかつどう）: hoạt động giải trí、余暇時間（よかじかん）: thời gian rảnh rỗi、余暇利用（よかりよう）: sử dụng thời gian rảnh
行事,ぎょうじ,"sự kiện, hoạt động, nghi lễ",shinkanzen,Danh từ,正月（しょうがつ）の行事（ぎょうじ）は地方（ちほう）によってさまざまだ。,"Sự kiện vào ngày tết, tùy vào từng địa phương mà khác nhau.","行 (hành) - đi, thực hiện; 事 (sự) - việc, sự việc. Kết hợp: những việc được thực hiện theo quy định, thường là các nghi lễ hoặc sự kiện.",年中行事（ねんちゅうぎょうじ）: sự kiện hàng năm、学校行事（がっこうぎょうじ）: sự kiện học đường、伝統行事（でんとうぎょうじ）: sự kiện truyền thống
理想,りそう,"lý tưởng, lý tưởng hóa, mẫu mực",shinkanzen,Danh từ / Tính từ な,若者（わかもの）には高（たか）い理想（りそう）を持（も）ってもらいたい。,Tôi muốn giới trẻ ôm ấp những hoài bão lớn.,"理 (lý) - lẽ phải, nguyên lý; 想 (tưởng) - nghĩ, tưởng tượng. Kết hợp: trạng thái được nghĩ đến là hoàn hảo, mẫu mực.",理想的（りそうてき）: lý tưởng、理想主義（りそうしゅぎ）: chủ nghĩa lý tưởng、理想像（りそうぞう）: hình ảnh lý tưởng
現実,げんじつ,"hiện thực, thực tế, sự thật",shinkanzen,Danh từ / Tính từ の,理想（りそう）と現実（げんじつ）が違（ちが）う。,Lý tưởng và hiện thực rất khác nhau.,"現 (hiện) - xuất hiện, hiện tại; 実 (thực) - thật, trái. Kết hợp: điều đang thật sự hiện hữu, không phải lý tưởng.",現実的（げんじつてき）: thực tế、現実味（げんじつみ）: tính thực tế、現実主義（げんじつしゅぎ）: chủ nghĩa hiện thực
体験,たいけん,"trải nghiệm, kinh nghiệm cá nhân",shinkanzen,Danh từ / Động từ する,日本（にほん）では、戦争（せんそう）を体験（たいけん）したことのない世代（せだい）が増（ふ）えている。,"Ở Nhật, thế hệ không trải qua chiến tranh đang tăng lên.","体 (thể) - cơ thể, thân thể; 験 (nghiệm) - kiểm tra, trải qua. Kết hợp: trải qua bằng cơ thể, kinh nghiệm trực tiếp.",体験談（たいけんだん）: kể về trải nghiệm、体験者（たいけんしゃ）: người có trải nghiệm、実体験（じつたいけん）: trải nghiệm thực tế
空想,くうそう,"không tưởng, mơ mộng, tưởng tượng viển vông",shinkanzen,Danh từ / Động từ する,弟（おとうと）は空想（くうそう）ばかりして、現実（げんじつ）を見（み）ようとしない。,Em trai tôi toàn mơ mộng hão huyền không chịu nhìn vào thực tế.,"空 (không) - trống không, bầu trời; 想 (tưởng) - nghĩ, tưởng tượng. Kết hợp: suy nghĩ không có thực, bay bổng.",空想科学（くうそうかがく）: khoa học viễn tưởng、空想家（くうそうか）: người mơ mộng、空想小説（くうそうしょうせつ）: tiểu thuyết viễn tưởng
実物,じつぶつ,"thực chất, nguyên bản, vật thật",shinkanzen,Danh từ,このダイヤモンドは、写真（しゃしん）で見（み）ると大（おお）きく見（み）えるが、実物（じつぶつ）はずっと小（ちい）さい。,Kim cương này nhìn ảnh thì to nhưng khi nhìn thật thì rất nhỏ.,"実 (thực) - thật, trái; 物 (vật) - vật, đồ vật. Kết hợp: vật thể thật, không phải bản sao.",実物大（じつぶつだい）: kích thước thật、実物教育（じつぶつきょういく）: giáo dục bằng vật thật、実物資料（じつぶつしりょう）: tài liệu thật
実現,じつげん,"thực hiện, hiện thực hóa, đạt được",shinkanzen,Danh từ / Động từ する,長年（ながねん）の夢（ゆめ）｛を/が｝実現（じつげん）した。,Hiện thực được giấc mơ lâu năm.,"実 (thực) - thật, trái; 現 (hiện) - xuất hiện, hiện tại. Kết hợp: làm cho thành hiện thực, xuất hiện thật.",実現可能性（じつげんかのうせい）: khả năng thực hiện、実現方法（じつげんほうほう）: phương pháp thực hiện、夢実現（ゆめじつげん）: hiện thực hóa giấc mơ
売り込む,うりこむ,"bán vào, chào bán, tiếp thị",shinkanzen,Động từ nhóm 1 (Godan),新製品（しんせいひん）を売り込む（うりこむ）。,Bán sản phẩm mới.,"売 (mại) - mua bán, buôn bán; 込 (kham) - vào trong, nhập vào. Kết hợp lại: chủ động đưa sản phẩm vào thị trường hoặc đến với khách hàng.",売り込み（うりこみ）: việc chào bán、営業売り込み（えいぎょううりこみ）: quảng bá bán hàng、自己売り込み（じこうりこみ）: tự quảng bá bản thân
差し込む,さしこむ,"chiếu vào, cắm vào, xen vào",shinkanzen,Động từ nhóm 1 (Godan),日（ひ）の光（ひかり）が部屋（へや）いっぱいに差し込（さしこ）んでいる。,Ánh nắng mặt trời chiếu rất nhiều vào phòng.,"差 (sa) - chênh lệch, thò vào; 込 (kham) - vào trong. Kết hợp lại: đưa vào bên trong, chiếu vào.",差し込み口（さしこみぐち）: lỗ cắm、光の差し込み（ひかりのさしこみ）: sự chiếu sáng、差し込み式（さしこみしき）: kiểu cắm vào
染み込む,しみこむ,"thấm qua, thấm vào, ngấm vào",shinkanzen,Động từ nhóm 1 (Godan),雨（あめ）が土（つち）に染み込（しみこ）む。,Nước mưa thấm vào đất.,"染 (nhiễm) - nhuộm, nhiễm; 込 (kham) - vào trong. Kết hợp lại: thấm sâu vào bên trong, ngấm vào.",染み込み（しみこみ）: sự thấm vào、染み込み性（しみこみせい）: tính thấm thấu、染み込み効果（しみこみこうか）: hiệu quả thấm thấu
引っ込む,ひっこむ,"lui về, co lại, rút lui, ẩn đi",shinkanzen,Động từ nhóm 1 (Godan),秘書（ひしょ）は客（きゃく）を応接室（おうせつしつ）に通（とお）すと、奥（おく）へ引っ込（ひっこ）んだ。,"Thư ký đi ngang qua phòng tiếp đãi khách hàng, nên đã lùi vào trong.","引 (dẫn) - kéo, dẫn; 込 (kham) - vào trong. Kết hợp lại: kéo vào trong, lùi lại, rút lui.",引っ込み思案（ひっこみしあん）: tính nhút nhát、引っ込み行動（ひっこみこうどう）: hành động rút lui
詰め込む,つめこむ,"nhét vào, nhồi vào, đóng chặt",shinkanzen,Động từ nhóm 1 (Godan),かばんに荷物（にもつ）を詰め込（つめこ）む。,Nhét hành lí vào cặp.,"詰 (cật) - chật, nhét; 込 (kham) - vào trong. Kết hợp lại: nhét chặt vào bên trong, nhồi nhét.",詰め込み教育（つめこみきょういく）: giáo dục nhồi nhét、詰め込み過ぎ（つめこみすぎ）: nhét quá nhiều
飲み込む,のみこむ,"nuốt, hiểu rõ, lĩnh hội",shinkanzen,Động từ nhóm 1 (Godan),食べ物（たべもの）をかまずに飲み込（のみこ）む。,Không nhai đồ ăn mà nuốt chửng.,"飲 (ẩm) - uống; 込 (kham) - vào trong. Kết hợp lại: đưa vào bên trong qua đường miệng, nuốt vào.","飲み込み（のみこみ）: sự nuốt, sự hiểu、飲み込みが早い（のみこみがはやい）: lĩnh hội nhanh"
運び込む,はこびこむ,"mang vào, vận chuyển vào, chuyển vào",shinkanzen,Động từ nhóm 1 (Godan),引っ越し（ひっこし）の荷物（にもつ）を部屋（へや）に運び込（はこびこ）む。,Vận chuyển hành lí chuyển nhà vào trong phòng.,"運 (vận) - vận chuyển, số phận; 込 (kham) - vào trong. Kết hợp lại: vận chuyển vào bên trong.",運び込み（はこびこみ）: sự vận chuyển vào、荷物運び込み（にもつはこびこみ）: vận chuyển hàng hóa vào
打ち込む,うちこむ,"nhập vào, đánh vào, đập vào, dốc hết tâm sức",shinkanzen,Động từ nhóm 1 (Godan),パソコンにデータを打ち込（うちこ）む。,Nhập dữ liệu vào máy tính.,"打 (đả) - đánh, đập; 込 (kham) - vào trong. Kết hợp lại: đánh vào trong, nhập vào.",打ち込み（うちこみ）: sự nhập liệu、データ打ち込み（データうちこみ）: nhập dữ liệu、仕事に打ち込む（しごとにうちこむ）: dốc hết tâm sức vào công việc
注ぎ込む,そそぎこむ,"đổ vào, rót vào, mang lại, truyền dẫn",shinkanzen,Động từ nhóm 1 (Godan),子供（こども）に愛情（あいじょう）を注ぎ込（そそぎこ）む。,Mang lại yêu thương cho trẻ em.,"注 (chú) - rót, chú ý; 込 (kham) - vào trong. Kết hợp lại: rót vào, đổ vào, truyền vào.",注ぎ込み（そそぎこみ）: sự đổ vào、愛情注ぎ込み（あいじょうそそぎこみ）: sự truyền tình yêu thương、資金注ぎ込み（しきんそそぎこみ）: đầu tư vốn
引き込む,ひきこむ,"kéo vào, lôi vào, vướng vào",shinkanzen,Động từ nhóm 1 (Godan),友人（ゆうじん）を悪（あく）の道（みち）に引き込（ひきこ）む。,Bạn thân tôi bị vướng vào con đường xấu.,"引 (dẫn) - kéo, dẫn; 込 (kham) - vào trong. Kết hợp lại: kéo vào trong, lôi vào.",引き込み（ひきこみ）: sự lôi kéo、引き込み線（ひきこみせん）: đường ray nhánh
書き込む,かきこむ,"viết vào, ghi vào, điền vào",shinkanzen,Động từ nhóm 1 (Godan),ノートに感想（かんそう）を書き込（かきこ）む。,Viết cảm tưởng vào vở.,"書 (thư) - viết, sách; 込 (kham) - vào trong. Kết hợp lại: viết vào, ghi vào.","書き込み（かきこみ）: bài viết, nội dung viết、掲示板書き込み（けいじばんかきこみ）: bài đăng trên bảng thông báo"
巻き込む,まきこむ,"cuốn vào, dính vào, vướng vào",shinkanzen,Động từ nhóm 1 (Godan),事故（じこ）に巻き込（まきこ）まれてけがをした。,Bị vướng vào tai nạn nên đã bị thương.,"巻 (quyển) - cuốn, quyển; 込 (kham) - vào trong. Kết hợp lại: cuốn vào trong, lôi kéo vào.",巻き込み（まきこみ）: sự cuốn vào、巻き込み事故（まきこみじこ）: tai nạn liên lụy
追い込む,おいこむ,"lùa, dồn, đẩy vào tình thế bí",shinkanzen,Động từ nhóm 1 (Godan),羊（ひつじ）の群れ（むれ）を囲い（かこい）に追い込（おいこ）む。,Lùa đàn cừu vào chuồng.,"追 (truy) - đuổi theo; 込 (kham) - vào trong. Kết hợp lại: đuổi vào trong, dồn vào.",追い込み（おいこみ）: sự dồn ép、最終追い込み（さいしゅうおいこみ）: nỗ lực cuối cùng
呼び込む,よびこむ,"gọi vào, mời vào, thu hút",shinkanzen,Động từ nhóm 1 (Godan),ある国（くに）では、赤（あか）は運（うん）を呼び込（よびこ）む色（いろ）だと言（い）われている。,"Ở đất nước đó, màu đỏ được coi là màu may mắn.","呼 (hô) - gọi; 込 (kham) - vào trong. Kết hợp lại: gọi vào trong, mời vào.",呼び込み（よびこみ）: việc mời chào、客呼び込み（きゃくよびこみ）: thu hút khách hàng
座り込む,すわりこむ,"ngồi, ngồi sụp xuống, ngồi xuống biểu tình",shinkanzen,Động từ nhóm 1 (Godan),疲れてイスに座り込（すわりこ）む。,Vì mệt nên ngồi sụp xuống ghế.,"座 (tọa) - ngồi, ghế; 込 (kham) - vào trong. Kết hợp lại: ngồi sâu xuống, ngồi lâu một chỗ.",座り込みデモ（すわりこみデモ）: biểu tình ngồi、座り込み抗議（すわりこみこうぎ）: phản đối bằng cách ngồi
寝込む,ねこむ,"ngủ, ngủ say, nằm liệt giường vì bệnh",shinkanzen,Động từ nhóm 1 (Godan),病気（びょうき）で1週間（しゅうかん）寝込（ねこ）んだ。,Vì bệnh nên ngủ suốt 1 tuần.,"寝 (tẩm) - ngủ; 込 (kham) - vào trong. Kết hợp lại: ngủ sâu, nằm liệt giường.","寝込み（ねこみ）: giấc ngủ say, bệnh nặng、病気寝込み（びょうきねこみ）: nằm liệt giường vì bệnh"
話し込む,はなしこむ,"nói dài, nói chuyện kĩ càng, nói chuyện say sưa",shinkanzen,Động từ nhóm 1 (Godan),友人（ゆうじん）と電話（でんわ）で3時間（じかん）も話し込（はなしこ）んだ。,Nói chuyện với đứa bạn thân tới 3 giờ đồng hồ.,"話 (thoại) - nói, chuyện; 込 (kham) - vào trong. Kết hợp lại: nói chuyện sâu, say sưa.","話し込み（はなしこみ）: cuộc trò chuyện sâu, dài、深夜話し込み（しんやはなしこみ）: nói chuyện đến khuya"
黙り込む,だまりこむ,"giữ im lặng, câm lặng",shinkanzen,Động từ nhóm 1 (Godan),母（はは）は不機嫌（ふきげん）になると黙り込（だまりこ）む。,Khi mẹ không khỏe sẽ im lặng.,"黙 (mặc) - im lặng; 込 (kham) - vào trong. Kết hợp lại: im lặng sâu sắc, câm lặng.",黙り込み（だまりこみ）: sự im lặng、ショックで黙り込む（ショックでだまりこむ）: im lặng vì sốc
泊まり込む,とまりこむ,"ở qua đêm, ở lại qua đêm",shinkanzen,Động từ nhóm 1 (Godan),病院（びょういん）に泊まり込（とまりこ）んで看病（かんびょう）する。,Ở lại bệnh viện để chăm sóc bệnh nhân.,"泊 (bạc) - nghỉ lại, đậu; 込 (kham) - vào trong. Kết hợp lại: ở lại lâu, nghỉ lại qua đêm.",泊まり込み（とまりこみ）: việc ở lại qua đêm、泊まり込み仕事（とまりこみしごと）: công việc yêu cầu ở lại qua đêm
住み込む,すみこむ,"sống ở, sống với, sống tại nơi làm việc",shinkanzen,Động từ nhóm 1 (Godan),弟子（でし）になって、師匠（ししょう）の家（いえ）に住み込（すみこ）む。,Khi trở thành đệ tử sẽ sống tại nhà sư phụ.,"住 (trú/trụ) - sống, ở; 込 (kham) - vào trong. Kết hợp lại: sống sâu bên trong, sống cùng.",住み込み（すみこみ）: sống tại nơi làm việc、住み込み家政婦（すみこみかせいふ）: người giúp việc sống cùng nhà
煮込む,にこむ,"nấu, ninh, hầm",shinkanzen,Động từ nhóm 1 (Godan),弱火（よわび）で煮込（にこ）む。,Nấu bằng lửa nhẹ.,"煮 (chử) - nấu; 込 (kham) - vào trong. Kết hợp lại: nấu sâu, nấu lâu, ninh.",煮込み（にこみ）: món hầm、トマト煮込み（トマトにこみ）: hầm cà chua、じっくり煮込む（じっくりにこむ）: nấu từ từ
頼み込む,たのみこむ,"nhờ vả, cầu xin, năn nỉ",shinkanzen,Động từ nhóm 1 (Godan),頭（あたま）を下（さ）げて先輩（せんぱい）に頼み込（たのみこ）んだ。,Cúi đầu nhờ tiền bối.,"頼 (lại) - nhờ cậy, tin cậy; 込 (kham) - vào trong. Kết hợp lại: nhờ vả sâu sắc, cầu xin.",頼み込み（たのみこみ）: sự cầu xin、必死に頼み込む（ひっしにたのみこむ）: cầu xin tuyệt vọng
教え込む,おしえこむ,"dạy, truyền dẫn, thấm nhuần cho",shinkanzen,Động từ nhóm 2 (Ichidan),動物（どうぶつ）に根気（こんき）よく芸（げい）を教え込（おしえこ）んだ。,Kiên nhẫn dạy nghệ thuật cho động vật.,"教 (giáo) - dạy, giáo dục; 込 (kham) - vào trong. Kết hợp lại: dạy sâu vào, truyền dẫn kỹ lưỡng.",教え込み（おしえこみ）: việc dạy dỗ kỹ lưỡng、徹底教え込み（てっていおしえこみ）: dạy triệt để
実施,じっし,"thực thi, thực hiện, triển khai",shinkanzen,Danh từ / Động từ する,大会（たいかい）は予定（よてい）通（どお）り実施（じっし）された。,Đại hội được thực hiện theo đúng kế hoạch.,"実 (thực) - thực tế, sự thật; 施 (thi) - thi hành, thực hiện, ban phát. Kết hợp lại: đưa vào thực tiễn.",実施計画（じっしけいかく）: kế hoạch thực hiện、実施段階（じっしだんかい）: giai đoạn thực hiện、実施方法（じっしほうほう）: phương pháp thực hiện
許可,きょか,"sự cho phép, giấy phép, sự đồng ý",shinkanzen,Danh từ / Động từ する,路上（ろじょう）での撮影（さつえい）には警察（けいさつ）の許可（きょか）が必要（ひつよう）だ。,Việc chụp ảnh trên đường cần có sự cho phép của cảnh sát.,"許 (hứa) - cho phép, tha thứ; 可 (khả) - có thể, khả thi. Kết hợp lại: cho phép điều có thể thực hiện được.",許可証（きょかしょう）: giấy phép、入国許可（にゅうこくきょか）: giấy phép nhập cảnh、建築許可（けんちくきょか）: giấy phép xây dựng
全体,ぜんたい,"toàn thể, toàn bộ, tất cả",shinkanzen,Danh từ,この会社（かいしゃ）の従業員（じゅうぎょういん）は、全体（ぜんたい）で500人（にん）ぐらいだ。,Tổng số nhân viên của công ty này khoảng 500 người.,"全 (toàn) - toàn bộ, hoàn toàn; 体 (thể) - thân thể, cơ thể. Kết hợp lại: toàn bộ cơ thể, chỉ sự đầy đủ, trọn vẹn.",全体的（ぜんたいてき）: toàn diện、全体像（ぜんたいぞう）: bức tranh tổng thể、全体会議（ぜんたいかいぎ）: cuộc họp toàn thể
部分,ぶぶん,"bộ phận, phần, thành phần",shinkanzen,Danh từ,レポートの最後（さいご）の部分（ぶぶん）は書（か）き直（なお）すつもりだ。,Tôi định sửa lại phần cuối của bài báo cáo.,"部 (bộ) - bộ phận, phòng ban; 分 (phân) - phân chia, chia ra. Kết hợp lại: một phần được chia ra từ tổng thể.",大部分（だいぶぶん）: phần lớn、部分的（ぶぶんてき）: một phần、一部分（いちぶぶん）: một phần nhỏ
統一,とういつ,"thống nhất, hợp nhất, đồng bộ hóa",shinkanzen,Danh từ / Động từ する,EUは通貨（つうか）をユーロに統一（とういつ）した。,EU đã thống nhất tiền tệ thành đồng Euro.,"統 (thống) - kiểm soát, quản lý; 一 (nhất) - một, duy nhất. Kết hợp lại: đưa mọi thứ về một mối quản lý thống nhất.",統一見解（とういつけんかい）: quan điểm thống nhất、統一行動（とういつこうどう）: hành động thống nhất、統一感（とういつかん）: cảm giác thống nhất
拡大,かくだい,"mở rộng, phóng to, khuếch đại",shinkanzen,Danh từ / Động từ する,地図（ちず）が小（ちい）さくて見（み）づらいので、拡大（かくだい）コピーを取（と）った。,Bản đồ nhỏ khó nhìn nên tôi đã làm một bản sao phóng to.,"拡 (khuếch) - mở rộng, phát triển; 大 (đại) - lớn, to. Kết hợp lại: làm cho trở nên lớn hơn.",拡大解釈（かくだいかいしゃく）: diễn giải rộng、拡大再生産（かくだいさいせいさん）: tái sản xuất mở rộng、拡大鏡（かくだいきょう）: kính lúp
縮小,しゅくしょう,"thu nhỏ, co lại, giảm quy mô",shinkanzen,Danh từ / Động từ する,B4をA4に縮小（しゅくしょう）してコピーした。,"Tôi đã sao chép, thu nhỏ từ khổ B4 xuống A4.","縮 (súc) - co lại, rút ngắn; 小 (tiểu) - nhỏ, bé. Kết hợp lại: làm cho trở nên nhỏ hơn.",縮小版（しゅくしょうばん）: phiên bản thu nhỏ、規模縮小（きぼしゅくしょう）: thu hẹp quy mô、縮小コピー: bản sao thu nhỏ
集合,しゅうごう,"tập hợp, tập trung, hội tụ",shinkanzen,Danh từ / Động từ する,「面接（めんせつ）を受（う）ける人（ひと）は、予定（よてい）時間（じかん）の30分（ぷん）前（まえ）に会場（かいじょう）に集合（しゅうごう）してください」,"""""""Những người tham gia phỏng vấn vui lòng tập trung tại địa điểm 30 phút trước giờ dự kiến.""""""","集 (tập) - tụ tập, thu thập; 合 (hợp) - hợp lại, kết hợp. Kết hợp lại: mọi thứ được thu thập và kết hợp với nhau.",集合時間（しゅうごうじかん）: giờ tập trung、集合場所（しゅうごうばしょ）: địa điểm tập trung、集合体（しゅうごうたい）: tập thể
方向,ほうこう,"phương hướng, hướng, chiều hướng",shinkanzen,Danh từ,川（かわ）は北東（ほくとう）から南西（なんせい）の方向（ほうこう）に流（なが）れている。,Dòng sông chảy theo hướng từ đông bắc xuống tây nam.,"方 (phương) - phương, cách thức; 向 (hướng) - hướng về, đối diện. Kết hợp lại: hướng đi theo một phương nhất định.",方向音痴（ほうこうおんち）: người mất phương hướng、方向転換（ほうこうてんかん）: chuyển hướng、進行方向（しんこうほうこう）: hướng di chuyển
間隔,かんかく,"khoảng cách, khoảng trống, khoảng thời gian",shinkanzen,Danh từ,50センチの間隔（かんかく）をあけて机（つくえ）を並（なら）べた。,Xếp các bàn cách nhau 50cm.,"間 (gian) - khoảng, giữa; 隔 (cách) - ngăn cách, cách biệt. Kết hợp lại: khoảng trống giữa những thứ được ngăn cách.",時間間隔（じかんかんかく）: khoảng thời gian、等間隔（とうかんかく）: khoảng cách đều nhau、間隔調整（かんかくちょうせい）: điều chỉnh khoảng cách
脇,わき,"nách, bên cạnh, lề",shinkanzen,Danh từ,体温計（たいおんけい）をわきの下（した）に挟（はさ）んで熱（ねつ）を測（はか）る。,Kẹp nhiệt kế vào nách để đo nhiệt độ.,"月 (bên trái) - chỉ thịt, bộ phận cơ thể; 力 (bên phải) - sức mạnh. Kết hợp lại: phần cơ thể ở bên cạnh, mang sức mạnh ở hai bên (nách).",脇道（わきみち）: đường nhỏ bên cạnh、脇目（わきめ）: nhìn sang một bên、脇役（わきやく）: vai phụ
通過,つうか,"thông qua, đi qua, vượt qua",shinkanzen,Danh từ / Động từ する,国境（こっきょう）を車（くるま）で通過（つうか）する。,Xe hơi đi qua biên giới.,"通 (thông) - đi qua, thông suốt; 過 (quá) - vượt qua, quá mức. Kết hợp lại: hành động đi xuyên qua và vượt qua một nơi.",通過駅（つうかえき）: ga chỉ đi qua không dừng、通過点（つうかてん）: điểm đi qua、通過儀礼（つうかぎれい）: nghi thức chuyển giao
移動,いどう,"di chuyển, dời đi, thay đổi vị trí",shinkanzen,Danh từ / Động từ する,今度（こんど）の旅行（りょこう）では、移動（いどう）はすべてバスだ。,"Chuyến du lịch lần này, tất cả việc di chuyển đều bằng xe buýt.","移 (di) - dời đi, chuyển đi; 動 (động) - chuyển động, hoạt động. Kết hợp lại: chuyển động đến một vị trí khác.",移動時間（いどうじかん）: thời gian di chuyển、移動販売（いどうはんばい）: bán hàng lưu động、移動手段（いどうしゅだん）: phương tiện di chuyển
停止,ていし,"dừng lại, tạm ngưng, đình chỉ",shinkanzen,Danh từ / Động từ する,そのスーパーは停電（ていでん）のため、営業（えいぎょう）を停止（ていし）した。,Siêu thị đó đã tạm ngưng kinh doanh do mất điện.,"停 (đình) - dừng lại, đỗ; 止 (chỉ) - dừng, ngưng. Kết hợp lại: dừng hẳn lại, không chuyển động nữa.",営業停止（えいぎょうていし）: đình chỉ kinh doanh、一時停止（いちじていし）: tạm dừng、出場停止（しゅつじょうていし）: đình chỉ thi đấu
低下,ていか,"suy giảm, hạ thấp, giảm sút",shinkanzen,Danh từ / Động từ する,高（たか）く昇（のぼ）れば昇（のぼ）るほど、気温（きおん）が低下（ていか）する。,"Càng lên cao, nhiệt độ càng giảm.","低 (đê) - thấp, hạ; 下 (hạ) - dưới, hạ xuống. Kết hợp lại: đưa xuống vị trí thấp hơn, giảm xuống.",気温低下（きおんていか）: nhiệt độ hạ、能力低下（のうりょくていか）: suy giảm khả năng、収入低下（しゅうにゅうていか）: giảm thu nhập
超過,ちょうか,"vượt quá, quá mức, vượt ngưỡng",shinkanzen,Danh từ / Động từ する,彼女（かのじょ）の荷物（にもつ）は規定（きてい）の重量（じゅうりょう）を10キロも超過（ちょうか）していた。,Hành lý của cô ấy vượt quá trọng lượng quy định đến 10kg.,"超 (siêu) - vượt qua, siêu việt; 過 (quá) - quá mức, vượt qua. Kết hợp lại: vượt quá mức cho phép.",超過料金（ちょうかりょうきん）: phí vượt quá quy định、超過勤務（ちょうかきんむ）: làm việc quá giờ、重量超過（じゅうりょうちょうか）: vượt quá trọng lượng
立ち上がる,たちあがる,"đứng dậy, khởi động (dự án)",shinkanzen,Động từ tự động (自動詞),椅子（いす）から立ち上（あ）がる。,Đứng dậy khỏi ghế.,"立 (lập) - đứng; 上 (thượng) - lên, trên; 上がる (あがる) - đi lên, tăng lên. Kết hợp lại: hành động đứng dậy, đứng lên.","立ち上がり（たちあがり）: sự khởi đầu、立ち上げ（たちあげ）: sự khởi động、立ち直る（たちなおる）: phục hồi, gượng dậy"
飛び上がる,とびあがる,"nhảy lên, vọt lên",shinkanzen,Động từ tự động (自動詞),飛び上（あ）がって喜（よろこ）ぶ。,Nhảy cẩng lên vui sướng.,"飛 (phi) - bay; 上 (thượng) - lên, trên; 上がる (あがる) - đi lên. Kết hợp lại: hành động bay lên, nhảy lên.",飛び跳ねる（とびはねる）: nhảy tung tăng、飛び込む（とびこむ）: lao vào、飛び出す（とびだす）: phóng ra
浮かび上がる,うかびあがる,"nổi lên, hiện lên, xuất hiện",shinkanzen,Động từ tự động (自動詞),水面（すいめん）に浮（う）かび上（あ）がる。,Trôi nổi trên mặt nước.,"浮 (phù) - nổi; 上 (thượng) - lên, trên; 上がる (あがる) - đi lên. Kết hợp lại: hành động nổi lên từ bên dưới.",浮かぶ（うかぶ）: nổi lên、浮かべる（うかべる）: làm nổi lên、浮き彫り（うきぼり）: nổi bật
舞い上がる,まいあがる,"khuấy lên, bay lên, hưng phấn",shinkanzen,Động từ tự động (自動詞),砂（すな）が舞（ま）い上（あ）がる。,Cát bay lên.,"舞 (vũ) - múa; 上 (thượng) - lên, trên; 上がる (あがる) - đi lên. Kết hợp lại: hành động bay lên, xoay tròn trong không khí.","舞う（まう）: xoay tròn, bay lượn、舞い散る（まいちる）: bay tán loạn、舞い降りる（まいおりる）: bay xuống"
燃え上がる,もえあがる,"bùng cháy, bốc cháy",shinkanzen,Động từ tự động (自動詞),火（ひ）が燃（も）え上（あ）がる。,Lửa bùng cháy.,"燃 (nhiên) - cháy; 上 (thượng) - lên, trên; 上がる (あがる) - đi lên. Kết hợp lại: hành động bùng cháy, cháy lên.",燃え尽きる（もえつきる）: cháy hết、燃え広がる（もえひろがる）: lan rộng、燃え立つ（もえたつ）: bùng lên
盛り上がる,もりあがる,"tăng lên, đứng lên, sôi nổi",shinkanzen,Động từ tự động (自動詞),筋肉（きんにく）が盛（も）り上（あ）がっている。,Cơ bắp nổi lên.,"盛 (thịnh) - đầy đặn, thịnh vượng; 上 (thượng) - lên, trên; 上がる (あがる) - đi lên. Kết hợp lại: dâng lên, nổi lên.",盛り上げる（もりあげる）: làm cho sôi nổi、盛り上がり（もりあがり）: sự sôi nổi、盛り返す（もりかえす）: hồi phục
沸き上がる,わきあがる,"sôi lên, sủi bọt lên",shinkanzen,Động từ tự động (自動詞),歓声（かんせい）が沸（わ）き上（あ）がる。,Tiếng hoan hô náo nhiệt vang lên.,"沸 (phí) - sôi; 上 (thượng) - lên, trên; 上がる (あがる) - đi lên. Kết hợp lại: hành động sôi lên, trào lên.",沸く（わく）: sôi、沸かす（わかす）: đun sôi、沸騰する（ふっとうする）: sôi trào
晴れ上がる,はれあがる,"sạch, trong",shinkanzen,Động từ tự động (自動詞),晴（は）れあがった秋空（あきぞら）。,"Bầu trời thu nắng đẹp, trong xanh.","晴 (tình) - quang đãng; 上 (thượng) - lên, trên; 上がる (あがる) - đi lên. Kết hợp lại: trở nên quang đãng, trong trẻo.",晴れる（はれる）: quang đãng、晴天（せいてん）: trời nắng đẹp、晴れ間（はれま）: khoảng trời quang
震え上がる,ふるえあがる,run rẩy,shinkanzen,Động từ tự động (自動詞),寒（さむ）さに震（ふる）え上（あ）がる。,Run lên vì lạnh.,"震 (chấn) - rung, run; 上 (thượng) - lên, trên; 上がる (あがる) - đi lên. Kết hợp lại: hành động run rẩy mạnh.",震える（ふるえる）: run、震動（しんどう）: rung động、震撼する（しんかんする）: chấn động
縮み上がる,ちぢみあがる,sun lại (vì lạnh),shinkanzen,Động từ tự động (自動詞),寒（さむ）さに縮（ちぢ）み上（あ）がる。,Co lại vì lạnh.,"縮 (súc) - co lại, thu nhỏ; 上 (thượng) - lên, trên; 上がる (あがる) - đi lên. Kết hợp lại: co rúm người lại.",縮む（ちぢむ）: co lại、縮小する（しゅくしょうする）: thu nhỏ、縮こまる（ちぢこまる）: co ro
干上がる,ひあがる,"để khô, bị khô, cạn",shinkanzen,Động từ tự động (自動詞),池（いけ）が干上（ひあ）がる。,Ao bị cạn nước.,"干 (can) - khô; 上 (thượng) - lên, trên; 上がる (あがる) - đi lên. Kết hợp lại: trở nên khô cạn, nước rút đi.",干す（ほす）: phơi khô、干潮（かんちょう）: thủy triều rút、干渉（かんしょう）: can thiệp
出来上がる,できあがる,hoàn thành,shinkanzen,Động từ tự động (自動詞),料理（りょうり）が出来上（できあ）がった。,Món ăn đã nấu xong.,"出 (xuất) - ra; 来 (lai) - đến; 上 (thượng) - lên, trên; 上がる (あがる) - đi lên. Kết hợp lại: quá trình hoàn thành từ đầu đến cuối.",出来上がり（できあがり）: sản phẩm hoàn thành、出来栄え（できばえ）: chất lượng thành phẩm、手作り（てづくり）: làm thủ công
持ち上げる,もちあげる,nâng lên,shinkanzen,Động từ tha động (他動詞),荷物（にもつ）を持（も）ち上（あ）げる。,Nâng hành lý lên.,"持 (trì) - cầm, mang; 上 (thượng) - lên, trên; 上げる (あげる) - nâng lên. Kết hợp lại: hành động cầm và nâng lên.",持ち上げ（もちあげ）: sự nâng lên、持ち運ぶ（もちはこぶ）: mang đi、持ち込む（もちこむ）: mang vào
見上げる,みあげる,nhìn lên,shinkanzen,Động từ tha động (他動詞),空（そら）を見上（みあ）げる。,Nhìn lên bầu trời.,"見 (kiến) - nhìn, xem; 上 (thượng) - lên, trên; 上げる (あげる) - nâng lên. Kết hợp lại: hành động nhìn lên, ngước nhìn.",見上げた（みあげた）: đáng ngưỡng mộ、見上げる（みあげる）: nhìn lên、見下ろす（みおろす）: nhìn xuống
積み上げる,つみあげる,"chất lên, tích lũy",shinkanzen,Động từ tha động (他動詞),資料（しりょう）を積（つ）み上（あ）げる。,Chất những tài liệu.,"積 (tích) - chất, tích lũy; 上 (thượng) - lên, trên; 上げる (あげる) - nâng lên. Kết hợp lại: hành động xếp chồng, chất đống.",積み重ねる（つみかさねる）: chồng chất、積み下ろす（つみおろす）: bốc dỡ、積み込む（つみこむ）: chất vào
打ち上げる,うちあげる,"phát, bắn, phóng lên",shinkanzen,Động từ tha động (他動詞),ロケットを打（う）ち上（あ）げる。,Phóng tên lửa.,"打 (đả) - đánh, đập; 上 (thượng) - lên, trên; 上げる (あげる) - nâng lên. Kết hợp lại: hành động bắn, phóng lên.",打ち上げ（うちあげ）: sự phóng lên、打ち上げ花火（うちあげはなび）: pháo hoa bắn lên、打ち合わせ（うちあわせ）: cuộc họp
立ち上げる,たちあげる,khởi động,shinkanzen,Động từ tha động (他動詞),コンピューターを立（た）ち上（あ）げる。,Khởi động máy tính.,"立 (lập) - đứng; 上 (thượng) - lên, trên; 上げる (あげる) - nâng lên. Kết hợp lại: hành động làm cho đứng lên, khởi động.",立ち上げ（たちあげ）: sự khởi động、立ち上がる（たちあがる）: đứng dậy、立ち向かう（たちむかう）: đối mặt
切り上げる,きりあげる,"kết thúc, làm tròn lên",shinkanzen,Động từ tha động (他動詞),今日（きょう）は仕事（しごと）を5時（じ）で切（き）り上（あ）げよう。,Hôm nay tôi sẽ gắng hoàn thành công việc lúc 5 giờ.,"切 (thiết) - cắt; 上 (thượng) - lên, trên; 上げる (あげる) - nâng lên. Kết hợp lại: cắt và nâng lên, kết thúc.",切り上げ（きりあげ）: sự làm tròn lên、切り下げる（きりさげる）: làm tròn xuống、切り捨てる（きりすてる）: bỏ đi
繰り上げる,くりあげる,"sớm hơn, đưa lên",shinkanzen,Động từ tha động (他動詞),時間（じかん）を繰（く）り上（あ）げる。,Đưa thời gian sớm hơn.,"繰 (sào) - lặp lại; 上 (thượng) - lên, trên; 上げる (あげる) - nâng lên. Kết hợp lại: chuyển lên, đưa lên sớm hơn.",繰り上げ（くりあげ）: sự đưa lên、繰り下げる（くりさげる）: hoãn lại、繰り越す（くりこす）: chuyển sang
磨き上げる,みがきあげる,"làm bóng, hoàn thiện",shinkanzen,Động từ tha động (他動詞),磨（みが）き上（あ）げた靴（くつ）。,Giày đã được đánh bóng.,"磨 (ma) - mài, đánh bóng; 上 (thượng) - lên, trên; 上げる (あげる) - nâng lên. Kết hợp lại: đánh bóng, làm cho hoàn hảo.",磨く（みがく）: đánh bóng、磨き（みがき）: sự đánh bóng、研ぎ上げる（とぎあげる）: mài sắc
鍛え上げる,きたえあげる,rèn luyện,shinkanzen,Động từ tha động (他動詞),選手（せんしゅ）たちを鍛（きた）え上（あ）げる。,Huấn luyện các tuyển thủ.,"鍛 (đoán) - rèn, luyện; 上 (thượng) - lên, trên; 上げる (あげる) - nâng lên. Kết hợp lại: rèn luyện để nâng cao, hoàn thiện.",鍛える（きたえる）: rèn luyện、鍛錬（たんれん）: luyện tập、体鍛え（からだきたえ）: tập thể lực
書き上げる,かきあげる,"viết xong, hoàn thành việc viết",shinkanzen,Động từ nhóm 2 (ichidan),レポートを書（か）き上（あ）げた。,Viết xong báo cáo.,"書 (viết) - mô tả hành động viết; 上 (lên) - hướng lên trên, hoàn thành; げる - phần đuôi động từ ichidan.","書き上げ（かきあげ）: sự hoàn thành bản viết、執筆（しっぴつ）: viết, soạn thảo"
育て上げる,そだてあげる,"nuôi nấng, nuôi dạy đến lớn khôn",shinkanzen,Động từ nhóm 2 (ichidan),子供（こども）を育（そだ）て上（あ）げる。,Nuôi dạy con cái.,"育 (nuôi dạy) - liên quan đến sự phát triển, lớn lên; 上 (lên) - hướng lên, hoàn thành; げる - phần đuôi động từ ichidan.","子育て（こそだて）: nuôi dạy con cái、養育（よういく）: nuôi dưỡng, chăm sóc"
読み上げる,よみあげる,"đọc to, đọc lên",shinkanzen,Động từ nhóm 2 (ichidan),卒業生（そつぎょうせい）の名前（なまえ）を読（よ）み上（あ）げる。,Đọc to tên học sinh tốt nghiệp.,"読 (đọc) - hành động đọc; 上 (lên) - hướng lên trên, phát ra; げる - phần đuôi động từ ichidan.","朗読（ろうどく）: đọc to, đọc diễn cảm、音読（おんどく）: đọc có âm thanh"
数え上げる,かぞえあげる,"đếm ra, liệt kê ra",shinkanzen,Động từ nhóm 2 (ichidan),欠点（けってん）を数（かぞ）え上（あ）げる。,Đếm to ra những khuyết điểm.,"数 (số) - liên quan đến con số, đếm; 上 (lên) - hướng lên, nêu ra; げる - phần đuôi động từ ichidan.","列挙（れっきょ）: liệt kê、計数（けいすう）: đếm, tính toán"
投げ出す,なげだす,"buông, ném đi, từ bỏ",shinkanzen,Động từ nhóm 5 (godan),足（あし）を投（な）げ出（だ）して座（すわ）る。,Bỏ chân ra và ngồi.,"投 (ném) - hành động ném; 出 (ra) - đi ra ngoài, xuất hiện; す - phần đuôi động từ godan.",投げやり（なげやり）: vô trách nhiệm、放棄（ほうき）: từ bỏ
持ち出す,もちだす,"cầm đi, mang ra",shinkanzen,Động từ nhóm 5 (godan),この本（ほん）は図書館（としょかん）から持（も）ち出（だ）さないでください。,Không mang cuốn sách này ra khỏi thư viện.,"持 (cầm) - giữ, nắm; 出 (ra) - đi ra ngoài, xuất hiện; す - phần đuôi động từ godan.","持ち出し（もちだし）: việc mang đi、持ち去る（もちさる）: mang đi, lấy đi"
追い出す,おいだす,"đuổi đi, xua đi",shinkanzen,Động từ nhóm 5 (godan),入（はい）ってきた虫（むし）を追（お）い出（だ）す。,Đuổi con sâu đi.,"追 (đuổi) - theo sau, đuổi theo; 出 (ra) - đi ra ngoài, xuất hiện; す - phần đuôi động từ godan.",追放（ついほう）: trục xuất、排除（はいじょ）: loại bỏ
放り出す,ほうりだす,"ném sang bên, vứt bỏ",shinkanzen,Động từ nhóm 5 (godan),子供（こども）は学校（がっこう）から帰（かえ）ってくると、かばんを放（ほう）り出（だ）して遊（あそ）びに行（い）った。,Đứa con vừa đi học về liền ném cặp sang một bên và đi chơi.,"放 (thả, bỏ) - buông ra, thả lỏng; 出 (ra) - đi ra ngoài, xuất hiện; す - phần đuôi động từ godan.","放置（ほうち）: bỏ mặc、投げ捨てる（なげすてる）: ném đi, vứt bỏ"
貸し出す,かしだす,cho mượn,shinkanzen,Động từ nhóm 5 (godan),「この図書館（としょかん）では雑誌（ざっし）も貸（か）し出（だ）していますか」,Ở thư viện này có cho mượn tạp chí không ạ?,"貸 (cho mượn) - liên quan đến việc cho vay, mượn; 出 (ra) - đi ra ngoài, xuất hiện; す - phần đuôi động từ godan.",貸し出し期間（かしだしきかん）: thời hạn cho mượn、貸出（かしだし）: sự cho mượn
聞き出す,ききだす,"nghe, dò hỏi",shinkanzen,Động từ nhóm 5 (godan),相手（あいて）から情報（じょうほう）を聞（き）き出（だ）す。,Nghe thông tin từ đối phương.,"聞 (nghe) - liên quan đến nghe, hỏi; 出 (ra) - đi ra ngoài, xuất hiện; す - phần đuôi động từ godan.",取り調べ（とりしらべ）: thẩm vấn、尋問（じんもん）: tra hỏi
連れ出す,つれだす,"dẫn đi, đưa đi",shinkanzen,Động từ nhóm 5 (godan),嫌（いや）がる娘（むすめ）をむりやり連（つ）れ出（だ）して病院（びょういん）に行（い）った。,Dẫn đứa em gái không thích đi bệnh viện một cách cướng chế.,"連 (dẫn, liên kết) - kết nối, dẫn dắt; 出 (ra) - đi ra ngoài, xuất hiện; す - phần đuôi động từ godan.",引率（いんそつ）: dẫn dắt、案内（あんない）: hướng dẫn
引っ張り出す,ひっぱりだす,"lôi ra, kéo ra",shinkanzen,Động từ nhóm 5 (godan),押（お）し入（い）れの奥（おく）から古（ふる）いアルバムを引（ひ）っ張（ぱ）り出（だ）した。,Lôi ra album cũ từ phía trong ngăn.,引 (kéo) - kéo về phía mình; 張 (căng ra) - mở rộng; 出 (ra) - đi ra ngoài; す - phần đuôi động từ godan.,引き抜く（ひきぬく）: kéo ra、取り出す（とりだす）: lấy ra
逃げ出す,にげだす,"chạy trốn, tẩu thoát",shinkanzen,Động từ nhóm 5 (godan),燃（も）えている家（いえ）の中（なか）から逃（に）げ出（だ）す。,Chạy trốn khỏi căn nhà đang cháy.,"逃 (chạy trốn) - thoát khỏi, trốn tránh; 出 (ra) - đi ra ngoài, xuất hiện; す - phần đuôi động từ godan.",脱出（だっしゅつ）: thoát ra、逃亡（とうぼう）: bỏ trốn
飛び出す,とびだす,"nhảy ra, bay ra",shinkanzen,Động từ nhóm 5 (godan),箱（はこ）を開（あ）けるとカエルが飛（と）び出（だ）した。,Vừa mở cái hộp con ếch đã nhảy ra.,,
"example3_vi: Không được chạy lao ra ở đường ô tô chạy.""",突進（とっしん）: xông vào、飛び込む（とびこむ）: nhảy vào,突出（とっしゅつ）する: nhô ra、急に出る（きゅうにでる）: đột ngột xuất hiện,shinkanzen,"飛び (bay) + 出す (ra) = bay vọt ra ngoài, như một con chim đột ngột bay ra từ tổ.","飛 (bay) - bay, nhảy vọt; 出 (ra) - đi ra ngoài, xuất hiện; す - phần đuôi động từ godan.","N2, động-từ, di-chuyển, đột-ngột, tốc-độ",Kero Mimikaraoboeru_N2_Unit_4,
見つけ出す,みつけだす,"tìm ra, tìm thấy",shinkanzen,Động từ nhóm 5 (godan),図書館（としょかん）の本棚（ほんだな）から、探（さが）していた本（ほん）を見（み）つけ出（だ）した。,Tôi đã tìm thấy quyển sách đang tìm ở hàng sách của thư viện.,"見 (nhìn) - liên quan đến thị giác; つけ - phần đuôi của 見つける; 出 (ra) - đi ra ngoài, xuất hiện; す - phần đuôi động từ godan.",発見（はっけん）: phát hiện、探し出す（さがしだす）: tìm ra
探し出す,さがしだす,"tìm thấy, phát hiện",shinkanzen,Động từ nhóm 5 (godan),行方（ゆくえ）不明（ふめい）になっていたペットを探（さが）し出（だ）した。,Đã tìm ra con thú cưng bị thất lạc.,"探 (tìm) - điều tra, tìm kiếm; 出 (ra) - đi ra ngoài, xuất hiện; す - phần đuôi động từ godan.",捜索（そうさく）: tìm kiếm、発掘（はっくつ）: khai quật
書き出す,かきだす,"viết ra, ghi ra",shinkanzen,Động từ nhóm 5 (godan),今日（きょう）の予定（よてい）をノートに書（か）きだした。,Ghi ra những dự định hôm nay vào vở.,"書 (viết) - hành động viết; 出 (ra) - đi ra ngoài, xuất hiện; す - phần đuôi động từ godan.",メモする: ghi chú、列挙（れっきょ）する: liệt kê
飛び込む,とびこむ,nhảy vào (hồ bơi),shinkanzen,Động từ nhóm 5 (godan),プールに飛（と）び込（こ）む。,Nhảy vào hồ bơi.,,
"example3_vi: Một tin tức lớn đã bay đến.""",飛び込み（とびこみ）: sự nhảy vào、ダイビング: lặn,突入（とつにゅう）する: xông vào、潜る（もぐる）: lặn vào,shinkanzen,"飛び (bay) + 込む (vào) = bay vào trong, như khi bạn nhảy vào hồ bơi hoặc đột ngột tham gia vào một tình huống mới.","飛 (bay) - bay, nhảy vọt; 込 (vào) - đi vào, thâm nhập; む - phần đuôi động từ godan.","N2, động-từ, nhảy-vào, di-chuyển, thể-thao",Kero Mimikaraoboeru_N2_Unit_4,
駆け込む,かけこむ,lao về (lớp học),shinkanzen,Động từ nhóm 5 (godan),大急（おおいそ）ぎで教室（きょうしつ）に駆（か）け込（こ）んだ。,Vì rất vội nên đã lao vào lớp học.,"駆 (chạy) - phi nhanh, lao đi; 込 (vào) - đi vào, thâm nhập; む - phần đuôi động từ godan.",駆け込み乗車（かけこみじょうしゃ）: nhảy lên xe vào phút chót、緊急（きんきゅう）避難（ひなん）: sơ tán khẩn cấp
割り込む,わりこむ,cắt (thành hàng),shinkanzen,Động từ nhóm 5 (godan),列（れつ）に割（わ）り込（こ）む。,Cắt ngang hàng.,"割 (cắt) - chia, cắt; 込 (vào) - đi vào, thâm nhập; む - phần đuôi động từ godan.",割り込み（わりこみ）: sự xen vào、横入り（よこいり）: chen ngang
話し合う,はなしあう,"đàm luận, thảo luận, nói chuyện cùng nhau",shinkanzen,Động từ nhóm 1 (Godan-doushi),暴力（ぼうりょく）はいけない。話（はな）し合（あ）って解決（かいけつ）しよう。,"Không được dùng bạo lực, hãy nói chuyện cùng nhau để giải quyết.","話 (thoại) - nói, câu chuyện; 合 (hợp) - cùng nhau, kết hợp. Kết hợp lại: nói chuyện cùng nhau để đạt được sự nhất trí.",話し合い（はなしあい）: cuộc thảo luận、話し合いの場（はなしあいのば）: nơi thảo luận
言い合う,いいあう,"nói với nhau, tranh cãi, thảo luận",shinkanzen,Động từ nhóm 1 (Godan-doushi),言（い）いたいことを言（い）い合（あ）って、最後（さいご）に仲直（なかなお）りした。,"Nói cùng nhau những điều cần nói, cuối cùng đã làm hòa.","言 (ngôn) - nói, lời nói; 合 (hợp) - cùng nhau, kết hợp. Kết hợp lại: hai người nói ra ý kiến của mình một cách trực diện.",言い合い（いいあい）: cuộc tranh cãi、口喧嘩（くちげんか）: cãi vã
語り合う,かたりあう,"nói chuyện cùng nhau, tâm sự với nhau",shinkanzen,Động từ nhóm 1 (Godan-doushi),久（ひさ）しぶりに会（あ）った友人（ゆうじん）と深夜（しんや）まで語（かた）り合（あ）った。,Nói chuyện đến tận khuya với người bạn lâu nay không gặp.,"語 (ngữ) - nói, kể; 合 (hợp) - cùng nhau, kết hợp. Kết hợp lại: hai người cùng kể chuyện của mình cho nhau nghe.",語らい（かたらい）: cuộc trò chuyện、夜語り（よがたり）: chuyện trò đêm khuya
見つめ合う,みつめあう,"nhìn nhau chằm chằm, nhìn nhau đắm đuối",shinkanzen,Động từ nhóm 1 (Godan-doushi),二人（ふたり）は互（たが）いの目（め）を見（み）つめ合（あ）った。,Hai người nhìn chằm chằm vào mắt nhau.,"見 (kiến) - nhìn, thấy; つめる - nhìn chằm chằm; 合 (hợp) - cùng nhau. Kết hợp lại: hai người cùng nhìn chằm chằm vào nhau.",見つめる（みつめる）: nhìn chằm chằm、見つめ直す（みつめなおす）: nhìn lại
向かい合う,むかいあう,"đối diện nhau, đối mặt nhau",shinkanzen,Động từ nhóm 1 (Godan-doushi),相手（あいて）と向（む）かい合（あ）って座（すわ）る。,Ngồi đối diện với đối phương.,"向 (hướng) - hướng về phía, đối diện; 合 (hợp) - cùng nhau, kết hợp. Kết hợp lại: hai đối tượng hướng về phía nhau, đối diện nhau.",向かい（むかい）: đối diện、向かい側（むかいがわ）: phía đối diện
助け合う,たすけあう,"giúp đỡ lẫn nhau, tương trợ",shinkanzen,Động từ nhóm 1 (Godan-doushi),困（こま）ったときは助（たす）け合（あ）おう。,Hãy giúp đỡ lẫn nhau khi gặp khó khăn.,"助 (trợ) - giúp đỡ; 合 (hợp) - cùng nhau, kết hợp. Kết hợp lại: mọi người cùng giúp đỡ lẫn nhau trong cộng đồng.",助け合い（たすけあい）: sự tương trợ、相互扶助（そうごふじょ）: tương trợ lẫn nhau
分け合う,わけあう,"chia sẻ, phân chia",shinkanzen,Động từ nhóm 1 (Godan-doushi),一（ひと）つのパンをみんなで分（わ）け合（あ）って食（た）べた。,Xé một cái bánh ra chia cho mọi người cùng ăn.,"分 (phân) - chia, phân chia; 合 (hợp) - cùng nhau, kết hợp. Kết hợp lại: cùng nhau chia đều một thứ gì đó.",分け前（わけまえ）: phần chia、配分（はいぶん）: sự phân phối
出し合う,だしあう,"đóng góp, chia sẻ, góp chi phí",shinkanzen,Động từ nhóm 1 (Godan-doushi),兄弟（きょうだい）でお金（かね）を出（だ）し合（あ）って、両親（りょうしん）にプレゼントをした。,Anh em chia tiền ra mua quà tặng ba mẹ.,"出 (xuất) - đưa ra, xuất ra; 合 (hợp) - cùng nhau, kết hợp. Kết hợp lại: mọi người cùng đưa ra, đóng góp vào một mục đích chung.",持ち寄る（もちよる）: góp lại、カンパする: góp tiền
申し合わせる,もうしあわせる,"sắp xếp, thu xếp, dàn xếp, thỏa thuận",shinkanzen,Động từ nhóm 2 (Ichidan-doushi),会議（かいぎ）の内容（ないよう）は外部（がいぶ）には言（い）わないことを申（もう）し合（あ）わせた。,Sắp xếp nội dung cuộc họp mà không nói ra ngoài.,"申 (thân) - nói, phát biểu (lịch sự); 合わせる (hợp) - làm cho phù hợp, kết hợp. Kết hợp lại: cùng nhau đưa ra và đồng ý về một quyết định.",申し合わせ（もうしあわせ）: thỏa thuận、申し合わせ事項（もうしあわせじこう）: điều khoản thỏa thuận
誘い合わせる,さそいあわせる,"mời, rủ lẫn nhau, rủ rê",shinkanzen,Động từ nhóm 2 (Ichidan-doushi),クラスメートたちと誘（さそ）い合（あ）わせて富士山（ふじさん）に行（い）った。,Rủ đứa bạn cùng lớp cùng đi núi Phú Sĩ.,"誘 (dụ) - dẫn dụ, mời gọi; 合わせる (hợp) - kết hợp, làm cùng nhau. Kết hợp lại: cùng nhau mời gọi đi làm một hoạt động nào đó.",誘い（さそい）: lời mời、お誘い（おさそい）: lời mời (lịch sự)
隣り合わせる,となりあわせる,"ở bên cạnh, ở cạnh nhau, liền kề",shinkanzen,Động từ nhóm 2 (Ichidan-doushi),映画館（えいがかん）で友達（ともだち）と隣（とな）り合（あ）わせて座（すわ）った。,Tôi đã ngồi cạnh bạn tôi trong rạp chiếu phim.,"隣 (lân) - bên cạnh, lân cận; 合わせる (hợp) - kết hợp, làm cùng. Kết hợp lại: hai đối tượng được đặt cạnh nhau, liền kề.",隣り（となり）: bên cạnh、隣り合わせ（となりあわせ）: sự kề nhau
組み合わせる,くみあわせる,"lắp ráp, kết hợp, phối hợp",shinkanzen,Động từ nhóm 2 (Ichidan-doushi),部品（ぶひん）を組（く）み合（あ）わせてプラモデルを作（つく）る。,Lắp ráp các bộ phận để tạo thành mô hình nhựa.,"組 (tổ) - nhóm, lắp ráp; 合わせる (hợp) - kết hợp, làm cho phù hợp. Kết hợp lại: lắp ráp các bộ phận lại với nhau để tạo thành một thể hoàn chỉnh.",組み合わせ（くみあわせ）: sự kết hợp、組み立て（くみたて）: sự lắp ráp
詰め合わせる,つめあわせる,"đóng gói, xếp vào",shinkanzen,Động từ nhóm 2 (Ichidan-doushi),一（ひと）箱（ばこ）にいろいろなお菓子（かし）が詰（つ）め合（あ）わせてある。,Có rất nhiều kẹo được đóng gói trong hộp.,"詰 (cật) - nhét chặt, đóng gói; 合わせる (hợp) - kết hợp, làm cùng. Kết hợp lại: nhét nhiều thứ vào cùng một chỗ một cách có tổ chức.",詰め合わせ（つめあわせ）: bộ quà tặng、詰め合わせ商品（つめあわせしょうひん）: sản phẩm đóng gói
重ね合わせる,かさねあわせる,"chồng lên, xếp chồng, kết hợp",shinkanzen,Động từ nhóm 2 (Ichidan-doushi),二（ふた）つの事件（じけん）を重（かさ）ね合（あ）わせて考（かんが）えてみると、共通点（きょうつうてん）が浮（う）かび上（あ）がった。,Khi thử kết hợp suy nghĩ hai sự kiện thì thấy điểm chung đã nổi lên.,"重 (trùng/trọng) - nặng, chồng lên; 合わせる (hợp) - kết hợp, làm cùng. Kết hợp lại: đặt các đối tượng chồng lên nhau và kết hợp chúng.",重ね合わせ（かさねあわせ）: sự chồng lên nhau、二重（にじゅう）: gấp đôi
居合わせる,いあわせる,"ở cùng nhau, có mặt tại đó, tình cờ có mặt",shinkanzen,Động từ nhóm 2 (Ichidan-doushi),犯人（はんにん）は居合（いあ）わせた客（きゃく）を人質（ひとじち）に取（と）って逃走（とうそう）した。,Tội phạm đã bắt khách hàng ở cùng làm con tin rồi chạy trốn.,"居 (cư) - ở, cư trú; 合わせる (hợp) - cùng lúc, trùng hợp. Kết hợp lại: tình cờ có mặt tại một nơi vào đúng thời điểm xảy ra sự kiện.",居合わせる（いあわせる）人: người có mặt tại đó、同席（どうせき）する: ngồi cùng
乗り合わせる,のりあわせる,"đi chung xe, đi cùng nhau",shinkanzen,Động từ nhóm 2 (Ichidan-doushi),バスで小銭（こぜに）がなくて困（こま）っていたら、乗（の）り合（あ）わせていた人（ひと）が200円（えん）貸（か）してくれた。,"Khi trên xe buýt tôi gặp rắc rối vì không có tiền lẽ, thì người đi chung đã cho tôi mượn 200 yên.","乗 (thừa) - đi, lên xe; 合わせる (hợp) - cùng nhau, trùng hợp. Kết hợp lại: nhiều người cùng đi chung một phương tiện giao thông.",乗り合いタクシー（のりあいタクシー）: taxi đi chung、相乗り（あいのり）: đi chung xe
持ち合わせる,もちあわせる,"có, mang theo, sở hữu",shinkanzen,Động từ nhóm 2 (Ichidan-doushi),すみません、今日（きょう）は名刺（めいし）を持（も）ち合（あ）わせておりませんで。,"Xin lỗi, hôm nay tôi không mang theo danh thiếp.","持 (trì) - cầm, mang theo; 合わせる (hợp) - sẵn sàng, chuẩn bị trước. Kết hợp lại: có sẵn thứ gì đó trong người vào thời điểm cần thiết.",持ち合わせ（もちあわせ）: tiền mang theo、所持品（しょじひん）: đồ đạc mang theo
問い合わせる,といあわせる,"kiểm tra, hỏi, hỏi thăm",shinkanzen,Động từ nhóm 2 (Ichidan-doushi),住民（じゅうみん）登録（とうろく）について、区役所（くやくしょ）に問（と）い合（あ）わせた。,Kiểm tra phường về đăng kí thường trú.,"問 (vấn) - hỏi, thắc mắc; 合わせる (hợp) - làm cho khớp, xác nhận. Kết hợp lại: hỏi để xác thực thông tin cho đúng.",問い合わせ（といあわせ）: sự yêu cầu thông tin、問い合わせ先（といあわせさき）: địa chỉ liên hệ
照らし合わせる,てらしあわせる,"so sánh, đối chiếu, kiểm tra, soát lại",shinkanzen,Động từ nhóm 2 (Ichidan-doushi),過去（かこ）の同様（どうよう）のケースと照（て）らし合（あ）わせて考（かんが）える。,"Suy nghĩ, kiểm tra cùng với trường hợp giống như vậy trong quá khứ.","照 (chiếu) - chiếu sáng, soi; 合わせる (hợp) - làm khớp, đối chiếu. Kết hợp lại: soi sáng hai đối tượng để so sánh, đối chiếu chúng với nhau.",照合（しょうごう）する: đối chiếu、比較検討（ひかくけんとう）: nghiên cứu so sánh
聞き直す,ききなおす,"nghe lại, hỏi lại",shinkanzen,Động từ nhóm 1 (Godan-doushi),聞（き）こえなかったので聞（き）き直（なお）した。,Không thể nghe gì nên nghe lại.,"聞 (văn) - nghe, hỏi; 直 (trực) - sửa lại, làm lại. Kết hợp lại: nghe lại hoặc hỏi lại để hiểu rõ hơn điều đã được nói.",聞き返す（ききかえす）: hỏi lại、確認（かくにん）する: xác nhận
やり直す,やりなおす,"làm lại, thực hiện lại",shinkanzen,Động từ nhóm 1 (Godan-doushi),実験（じっけん）がうまくいかなかったので、初（はじ）めからやり直（なお）した。,Thí nghiệm không tốt nên đã làm lại từ đầu.,"やり - từ động từ やる (làm); 直 (trực) - sửa lại, làm lại. Kết hợp lại: làm lại điều gì đó từ đầu sau khi thất bại hoặc mắc lỗi.",やり直し（やりなおし）: sự làm lại、再挑戦（さいちょうせん）: thử lại
リード,りーど,"lãnh đạo, thủ lĩnh; dẫn đầu; đầu bài (báo)",shinkanzen,動詞、名詞,A国は経済(けいざい)で世界(せかい)をリードしている。,Nước A là nước dẫn đầu thế giới về kinh tế.,"""Từ này là từ katakana được vay mượn từ tiếng Anh """"lead"""", không có thành phần kanji. Trong tiếng Nhật, khái niệm tương đương có thể được thể hiện qua các kanji như 先導(せんどう) - dẫn đầu, trong đó 先 (trước) và 導 (dẫn dắt) kết hợp với nhau để tạo nên nghĩa """"dẫn dắt/hướng dẫn đi trước"""".""",リードする: dẫn dắt、業界(ぎょうかい)リード: dẫn đầu ngành、世界(せかい)リード: dẫn đầu thế giới
カーブ,かーぶ,"khúc cua, cong; bóng xoáy (thể thao)",shinkanzen,名詞、動詞,道(みち)が大(おお)きくカーブしている。,Con đường làm khúc cua lớn.,"""Từ này là từ katakana vay mượn từ tiếng Anh """"curve"""", không có thành phần kanji. Trong tiếng Nhật, khái niệm tương đương có thể được biểu hiện qua kanji 曲(きょく) - cong, ngoặt.""",急(きゅう)カーブ: khúc cua gấp、緩(ゆる)やかなカーブ: khúc cua thoải、カーブミラー: gương cầu lồi ở khúc cua
コース,こーす,khóa học; sân đua; đường đua; lộ trình; thực đơn đầy đủ,shinkanzen,名詞,この道(みち)は市民(しみん)マラソンのコースになっている。,Con đường này trở thành đường đua marathon của thành phố.,"""Từ này là từ katakana vay mượn từ tiếng Anh """"course"""", không có thành phần kanji. Trong tiếng Nhật, khái niệm tương đương có thể được biểu hiện qua kanji 課程(かてい) - khóa học.""",出世(しゅっせ)コース: con đường thành công、エリートコース: con đường ưu tú、フルコース: thực đơn đầy đủ、理系(りけい)コース: khoa học tự nhiên、文系(ぶんけい)コース: khoa học xã hội
レース,れーす,cuộc đua; đua; đối thủ cạnh tranh,shinkanzen,名詞,競輪(けいりん)場(じょう)へレースを見(み)に行(い)った。,Tôi đã đến đường đua xe đạp để xem cuộc đua xe.,"""Từ này là từ katakana vay mượn từ tiếng Anh """"race"""", không có thành phần kanji. Trong tiếng Nhật, khái niệm tương đương có thể được biểu hiện qua kanji 競争(きょうそう) - cạnh tranh.""",カーレース: đua xe hơi、ボートレース: đua thuyền、出世(しゅっせ)レース: cuộc đua thành công、受験(じゅけん)レース: cuộc đua thi cử、優勝(ゆうしょう)レース: cuộc đua vô địch
トップ,とっぷ,đầu bảng; vị trí cao nhất; người đứng đầu; đầu tiên,shinkanzen,名詞,100メートル走(そう)でトップでゴールインした。,Nhờ dẫn đầu trong cuộc thi 100m nên đã chiến thắng.,"""Từ này là từ katakana vay mượn từ tiếng Anh """"top"""", không có thành phần kanji. Trong tiếng Nhật, khái niệm tương đương có thể được biểu hiện qua kanji 頂点(ちょうてん) - đỉnh điểm, đỉnh cao.""",トップ選手(せんしゅ): vận động viên hàng đầu、トップクラス: hạng nhất、トップレベル: cấp cao nhất、トップニュース: tin tức hàng đầu、トップ会談(かいだん): hội nghị cấp cao
ゴール,ごーる,đạt được; đích đến; mục tiêu; khung thành,shinkanzen,名詞、動詞,山本(やまもと)選手(せんしゅ)は、100メートル背泳(せおよ)ぎで世界(せかい)新記録(しんきろく)でゴールした。,Tuyển thủ Yamamoto trong cuộc thi 100m bơi ngửa đã phá kỉ lục thế giới.,"""Từ này là từ katakana vay mượn từ tiếng Anh """"goal"""", không có thành phần kanji. Trong tiếng Nhật, khái niệm tương đương có thể được biểu hiện qua kanji 目標(もくひょう) - mục tiêu.""",ゴールキーパー: thủ môn、ゴールイン: về đích、ゴール地点(ちてん): vị trí đích đến、ゴールポスト: cột khung thành
パス,ぱす,vượt qua; đỗ; chuyền (bóng); bỏ qua,shinkanzen,名詞、動詞,テストにパスする。,Đỗ kì thi.,"""Từ này là từ katakana vay mượn từ tiếng Anh """"pass"""", không có thành phần kanji. Trong tiếng Nhật, khái niệm tương đương có thể được biểu hiện qua kanji 合格(ごうかく) - đỗ, đậu.""",フリーパス: vé thông hành tự do、合格(ごうかく)パス: vượt qua kỳ thi、顔(かお)パス: cho qua nhờ gương mặt quen thuộc、パスワード: mật khẩu
ベスト,べすと,tốt nhất; tốt nhất có thể,shinkanzen,名詞、形容動詞,この方法(ほうほう)はベストではないが、かなり効果(こうか)がある。,Phương pháp này không phải là tốt nhất nhưng cũng sẽ có hiệu quả.,"""Từ này là từ katakana vay mượn từ tiếng Anh """"best"""", không có thành phần kanji. Trong tiếng Nhật, khái niệm tương đương có thể được biểu hiện qua kanji 最高(さいこう) - cao nhất, tốt nhất.""",ベストワン: số một、ベストテン: top 10、ベストセラー: sách bán chạy nhất、ベストタイム: thời gian tốt nhất、自己(じこ)ベスト: kỷ lục cá nhân
レギュラー,れぎゅらー,thông thường; bình thường; phổ biến; chính thức; thường xuyên,shinkanzen,名詞、形容動詞,チームのレギュラーになれるように頑張(がんば)っている。,Tôi đang cố gắng để có thể trở thành thành viên chính thức của đội.,"""Từ này là từ katakana vay mượn từ tiếng Anh """"regular"""", không có thành phần kanji. Trong tiếng Nhật, khái niệm tương đương có thể được biểu hiện qua kanji 定期的(ていきてき) - thường xuyên, đều đặn.""",レギュラーメンバー: thành viên chính thức、レギュラーサイズ: kích cỡ thông thường、レギュラーガソリン: xăng thông thường
コーチ,こーち,huấn luyện viên; người hướng dẫn,shinkanzen,名詞、動詞,ここ柔道(じゅうどう)部(ぶ)のコーチは厳(きび)しいことで有名(ゆうめい)だ。,Huấn luyện viên của đội Judo này nổi tiếng nghiêm khắc.,"""Từ này là từ katakana vay mượn từ tiếng Anh """"coach"""", không có thành phần kanji. Trong tiếng Nhật, khái niệm tương đương có thể được biểu hiện qua kanji 指導者(しどうしゃ) - người hướng dẫn.""",コーチング: huấn luyện、ライフコーチ: huấn luyện viên cuộc sống、パーソナルコーチ: huấn luyện viên cá nhân
コントロール,こんとろーる,"kiểm soát, điều khiển, chỉ đạo",shinkanzen,サ変動詞 (động từ biến thể サ),この機械(きかい)はコンピューターでコントロールされている。,Máy này được điều khiển bằng máy tính.,,
"example3_vi: Khi hưng phấn thì rất khó điều khiển cảm xúc.""",セルフコントロール (せるふこんとろーる): tự kiểm soát、マインドコントロール (まいんどこんとろーる): kiểm soát tâm trí、リモートコントロール (りもーとこんとろーる): điều khiển từ xa、カロリーコントロール (かろりーこんとろーる): kiểm soát lượng calo,制御 (せいぎょ): điều khiển、操作 (そうさ): vận hành、管理 (かんり): quản lý,shinkanzen,"""Hãy nghĩ đến hình ảnh một người điều khiển từ xa (remote control) - từ """"コントロール"""" cũng là về việc điều khiển từ xa, tương tự như cách chúng ta điều khiển TV. Khi bạn """"con-trol"""" (kiểm soát) tình huống, bạn điều chỉnh và hướng dẫn nó theo ý muốn của mình, giống như cách bạn điều khiển xe hơi hoặc thiết bị.""","""Từ """"コントロール"""" là từ vựng katakana được vay mượn từ tiếng Anh """"control"""". Trong tiếng Nhật, từ này không sử dụng kanji mà được viết hoàn toàn bằng katakana. Nếu diễn đạt bằng kanji tương đương, có thể là """"制御"""" (せいぎょ) hoặc """"統制"""" (とうせい) tùy theo ngữ cảnh.""","N2, 動詞, ビジネス, スポーツ, 技術",Kero Mimikaraoboeru_N2_Unit_5,
サイン,さいん,"chữ ký, ký tên, dấu hiệu, ra hiệu",shinkanzen,名詞 (danh từ),契約書(けいやくしょ)にサインをする。,Ký vào hợp đồng.,,
"example3_vi: Huấn luyện viên ngồi ở băng ghế và chỉ đạo cầu thủ.""",サイン会(さいんかい): buổi ký tặng、サインペン(さいんぺん): bút ký、サイン色紙(さいんしきし): giấy ký tặng,署名(しょめい): chữ ký、印(しるし): dấu hiệu、合図(あいず): hiệu lệnh,shinkanzen,"""Hãy nghĩ đến âm """"サイン"""" giống với từ """"sign"""" trong tiếng Anh. Hình dung một ngôi sao đang ký tên (サイン) lên poster cho người hâm mộ tại buổi họp fan, hoặc một huấn luyện viên đang ra hiệu (サイン) cho cầu thủ từ đường biên.""","""Từ """"サイン"""" là từ vựng katakana được vay mượn từ tiếng Anh """"sign"""". Trong tiếng Nhật, có thể diễn đạt bằng kanji tương đương như """"署名"""" (しょめい) cho chữ ký hoặc """"合図"""" (あいず) cho dấu hiệu.""","N3, 名詞, 日常生活, スポーツ",Kero Mimikaraoboeru_N2_Unit_5,
スター,すたー,"ngôi sao nổi tiếng, người nổi tiếng",shinkanzen,名詞 (danh từ),映画(えいが)がヒットし、主演(しゅえん)俳優(はいゆう)はたちまち世界(せかい)的(てき)なスターになった。,Phim hot nên diễn viên chính cũng ngay lập tức trở thành ngôi sao thế giới.,"""Từ """"スター"""" là từ vựng katakana được vay mượn từ tiếng Anh """"star"""". Trong tiếng Nhật, có thể diễn đạt bằng kanji tương đương là """"星"""" (ほし) cho ngôi sao thiên thể, nhưng khi nói về người nổi tiếng thì thường dùng katakana.""",映画スター(えいがすたー): ngôi sao điện ảnh、スーパースター(すーぱーすたー): siêu sao、人気スター(にんきすたー): ngôi sao nổi tiếng、スタープレイヤー(すたーぷれいやー): cầu thủ ngôi sao
アンコール,あんこーる,"diễn lại, hát lại, một lần nữa",shinkanzen,名詞 (danh từ),観客(かんきゃく)のアンコールに応(こた)えて出演者(しゅつえんしゃ)が舞台(ぶたい)で挨拶(あいさつ)した。,"Để đáp lại yêu cầu của khán giả, diễn viên đã cúi chào ở sân khấu.","""Từ """"アンコール"""" là từ vựng katakana được vay mượn từ tiếng Pháp """"encore"""". Trong tiếng Nhật, có thể diễn đạt bằng kanji tương đương là """"再演"""" (さいえん) có nghĩa là """"diễn lại"""".""",アンコール曲(あんこーるきょく): bài hát diễn lại、アンコール放送(あんこーるほうそう): phát sóng lại、アンコール公演(あんこーるこうえん): buổi diễn lại
モデル,もでる,"người mẫu, mẫu, kiểu mẫu, hình mẫu",shinkanzen,名詞 (danh từ),彼女(かのじょ)はファッションショーのモデルをしている。,Cô ấy đang làm người mẫu thời trang ở fashion show.,,
"example3_vi: Tạo mô hình nhựa.""",ファッションモデル(ふぁっしょんもでる): người mẫu thời trang、トップモデル(とっぷもでる): người mẫu hàng đầu、プラモデル(ぷらもでる): mô hình nhựa、ロールモデル(ろーるもでる): hình mẫu vai trò,見本(みほん): mẫu、手本(てほん): kiểu mẫu、模範(もはん): mẫu mực,shinkanzen,"""""""モデル"""" phát âm giống từ """"model"""" trong tiếng Anh. Hãy hình dung một người mẫu đang trình diễn trên sàn catwalk, hoặc một mô hình nhỏ (như mô hình máy bay) mà bạn có thể lắp ráp và sơn màu. Những hình ảnh này sẽ giúp bạn nhớ các nghĩa khác nhau của từ.""","""Từ """"モデル"""" là từ vựng katakana được vay mượn từ tiếng Anh """"model"""". Trong tiếng Nhật, có thể diễn đạt bằng kanji tương đương như """"模型"""" (もけい) cho mô hình hoặc """"見本"""" (みほん) cho mẫu.""","N3, 名詞, ファッション, 芸能, 技術",Kero Mimikaraoboeru_N2_Unit_5,
サンプル,さんぷる,"hàng mẫu, mẫu thử",shinkanzen,名詞 (danh từ),食堂(しょくどう)の入口(いりくち)に料理(りょうり)のサンプルが置(お)いてある。,Có để sẵn mẫu thức ăn ở cửa ra vào của nhà ăn.,,
"example3_vi: Họ đang phát mẫu thử miễn phí của sản phẩm mới.""",無料サンプル(むりょうさんぷる): mẫu thử miễn phí、サンプル品(さんぷるひん): hàng mẫu、データサンプル(でーたさんぷる): mẫu dữ liệu,見本(みほん): mẫu、試供品(しきょうひん): sản phẩm mẫu,shinkanzen,"""""""サンプル"""" phát âm giống từ """"sample"""" trong tiếng Anh. Hãy hình dung một quầy mỹ phẩm nơi nhân viên phát những サンプル (mẫu thử) nhỏ để khách hàng có thể thử trước khi mua sản phẩm đầy đủ.""","""Từ """"サンプル"""" là từ vựng katakana được vay mượn từ tiếng Anh """"sample"""". Trong tiếng Nhật, có thể diễn đạt bằng kanji tương đương là """"見本"""" (みほん) có nghĩa là """"mẫu"""".""","N3, 名詞, ビジネス, 商業",Kero Mimikaraoboeru_N2_Unit_5,
スタイル,すたいる,"kiểu cách, phong cách, dáng người",shinkanzen,名詞 (danh từ),彼女(かのじょ)はとてもスタイルがいい。,Cô ấy có dáng người rất đẹp.,,
"example3_vi: Phong cách sống của người dân Nhật Bản so với 50 năm trước có sự thay đổi lớn.""",ヘアスタイル(へあすたいる): kiểu tóc、ライフスタイル(らいふすたいる): lối sống、ビジネススタイル(びじねすすたいる): phong cách doanh nhân,身なり(みなり): vẻ ngoài、服装(ふくそう): trang phục、恰好(かっこう): dáng vẻ、様式(ようしき): kiểu mẫu,shinkanzen,"""""""スタイル"""" phát âm giống từ """"style"""" trong tiếng Anh. Hãy hình dung một người mẫu cao ráo, mảnh mai với スタイルがいい (dáng người đẹp) đang trình diễn phong cách thời trang độc đáo trên sàn catwalk.""","""Từ """"スタイル"""" là từ vựng katakana được vay mượn từ tiếng Anh """"style"""". Trong tiếng Nhật, có thể diễn đạt bằng kanji tương đương như """"様式"""" (ようしき) cho phong cách hoặc """"体型"""" (たいけい) cho dáng người.""","N3, 名詞, ファッション, 生活",Kero Mimikaraoboeru_N2_Unit_5,
ウエスト,うえすと,"eo, vòng eo",shinkanzen,名詞 (danh từ),最近(さいきん)太(ふと)ってスカートのウエストがきつくなった。,Gần đây mập lên nên vòng eo váy bị chật.,,
"example3_vi: Sau khi ăn kiêng, vòng eo đã nhỏ đi 5cm.""",ウエストサイズ(うえすとさいず): kích cỡ vòng eo、ウエストライン(うえすとらいん): đường eo、ハイウエスト(はいうえすと): eo cao,胴回り(どうまわり): vòng eo、腰(こし): eo,shinkanzen,"""""""ウエスト"""" phát âm giống từ """"waist"""" trong tiếng Anh. Hãy hình dung một dải đai hoặc thắt lưng quấn quanh phần giữa (ウエスト) của cơ thể - là nơi hẹp nhất giữa ngực và hông.""","""Từ """"ウエスト"""" là từ vựng katakana được vay mượn từ tiếng Anh """"waist"""". Trong tiếng Nhật, có thể diễn đạt bằng kanji tương đương là """"腰"""" (こし) hoặc """"胴回り"""" (どうまわり).""","N3, 名詞, ファッション, 身体",Kero Mimikaraoboeru_N2_Unit_5,
カロリー,かろりー,"calo, đơn vị nhiệt lượng",shinkanzen,名詞 (danh từ),成人(せいじん)男性(だんせい)が1日(にち)に必要(ひつよう)なカロリーは、1800～2000kcalぐらいと言(い)われている。,Người đàn ông trưởng thành lượng calo cần thiết cho họ một ngày từ 1800 đến 2000kcal.,,
"example3_vi: Một miếng bánh này chứa tới 350 calo.""",カロリーオーバー(かろりーおーばー): vượt mức calo、カロリーコントロール(かろりーこんとろーる): kiểm soát lượng calo、低カロリー(ていかろりー): ít calo、高カロリー(こうかろりー): nhiều calo,熱量(ねつりょう): nhiệt lượng、エネルギー(えねるぎー): năng lượng,shinkanzen,"""""""カロリー"""" phát âm giống từ """"calorie"""" trong tiếng Anh. Hãy hình dung một miếng bánh ngọt béo ngậy (高カロリー - nhiều calo) đối lập với một đĩa salad rau xanh (低カロリー - ít calo). Khi bạn ăn thức ăn nhiều カロリー, bạn phải tập thể dục để """"đốt cháy"""" chúng.""","""Từ """"カロリー"""" là từ vựng katakana được vay mượn từ tiếng Anh """"calorie"""". Trong tiếng Nhật, có thể diễn đạt bằng kanji tương đương là """"熱量"""" (ねつりょう) có nghĩa là """"nhiệt lượng"""".""","N3, 名詞, 健康, 栄養学",Kero Mimikaraoboeru_N2_Unit_5,
オーバー,おーばー,"vượt quá, quá mức, kết thúc",shinkanzen,サ変動詞 (động từ biến thể サ),志願者(しがんしゃ)が定員(ていいん)をオーバーした。,Những người có nguyện vọng vượt quá số người quy định.,,
"example3_vi: Anh ấy cái gì cũng nói quá lên.""",タイムオーバー(たいむおーばー): hết giờ、予算オーバー(よさんおーばー): vượt ngân sách、ゲームオーバー(げーむおーばー): kết thúc trò chơi、オーバーワーク(おーばーわーく): làm việc quá sức,超過(ちょうか)する: vượt quá、大げさな(おおげさな): phóng đại,shinkanzen,"""""""オーバー"""" phát âm giống từ """"over"""" trong tiếng Anh. Hãy hình dung một cốc nước đầy tràn (オーバー) ra ngoài vì đã vượt quá sức chứa, hoặc một trò chơi kết thúc với dòng chữ """"GAME OVER"""" (ゲームオーバー) hiện lên trên màn hình.""","""Từ """"オーバー"""" là từ vựng katakana được vay mượn từ tiếng Anh """"over"""". Trong tiếng Nhật, có thể diễn đạt bằng kanji tương đương như """"超過"""" (ちょうか) cho vượt quá hoặc """"終了"""" (しゅうりょう) cho kết thúc.""","N3, 動詞, ビジネス, スポーツ",Kero Mimikaraoboeru_N2_Unit_5,
モニター,モニター,"màn hình; theo dõi, giám sát",shinkanzen,"danh từ, động từ (khi theo sau là する)",警備室(けいびしつ)には、建物(たてもの)内部(ないぶ)を映(うつ)すモニターがある。,Ở phòng an ninh có một màn hình phản chiếu bộ phận bên trong tòa nhà.,"""Từ """"モニター"""" được viết bằng katakana và là từ vay mượn từ tiếng Anh """"monitor"""", không có thành phần kanji. Đây là một ví dụ điển hình của các từ vựng kỹ thuật trong tiếng Nhật được vay mượn từ nước ngoài.""",テレビモニター: màn hình tivi、モニター画面(がめん): màn hình hiển thị、モニターカメラ: camera giám sát、消費者(しょうひしゃ)モニター: người dùng giám sát sản phẩm
アンテナ,アンテナ,ăng ten; khả năng nắm bắt thông tin,shinkanzen,danh từ,アンテナの向(む)きのせいかテレビの映(うつ)りが悪(わる)い。,Không biết do hướng ăng ten hay không mà hình ảnh tivi không tốt.,"""Từ """"アンテナ"""" được viết bằng katakana và là từ vay mượn từ tiếng Anh """"antenna"""", không có thành phần kanji.""",テレビアンテナ: ăng ten tivi、室内(しつない)アンテナ: ăng ten trong nhà
イヤホン,イヤホン,tai nghe nhỏ,shinkanzen,danh từ,電車(でんしゃ)の中(なか)でイヤホンを付(つ)けて音楽(おんがく)を聞(き)いている若者(わかもの)が多(おお)い。,Nhiều người trẻ gắn tai nghe và nghe nhạc trên tàu điện.,"""Từ """"イヤホン"""" được viết bằng katakana và là từ vay mượn từ tiếng Anh """"earphone"""", không có thành phần kanji.""",ワイヤレスイヤホン: tai nghe không dây、Bluetoothイヤホン: tai nghe bluetooth
サイレン,サイレン,"tiếng còi, tiếng chuông báo động",shinkanzen,danh từ,工場(こうじょう)でお昼(ひる)のサイレンが鳴(な)った。,Tiếng chuông báo hiệu giờ nghỉ trưa ở công ty reo lên.,"""Từ """"サイレン"""" được viết bằng katakana và là từ vay mượn từ tiếng Anh """"siren"""", không có thành phần kanji.""",火災(かさい)サイレン: còi báo cháy、警報(けいほう)サイレン: còi báo động
コード,コード,dây điện; mã số,shinkanzen,danh từ,アイロンのコードをコンセントにつないだ。,Dây điện của bàn ủi nối với ổ cắm.,"""Từ """"コード"""" được viết bằng katakana và là từ vay mượn từ tiếng Anh """"cord"""" hoặc """"code"""", không có thành phần kanji.""",延長(えんちょう)コード: dây điện nối dài、電源(でんげん)コード: dây nguồn、バーコード: mã vạch
メーター,メーター,đồng hồ đo; thước đo,shinkanzen,danh từ,メーターを見(み)ると、電気(でんき)やガス使用量(しようりょう)が分(わ)かる。,Nhìn đồng hồ đo sẽ hiểu được lượng tiêu dùng của điện và gas.,"""Từ """"メーター"""" được viết bằng katakana và là từ vay mượn từ tiếng Anh """"meter"""", không có thành phần kanji.""",水道(すいどう)メーター: đồng hồ nước、ガスメーター: đồng hồ gas、スピードメーター: đồng hồ tốc độ、ヘルスメーター: cân sức khỏe
ペア,ペア,"cặp, đôi",shinkanzen,danh từ,男女(だんじょ)をペアになってゲームをした。,Kết hợp cặp đôi nam nữ và chơi trò chơi.,"""Từ """"ペア"""" được viết bằng katakana và là từ vay mượn từ tiếng Anh """"pair"""", không có thành phần kanji.""",ペアルック: trang phục đôi、ペアリング: nhẫn đôi
リズム,リズム,"nhịp điệu, giai điệu",shinkanzen,danh từ,この曲(きょく)のリズムは3拍子(びょうし)だ。,Nhịp của ca khúc này là 3 nhịp.,"""Từ """"リズム"""" được viết bằng katakana và là từ vay mượn từ tiếng Anh """"rhythm"""", không có thành phần kanji.""",生活(せいかつ)リズム: nhịp sống、リズム運動(うんどう): bài tập nhịp điệu、リズム感(かん): cảm nhận nhịp điệu
アクセント,アクセント,"nhấn, trọng âm; điểm nhấn",shinkanzen,danh từ,「お母(かあ)さん」のアクセントは、「か」の音(おと)にある。,"""Trọng âm của từ """"おかあさん"""" nằm ở âm """"か"""".""","""Từ """"アクセント"""" được viết bằng katakana và là từ vay mượn từ tiếng Anh """"accent"""", không có thành phần kanji.""",外国(がいこく)アクセント: giọng nước ngoài、アクセントカラー: màu nhấn
アルファベット,アルファベット,bảng chữ cái,shinkanzen,danh từ,図書館(としょかん)では英語(えいご)の本(ほん)はアルファベットの順(じゅん)に並(なら)べている。,"Ở thư viện, sách tiếng Anh được xếp theo thứ tự bảng chữ cái.","""Từ """"アルファベット"""" được viết bằng katakana và là từ vay mượn từ tiếng Anh """"alphabet"""", không có thành phần kanji.""",アルファベット順(じゅん): theo thứ tự bảng chữ cái、アルファベットソング: bài hát bảng chữ cái
アドレス,アドレス,"địa chỉ (email, web, nhà)",shinkanzen,danh từ,友達(ともだち)とメールのアドレスを交換(こうかん)した。,Trao đổi địa chỉ email với bạn.,"""Từ """"アドレス"""" được viết bằng katakana và là từ vay mượn từ tiếng Anh """"address"""", không có thành phần kanji.""",メールアドレス: địa chỉ email、IPアドレス: địa chỉ IP、アドレス帳(ちょう): sổ địa chỉ、ウェブアドレス: địa chỉ web
メモ,メモ,"ghi chú, lời nhắn",shinkanzen,"danh từ, động từ (khi theo sau là する)",大事(だいじ)なことを紙(かみ)にメモする。,Ghi chú điều quan trọng vào giấy.,"メモ là từ viết tắt của メモランダム (memorandum), được viết bằng katakana và không có thành phần kanji.",メモ帳(ちょう): sổ ghi chú、付箋(ふせん)メモ: giấy note dính、伝言(でんごん)メモ: ghi chú tin nhắn
マーク,マーク,"dấu, ký hiệu; đánh dấu",shinkanzen,"danh từ, động từ (khi theo sau là する)",文章(ぶんしょう)の重要(じゅうよう)なポイントにマークを付(つ)けて覚(おぼ)える。,Đánh dấu vào chỗ trọng yếu của bài văn để nhớ.,"""Từ """"マーク"""" được viết bằng katakana và là từ vay mượn từ tiếng Anh """"mark"""", không có thành phần kanji.""",チェックマーク: dấu tích、クエスチョンマーク: dấu hỏi、初心者(しょしんしゃ)マーク: biểu tượng người mới lái xe
イラスト,イラスト,"hình minh họa, tranh minh họa",shinkanzen,danh từ,この本(ほん)はイラストがたくさんあって内容(ないよう)が理解(りかい)やすい。,Quyển sách này có nhiều hình ảnh minh họa nên nội dung rất dễ hiểu.,"""Từ """"イラスト"""" được viết bằng katakana và là từ vay mượn từ tiếng Anh """"illustration"""" (đã được rút gọn), không có thành phần kanji.""",イラスト集(しゅう): bộ sưu tập tranh minh họa、イラストレーター: họa sĩ minh họa
考え直す,かんがえなおす,"nghĩ lại, xem xét lại, cân nhắc lại",shinkanzen,"他動詞 (Ngoại động từ), Nhóm từ 5 (Godan)",仕事を辞めるつもりだったが、考え直した方がいいと言われた。,Tôi tính nghỉ việc nhưng người ta bảo nên suy nghĩ lại.,"""考 (khảo) - có nghĩa là suy nghĩ, cân nhắc, thể hiện hoạt động tinh thần. 直 (trực) - có nghĩa là thẳng, đúng hoặc sửa lại. Kết hợp lại, từ này mang ý nghĩa """"sửa lại suy nghĩ"""" hay """"suy nghĩ lại một cách đúng đắn hơn"""".""",考え方(かんがえかた): cách suy nghĩ、考え込む(かんがえこむ): suy nghĩ sâu sắc、考え過ぎる(かんがえすぎる): suy nghĩ quá nhiều
かけ直す,かけなおす,gọi lại (điện thoại),shinkanzen,"他動詞 (Ngoại động từ), Nhóm từ 5 (Godan)",（電話をかけたが、相手がいなかったとき）「またあとで掛け直します」,"""(Gọi điện đến nhưng đối phương không có) """"Tôi sẽ gọi lại sau""""""","""掛 (khải) - có nghĩa là treo, gác, gọi (điện thoại). 直 (trực) - có nghĩa là thẳng, đúng hoặc sửa lại. Kết hợp lại thành """"gọi lại"""" hay """"thực hiện cuộc gọi một lần nữa"""".""","電話(でんわ)をかける: gọi điện thoại、掛け間違える(かけまちがえる): gọi nhầm số、掛け替える(かけかえる): thay thế, đổi"
出直す,でなおす,"đến lần nữa, chỉnh sửa, sắp xếp lại",shinkanzen,"自動詞 (Nội động từ), Nhóm từ 5 (Godan)",「改めて出直してまいります」,Tôi sẽ đến lại lần nữa.,"""出 (xuất) - có nghĩa là ra, đi ra. 直 (trực) - có nghĩa là thẳng, đúng hoặc sửa lại. Kết hợp lại thành """"ra đi lại"""" hay """"đến lần nữa với chuẩn bị tốt hơn"""".""",出直し(でなおし): việc đến lại、やり直す(やりなおす): làm lại、出直り(でなおり): khởi đầu mới
持ち直す,もちなおす,"cầm lại, hồi phục, khôi phục",shinkanzen,"他動詞・自動詞 (Ngoại động từ &amp; Nội động từ), Nhóm từ 5 (Godan)",落としそうになった荷物を持ち直す。,Cầm lại đồ vật sắp rơi.,"""持 (trì) - có nghĩa là cầm, nắm, giữ. 直 (trực) - có nghĩa là thẳng, đúng hoặc sửa lại. Kết hợp lại thành """"cầm lại đúng cách"""" hay """"điều chỉnh lại tình trạng để tốt hơn"""".""",持ち上げる(もちあげる): nâng lên、持ち込む(もちこむ): mang vào、持ち帰る(もちかえる): mang về
思い直す,おもいなおす,"nghĩ lại, đổi ý, thay đổi quan điểm",shinkanzen,"他動詞 (Ngoại động từ), Nhóm từ 5 (Godan)",就職するつもりだったが思い直して進学することにした。,Tôi tính đi làm nhưng suy nghĩ lại quyết định đi học cao học.,"""思 (tư) - có nghĩa là nghĩ, cảm xúc, ý định. 直 (trực) - có nghĩa là thẳng, đúng hoặc sửa lại. Kết hợp lại thành """"sửa lại ý nghĩ"""" hay """"thay đổi ý định ban đầu"""".""","思い出す(おもいだす): nhớ lại、思い込む(おもいこむ): tưởng tượng, tin chắc、思い切る(おもいきる): quyết tâm"
JP030525-A7B3,能力,"""#三級 #名詞 #仕事""",shinkanzen,名詞,N3,Nơi làm việc,彼女は能力があれば、もっと良い会社に就職できただろう。,"能力がある, 能力を伸ばす, 能力を発揮する, 能力試験"
JP030525-B4C8,長所,"""#三級 #名詞 #性格""",shinkanzen,名詞,N3,Mô tả tính cách,面接で自分の長所と短所について話さなければならなかった。,"長所を生かす, 長所を伸ばす, 長所と短所"
JP030525-D2E9,個性,"""#三級 #名詞 #性格""",shinkanzen,名詞,N3,Giáo dục và phát triển cá nhân,個性的な服装をさせてもらえなかったので、高校を卒業したとき自由に服を選ぶようになった。,"個性を伸ばす, 個性を尊重する, 個性的, 個性が豊か"
JP030525-F7G1,遺伝,"""#三級 #名詞 #科学""",shinkanzen,名詞・する動詞,N3,Y học và sinh học,遺伝について詳しく知りたいなら、この本を読んだほうがいいよ。,"遺伝する, 遺伝子, 遺伝的, 遺伝による"
JP030525-H5I2,動作,"""#三級 #名詞 #動作""",shinkanzen,名詞,N3,Mô tả hành động,動作が遅いと上司に注意されたので、もっと効率的に仕事をするようになった。,"動作が早い/遅い, 動作を確認する, 優雅な動作"
JP030525-J3K8,真似,"""#三級 #名詞 #行動""",shinkanzen,名詞・する動詞,N3,Học tập và phát triển,上手な人の真似をすれば、自分のスキルも上がるでしょう。,"真似をする, 真似が上手, 物真似"
JP030525-L5M9,睡眠,"""#三級 #名詞 #健康""",shinkanzen,名詞,N3,Sức khỏe và giấc ngủ,十分な睡眠をとることができれば、仕事の効率も上がるのに。,"睡眠をとる, 睡眠時間, 睡眠不足, 睡眠薬"
JP030525-N6P4,食欲,"""#三級 #名詞 #健康""",shinkanzen,名詞,N3,Sức khỏe và ăn uống,食欲が戻ってくれれば、もっと元気になるのに。,"食欲がある/ない, 食欲不振, 食欲旺盛, 食欲が湧く"
JP030525-Q7R5,外食,"""#三級 #名詞 #生活""",shinkanzen,名詞・する動詞,N3,Lối sống và thói quen ăn uống,外食ばかりしていると、健康に悪いのではないだろうか。,"外食する, 外食が多い, 外食産業"
JP030525-S8T3,家事,"""#三級 #名詞 #生活""",shinkanzen,名詞,N3,Cuộc sống gia đình,夫にも家事を手伝ってほしいと妻は思っています。,"家事をする, 家事を手伝う, 家事分担, 家事労働"
JP030525-U9V2,出産,"""#三級 #名詞 #家族""",shinkanzen,名詞・する動詞,N3,Sự kiện gia đình,出産の準備ができれば、もっと安心して赤ちゃんを迎えられるのに。,"出産する, 出産を控える, 出産予定日, 出産祝い"
JP030525-W4X7,介護,"""#三級 #名詞 #福祉""",shinkanzen,名詞・する動詞,N3,Chăm sóc người già,介護の仕事が大変だと言われていますが、やりがいもあります。,"介護する, 介護が必要, 介護施設, 介護保険"
JP030525-Y3Z8,共働き,"""#三級 #名詞 #家族""",shinkanzen,名詞,N3,Kinh tế gia đình,子育てと共働きの両立は大変だと言われています。,"共働き世帯, 共働きの家庭, 共働きの夫婦"
JP030525-A1B6,出勤,"""#三級 #名詞 #仕事""",shinkanzen,名詞・する動詞,N3,Cuộc sống công sở,明日は重要な会議があるので、絶対に出勤してほしいと上司に言われました。,"出勤する, 出勤時間, 出勤途中, 出勤簿"
JP030525-C2D5,出世,"""#三級 #名詞 #仕事""",shinkanzen,名詞・する動詞,N3,Sự nghiệp và thăng tiến,会社で出世したいなら、もっと積極的に意見を言ったほうがいいですよ。,"出世する, 出世が早い, 出世街道, 出世を望む"
JP030525-E8F3,地位,"""#三級 #名詞 #社会""",shinkanzen,名詞,N3,Địa vị xã hội,社会的地位を得るために長年努力してきたと聞いています。,"地位が高い/低い, 地位が上がる/下がる, 地位を得る/失う, 社会的地位"
JP030525-G7H4,受験,"""#三級 #名詞 #教育""",shinkanzen,名詞・する動詞,N3,Kỳ thi và học tập,受験勉強を頑張れば、合格できるだろうと思います。,"受験する, 受験勉強, 受験生, 大学受験, 受験料"
JP030525-I9J1,専攻,"""#三級 #名詞 #教育""",shinkanzen,名詞・する動詞,N3,Học đại học,彼は専攻を途中で変えたので、卒業が1年遅れてしまった。,"専攻する, 専攻分野, 専攻科目, 副専攻"
JP030525-K2L7,支度,"""#三級 #名詞 #日常""",shinkanzen,名詞・する動詞,N3,Chuẩn bị hàng ngày,明日の会議の支度ができれば、もっと安心して眠れるのに。,"支度する, 支度ができる, 出かける支度, 食事の支度"
JP030525-M5N6,全身,"""#三級 #名詞 #体""",shinkanzen,名詞,N3,Mô tả cơ thể,事故で全身に怪我をしたと聞いて、すぐに病院に駆けつけました。,"全身を使う, 全身運動, 全身麻酔, 全身像"
JP030525-P8Q9,皺,"""#三級 #名詞 #体""",shinkanzen,名詞,N3,Thời gian và sự già đi,アイロンをかければ、服の皺を伸ばすことができます。,"しわが増える, しわができる, しわを伸ばす, しわを寄せる"
JP030525-B9F2,人生,"""#三級 #名詞 #日常会話""",shinkanzen,名詞 (danh từ),N3,Nói về mục tiêu và thói quen trong cuộc sống,,
"""","幸せな人生 (cuộc sống hạnh phúc), 人生を送る (sống cuộc đời), 人生経験 (kinh nghiệm sống), 人生観 (quan điểm sống)","一生 (いっしょう - cả đời), 生涯 (しょうがい - cuộc đời)",shinkanzen,[sound:J2TEAM-TTS-1746414108781.mp3],幸せな人生を送るようになっている人は、いつも感謝の気持ちを忘れない。,Những người sống cuộc sống hạnh phúc luôn không quên lòng biết ơn.,Examples Kero,"Nghe anh ấy nói chuyện, giống như đang sống một cuộc sống khác vậy."
JP030525-C7D3,人間,"""#三級 #名詞 #日常会話""",shinkanzen,名詞 (danh từ),N3,Nói về bản chất và đặc điểm của con người,,
"""","人間らしい (giống con người), 人間性 (tính người), 人間関係 (quan hệ con người)","人類 (じんるい - nhân loại), 人 (ひと - người)",shinkanzen,[sound:J2TEAM-TTS-1746414225094.mp3],人間らしい心を持つことにしていれば、いつか誰かに認められるだろう。,"Nếu quyết tâm có một trái tim đúng nghĩa con người, một ngày nào đó sẽ được ai đó công nhận.",Examples Kero,"Khi mệt mỏi, bản chất con người sẽ lộ ra."
JP030525-F2E8,人,"""#四級 #名詞 #日常会話""",shinkanzen,名詞 (danh từ),N4,Nói về con người trong các tình huống giao tiếp hàng ngày,,
"""","優しい人 (người tốt bụng), 怖い人 (người đáng sợ), 知らない人 (người lạ)","人間 (にんげん - con người), 人物 (じんぶつ - nhân vật)",shinkanzen,[sound:J2TEAM-TTS-1746414432698.mp3],この店の店主は親切な人ということになっているが、実は厳しい人だ。,"Chủ cửa hàng này được cho là người tốt bụng, nhưng thực ra là người nghiêm khắc.",Examples Kero,"Có vẻ như là người mới gặp lần đầu, nhưng tôi cảm thấy đã gặp ở đâu đó."
JP030525-H4J9,祖先,"""#三級 #名詞 #文化""",shinkanzen,名詞 (danh từ),N3,Nói về nguồn gốc và truyền thống gia đình,,
"""","祖先を敬う (kính trọng tổ tiên), 祖先の遺産 (di sản của tổ tiên)","先祖 (せんぞ - tổ tiên), 子孫 (しそん - con cháu)",shinkanzen,[sound:J2TEAM-TTS-1746414498708.mp3],祖先を敬うことにしている家庭は、子どもたちの教育にも熱心だ。,Những gia đình quyết tâm tôn kính tổ tiên cũng nhiệt tình trong việc giáo dục con cái.,Examples Kero,Tôi đã tìm thấy bức ảnh của một người có vẻ là tổ tiên của tôi.
JP030525-K1L7,親戚,"""#三級 #名詞 #日常会話""",shinkanzen,名詞 (danh từ),N3,Nói về quan hệ gia đình và họ hàng,,
"""","遠い親戚 (họ hàng xa), 近い親戚 (họ hàng gần), 親戚付き合い (quan hệ họ hàng)","親類 (しんるい - họ hàng), 親族 (しんぞく - thân tộc)",shinkanzen,[sound:J2TEAM-TTS-1746414562730.mp3],遠い親戚みたいだが、実はとても仲がいい。,Có vẻ là họ hàng xa nhưng thực ra rất thân thiết.,Examples Kero,"Khi đến cuối năm, không khí giống như họp mặt họ hàng dần xuất hiện trong nhà."
JP030525-M5N2,夫婦,"""#三級 #名詞 #日常会話""",shinkanzen,名詞 (danh từ),N3,Nói về quan hệ vợ chồng và gia đình,,
"""","夫婦愛 (tình yêu vợ chồng), 夫婦喧嘩 (cãi vã vợ chồng), 夫婦仲 (mối quan hệ vợ chồng)","夫妻 (ふさい - vợ chồng), 婦人 (ふじん - phụ nữ)",shinkanzen,[sound:J2TEAM-TTS-1746414646960.mp3],あの夫婦のような関係を築くことにしている。,Tôi đã quyết tâm xây dựng mối quan hệ giống như cặp vợ chồng kia.,Examples Kero,"Có vẻ là cặp vợ chồng hạnh phúc, nhưng nghe nói họ cũng có nhiều bí mật với nhau."
JP030525-P8R4,長男,"""#三級 #名詞 #家族""",shinkanzen,名詞 (danh từ),N3,Nói về vị trí và vai trò trong gia đình,,
"""","長男の責任 (trách nhiệm của con trai trưởng), 長男を育てる (nuôi dạy con trai trưởng)","次男 (じなん - con trai thứ), 三男 (さんなん - con trai thứ ba), 長女 (ちょうじょ - con gái trưởng)",shinkanzen,[sound:J2TEAM-TTS-1746414702426.mp3],彼は長男のようにふるまうが、実は次男だ。,"Anh ta cư xử giống như con trai trưởng, nhưng thực ra là con trai thứ.",Examples Kero,"Nghĩ đến trách nhiệm trong tương lai, tôi quyết tâm rèn luyện tính cách xứng đáng của người con trai trưởng."
JP030525-S6T9,主人,"""#三級 #名詞 #日常会話""",shinkanzen,名詞 (danh từ),N3,Nói về vai trò trong công việc và gia đình,,
"""","店の主人 (chủ tiệm), 犬の主人 (chủ của chó), ご主人 (chồng - kính ngữ)",マスター (chủ quán),shinkanzen,[sound:J2TEAM-TTS-1746414944850.mp3],この犬は主人のようについてくる。,Con chó này đi theo giống như theo chủ vậy.,Examples Kero,"Ở công ty là một ông chủ nghiêm khắc, nhưng khi về nhà lại là một người chồng tốt bụng."
JP030525-U3V7,双子,"""#四級 #名詞 #家族""",shinkanzen,名詞 (danh từ),N4,Nói về trẻ em và mối quan hệ gia đình,,
"""","双子の兄弟 (anh em sinh đôi), 双子の姉妹 (chị em sinh đôi)",双生児 (そうせいじ - sinh đôi),shinkanzen,[sound:J2TEAM-TTS-1746415124707.mp3],彼らは双子ということになっているが、実は年が違う。,"Họ được cho là sinh đôi, nhưng thực ra chênh lệch tuổi.",Examples Kero,"Họ có tính cách giống như sinh đôi, luôn nghĩ giống nhau."
JP030525-W2X1,迷子,"""#四級 #名詞 #日常会話""",shinkanzen,名詞 (danh từ),N4,Nói về tình huống lạc đường và trẻ em,,
"""","迷子になる (bị lạc), 迷子の案内所 (điểm hướng dẫn trẻ lạc)","迷う (まよう - bị lạc, lầm lẫn)",shinkanzen,[sound:J2TEAM-TTS-1746415168291.mp3],子供が迷子のようになっているから、親は心配している。,"Vì đứa trẻ đang ở trong tình trạng giống như bị lạc, nên bố mẹ đang lo lắng.",Examples Kero,"Trong đám đông, tôi giống như một đứa trẻ bị lạc vậy."
JP030525-Y9Z5,他人,"""#三級 #名詞 #人間関係""",shinkanzen,名詞 (danh từ),N3,Nói về mối quan hệ xã hội,,
"""","他人のこと (chuyện người khác), 他人事 (たにんごと - chuyện không liên quan)","知らない人 (しらないひと - người không quen biết), 赤の他人 (あかのたにん - người hoàn toàn không liên quan)",shinkanzen,[sound:J2TEAM-TTS-1746415335213.mp3],彼は他人の話を聞かないようになっている。,Anh ta đã trở nên không nghe lời người khác.,Examples Kero,Tôi cứ nghĩ người mà tôi tưởng là bạn thực ra là người hoàn toàn xa lạ.
JP030525-A1B3,敵,"""#三級 #名詞 #人間関係""",shinkanzen,名詞 (danh từ),N3,Nói về đối thủ và mối quan hệ đối địch,,
"""","敵に回す (biến thành kẻ thù), 敵国 (quốc gia thù địch), 強敵 (đối thủ mạnh)","味方 (みかた - đồng minh), 対戦相手 (たいせんあいて - đối thủ)",shinkanzen,[sound:J2TEAM-TTS-1746415377967.mp3],昔の敵らしい人が突然現れた。,Một người có vẻ là kẻ thù ngày xưa đột nhiên xuất hiện.,Examples Kero,Không nên coi đối tác kinh doanh như là kẻ thù.
JP030525-C5D7,味方,"""#三級 #名詞 #人間関係""",shinkanzen,名詞 (danh từ),N3,Nói về đồng minh và sự hỗ trợ,,
"""","味方になる (trở thành đồng minh), 味方をする (ủng hộ)","敵 (てき - kẻ thù), 応援者 (おうえんしゃ - người cổ vũ)",shinkanzen,[sound:J2TEAM-TTS-1746415819638.mp3],困った時、父は私の味方になってくれる。,"Khi gặp khó khăn, bố luôn trở thành đồng minh của tôi.",Examples Kero,Giáo viên kia nghiêm khắc nhưng thực ra có vẻ là đồng minh của học sinh.
JP030525-E8F2,筆者,"""#三級 #名詞 #文学""",shinkanzen,名詞 (danh từ),N3,Nói về tác giả và văn học,,
"""","筆者の意図 (ý định của tác giả), 筆者の主張 (lập luận của tác giả)","著者 (ちょしゃ - tác giả), 作者 (さくしゃ - tác giả), 作家 (さっか - nhà văn)",shinkanzen,[sound:J2TEAM-TTS-1746415874724.mp3],筆者の意図を理解することにしている。,Tôi đã quyết tâm hiểu ý định của tác giả.,Examples Kero,Tôi đã bắt gặp một người có vẻ là tác giả viết bài báo này.
JP030525-G4H9,寿命,"""#三級 #名詞 #健康""",shinkanzen,名詞 (danh từ),N3,Nói về tuổi thọ và sức khỏe,,
"""","寿命が延びる (tuổi thọ kéo dài), 寿命が来る (đến cuối tuổi thọ), 平均寿命 (tuổi thọ trung bình)","長寿 (ちょうじゅ - trường thọ), 短命 (たんめい - yểu mệnh)",shinkanzen,[sound:J2TEAM-TTS-1746416238129.mp3],健康のために規則正しい生活を送ることにしている。,Tôi đã quyết tâm sống một cuộc sống có quy tắc vì sức khỏe.,Examples Kero,"Cái máy tính này đã dùng 5 năm rồi, có vẻ như sắp hết tuổi thọ."
JP030525-I6J1,将来,"""#三級 #名詞 #キャリア""",shinkanzen,名詞 (danh từ),N3,Nói về tương lai và kế hoạch nghề nghiệp,,
"""","将来の夢 (ước mơ tương lai), 明るい将来 (tương lai tươi sáng), 近い将来 (tương lai gần)","未来 (みらい - tương lai), 今後 (こんご - từ nay về sau)",shinkanzen,[sound:J2TEAM-TTS-1746416580556.mp3],子供の将来のために貯金することにしている。,Tôi đã quyết tâm tiết kiệm vì tương lai của con cái.,Examples Kero,Có vẻ như một tương lai tươi sáng đang chờ đợi anh ấy.
JP030525-K2L5,才能,"""#三級 #名詞 #能力""",shinkanzen,名詞 (danh từ),N3,Nói về năng lực và tài năng cá nhân,,
"""","才能がある (có tài năng), 才能を伸ばす (phát triển tài năng), 音楽の才能 (tài năng âm nhạc)","天才 (てんさい - thiên tài), 能力 (のうりょく - khả năng)",shinkanzen,[sound:J2TEAM-TTS-1746416628825.mp3],この子は音楽の才能が開花してくるようになっている。,Đứa trẻ này đang bắt đầu phát triển tài năng âm nhạc.,Examples Kero,"Tôi tưởng người đó là thiên tài, nhưng hóa ra chỉ là người chăm chỉ."
区切る,くぎる,"chia, phân chia, phân đoạn",shinkanzen,động từ nhóm 1 (Godan-doushi),一つ(ひとつ)一つ(ひとつ)言葉(ことば)を区切(くぎ)って話(はな)す。,Nói nhả từng chữ một.,"Chữ 区 (khu) có nghĩa là khu vực, phân khu; Chữ 切 (thiết) có nghĩa là cắt. Khi ghép lại, 区切る mang ý nghĩa cắt, phân chia thành các khu vực, phần riêng biệt.","区切り (くぎり): sự phân chia, ranh giới、句読点 (くとうてん): dấu câu、区分け (くわけ): phân chia khu vực"
組む,くむ,"hiệp lực, tham gia, đoàn kết, bắt chéo, kết hợp",shinkanzen,động từ nhóm 1 (Godan-doushi),同僚(どうりょう)と組(く)んでプロジェクトチームを作(つく)った。,Tôi kết hợp cùng đồng nghiệp làm nhóm dự án.,"""Chữ 組 (tổ) bao gồm bộ 糸 (ti - chỉ tơ) bên trái và 且 (thả - hơn nữa) bên phải. Bộ 糸 gợi ý về sự kết nối, đan xen như các sợi tơ, đồng thời thể hiện ý nghĩa của 組む là """"kết hợp, liên kết"""" các thành phần lại với nhau.""",組み立てる (くみたてる): lắp ráp、組み合わせる (くみあわせる): kết hợp、組織 (そしき): tổ chức
組み立てる,くみたてる,"lắp ráp, ghép nối, xây dựng",shinkanzen,động từ nhóm 2 (Ichidan-doushi),部品(ぶひん)を組(く)み立(た)てて機械(きかい)を作(つく)った。,Lắp ráp bộ phận để tạo nên máy móc.,"Từ 組み立てる gồm 組 (tổ - kết hợp) và 立 (lập - đứng lên). 組 thể hiện việc kết hợp các thành phần, còn 立 thể hiện việc dựng lên, đặt vào vị trí. Khi ghép lại, từ này mang ý nghĩa lắp ráp, xây dựng từ nhiều thành phần riêng lẻ để tạo thành một tổng thể hoàn chỉnh.",組み立て作業 (くみたてさぎょう): công việc lắp ráp、組み立て式 (くみたてしき): kiểu lắp ráp、組み立て生産 (くみたてせいさん): sản xuất lắp ráp
加わる,くわわる,"thêm vào, tăng lên, tham gia, gia nhập",shinkanzen,động từ tự động từ nhóm 5 (Godan-doushi),新(あたら)しい選手(せんしゅ)がチームに加(くわ)わった。,Thêm thành viên mới vào nhóm.,"""Chữ 加 (gia) có nghĩa là thêm vào, cộng thêm, tăng lên. Đây là hình ảnh của """"力"""" (lực) và """"口"""" (miệng) ghép lại, gợi ý về việc thêm sức mạnh vào. Từ 加わる thể hiện trạng thái bị động khi một thứ gì đó được thêm vào một hệ thống hoặc nhóm đã tồn tại.""",加わり度合い (くわわりどあい): mức độ tham gia、参加する (さんかする): tham gia、付け加わる (つけくわわる): được thêm vào
加える,くわえる,"tham gia, cộng vào, tăng thêm, gây ra",shinkanzen,động từ nhóm 2 (Ichidan-doushi),3に8を加(くわ)えると11になる。,Cộng 8 vào 3 sẽ thành 11.,"""Chữ 加 (gia) có nghĩa là thêm vào, cộng thêm, tăng lên. Đây là hình ảnh của """"力"""" (lực) và """"口"""" (miệng) ghép lại, gợi ý về việc thêm sức mạnh/thành phần vào. Từ 加える thể hiện hành động chủ động khi ai đó thêm một thứ gì đó vào một hệ thống hoặc đối tượng khác.""","書き加える (かきくわえる): viết thêm vào、付け加える (つけくわえる): thêm vào、加えて (くわえて): thêm nữa, ngoài ra"
仕上がる,しあがる,"được hoàn thành, kết thúc, hoàn thiện",shinkanzen,động từ tự động từ nhóm 5 (Godan-doushi),恋人(こいびと)に挙(あ)げるマフラーがやっと仕上(しあ)がった。,Cuối cùng đan xong chiếc khăn quàng cổ tặng người yêu.,"""Từ 仕上がる gồm 仕 (sĩ - phục vụ, làm việc) và 上 (thượng - lên trên). 仕 liên quan đến công việc, còn 上がる (lên trên) thể hiện sự hoàn thành, kết thúc. Kết hợp lại, từ này mang ý nghĩa """"công việc đã được nâng lên mức cuối cùng"""" - tức là đã hoàn thành, kết thúc.""",仕上がり具合 (しあがりぐあい): tình trạng hoàn thành、出来上がり (できあがり): thành phẩm、仕上がり時間 (しあがりじかん): thời gian hoàn thành
仕上げる,しあげる,"hoàn thành, kết thúc, hoàn thiện",shinkanzen,động từ tha động từ nhóm 2 (Ichidan-doushi),「この仕事(しごと)は月末(げつまつ)までに仕上(しあ)げてください」,Hãy làm xong công việc này đến cuối tháng nhé.,"""Từ 仕上げる gồm 仕 (sĩ - phục vụ, làm việc) và 上 (thượng - lên trên). 仕 liên quan đến công việc, còn 上げる (nâng lên) thể hiện hành động chủ động đưa lên trạng thái cuối cùng. Kết hợp lại, từ này mang ý nghĩa chủ động """"đưa công việc lên mức hoàn thiện cuối cùng"""".""",仕上げ作業 (しあげさぎょう): công đoạn hoàn thiện、最終仕上げ (さいしゅうしあげ): hoàn thiện cuối cùng、下地仕上げ (したじしあげ): hoàn thiện nền móng
通りかかる,とおりかかる,"ngang qua, đi qua (một cách tình cờ)",shinkanzen,động từ nhóm 5 (Godan-doushi),ラーメン屋(や)の前(まえ)を通(とお)りかかると、大勢(おおぜい)の人(ひと)が行列(ぎょうれつ)していた。,"Tình cờ đi ngang qua cửa hàng mì, thấy rất đông người đang xếp hàng.","Từ 通りかかる gồm 通り (thông - đi qua) và かかる (gặp phải, xảy ra). 通り có nghĩa là con đường, sự đi qua, còn かかる gợi ý về sự tình cờ, không định trước. Kết hợp lại, từ này diễn tả hành động tình cờ đi ngang qua một địa điểm nào đó.",通りがかり (とおりがかり): sự đi ngang qua、偶然通りかかる (ぐうぜんとおりかかる): tình cờ đi ngang qua、通りがかりの人 (とおりがかりのひと): người đi đường
飛び回る,とびまわる,"bay vòng quanh, chạy khắp nơi, di chuyển nhiều",shinkanzen,động từ nhóm 5 (Godan-doushi),ミツバチがぶんぶん飛(と)び回(まわ)っている。,Ong bay vo ve xung quanh.,"Từ 飛び回る gồm 飛 (phi - bay) và 回 (hồi - quay vòng). 飛 thể hiện hành động bay, di chuyển nhanh trong không gian, còn 回る thể hiện sự chuyển động theo vòng tròn, lặp đi lặp lại. Kết hợp lại, từ này diễn tả hành động bay hoặc di chuyển liên tục từ nơi này sang nơi khác.",飛び回る様子 (とびまわるようす): dáng vẻ bay khắp nơi、忙しく飛び回る (いそがしくとびまわる): bận rộn chạy khắp nơi、世界中を飛び回る (せかいじゅうをとびまわる): bay khắp thế giới
巡る,めぐる,"quay quanh, xoay vòng, liên quan đến",shinkanzen,động từ nhóm 5 (Godan-doushi),地球(ちきゅう)は太陽(たいよう)の周(まわ)りを巡(めぐ)っている。,Trái đất quay quanh mặt trời.,"Chữ 巡 (tuần) có nghĩa là đi tuần, đi vòng quanh để kiểm tra. Hình ảnh của 辶 (đi) và 川 (sông) gợi ý về việc tuần tra, đi vòng quanh dọc theo bờ sông. Từ 巡る thể hiện hành động quay vòng, di chuyển xung quanh một vật thể hoặc liên quan đến một vấn đề.",巡り合わせ (めぐりあわせ): duyên phận、運命に巡り会う (うんめいにめぐりあう): gặp gỡ định mệnh、血液循環 (けつえきじゅんかん): tuần hoàn máu
補う,おぎなう,"đền bù, bù đắp, bổ sung",shinkanzen,động từ nhóm 5 (Godan-doushi),栄養(えいよう)不足(ぶそく)を補(おぎな)うために、薬(くすり)を飲(の)んでいる。,Tôi uống thuốc để bổ sung sự thiếu chất dinh dưỡng.,"Chữ 補 (bổ) có nghĩa là bổ sung, bù đắp. Được cấu tạo từ bộ 衤(y - quần áo) và 甫 (phó - bắt đầu). Ý nghĩa gốc liên quan đến việc vá, sửa chữa quần áo. Từ đó mở rộng ra nghĩa bổ sung, bù đắp những thứ còn thiếu sót để làm cho hoàn chỉnh.",補い合う (おぎないあう): bổ sung cho nhau、補うもの (おぎなうもの): thứ bổ sung、栄養を補う (えいようをおぎなう): bổ sung dinh dưỡng
防ぐ,ふせぐ,"phòng, chống, ngăn ngừa, bảo vệ",shinkanzen,động từ nhóm 5 (Godan-doushi),泥棒(どろぼう)を防(ふせ)ぐために、鍵(かぎ)を二(ふた)つ付(つ)けた。,Để phòng trộm tôi làm hai chìa khóa.,"""Chữ 防 (phòng) có nghĩa là ngăn chặn, phòng ngừa. Được cấu tạo từ bộ 阝(ấp - thành phố, thành quách) và 方 (phương - hướng, phương pháp). Hình ảnh này gợi nhớ đến các thành lũy được xây dựng theo nhiều phương hướng để bảo vệ thành phố khỏi kẻ thù - tức là """"phòng ngừa"""" hiểm họa từ bên ngoài.""",病気を防ぐ (びょうきをふせぐ): phòng bệnh、虫歯を防ぐ (むしばをふせぐ): phòng sâu răng、事故を防ぐ (じこをふせぐ): phòng tai nạn
救う,すくう,"cứu, giúp, giải thoát",shinkanzen,động từ nhóm 5 (Godan-doushi),ペニシリンの発見(はっけん)は、多(おお)くの人々(ひとびと)の命(いのち)を救(すく)った。,Việc phát hiện ra penicilin đã cứu sống nhiều mạng người.,"""Chữ 救 (cứu) có nghĩa là cứu giúp, giải thoát. Được cấu tạo từ 求 (cầu - tìm kiếm, mong muốn) và 攵 (phốc - đánh, tác động). Sự kết hợp này gợi ý về việc đáp ứng lời cầu xin giúp đỡ, tác động để giải thoát người khác khỏi hiểm nguy - đó chính là ý nghĩa của việc """"cứu giúp"""".""",命を救う (いのちをすくう): cứu mạng、窮地から救う (きゅうちからすくう): cứu khỏi tình thế khó khăn、溺れる人を救う (おぼれるひとをすくう): cứu người đang chết đuối
追いかける,おいかける,"chạy theo, đuổi theo",shinkanzen,động từ nhóm 2 (る),犯人(はんにん)を追(お)いかけたが、逃(に)げられてしまった。,Đuổi theo tội phạm nhưng đã chạy thoát mất.,"""Kanji """"追"""" (truy) mang ý nghĩa đuổi theo, bao gồm bộ """"辶"""" biểu thị sự di chuyển và """"⻌"""" là hình ảnh của chân di chuyển, thể hiện hành động đuổi theo, chạy theo một cách liên tục.""",追いかけっこ(おいかけっこ): trò đuổi bắt、追いかけ回す(おいかけまわす): đuổi theo liên tục、必死に追いかける(ひっしにおいかける): cố gắng đuổi theo
追いつく,おいつく,"đuổi kịp, theo kịp",shinkanzen,động từ nhóm 1 (godan),彼(かれ)は足(あし)が速(はや)いから、今(いま)から追(お)いかけても追(お)いつかないだろう。,"Anh ấy đi rất nhanh, giờ có đuổi theo cũng không đuổi kịp đâu.","""Kanji """"追"""" (truy) mang ý nghĩa đuổi theo như đã phân tích ở trên. Kanji """"着"""" trong """"つく"""" (mặc dù từ này viết bằng hiragana) có nghĩa là """"đến nơi"""", """"chạm đến"""". Kết hợp lại, từ mang ý nghĩa """"đuổi đến nơi"""" hay """"đuổi kịp"""".""",追いつき追い越せ(おいつきおいこせ): đuổi kịp và vượt qua、追いつき追われつ(おいつきおわれつ): đuổi kịp và bị đuổi theo、追いつくまで(おいつくまで): cho đến khi đuổi kịp
追い越す,おいこす,"vượt qua, vượt lên (chạy vượt)",shinkanzen,động từ nhóm 1 (godan),前(まえ)を走(はし)る選手(せんしゅ)に追(お)いついたが、追(お)い越(こ)すことはできなかった。,Đã đuổi kịp vận động viên chạy trước tôi nhưng không thể vượt qua được.,"""Kanji """"追"""" (truy) mang ý nghĩa đuổi theo. Kanji """"越"""" (việt/siêu) có ý nghĩa vượt qua, đi qua. Kết hợp lại, từ này mang ý nghĩa """"đuổi theo và vượt qua"""", thể hiện một hành động liên tục từ việc đuổi theo đến vượt lên trước.""",追い越し車線(おいこしせんせん): làn vượt、追い越し禁止(おいこしきんし): cấm vượt、追い越し追い抜き(おいこしおいぬき): vượt qua và đi trước
振り向く,ふりむく,"ngoảnh mặt, nhìn quanh, chú ý đến",shinkanzen,động từ nhóm 1 (godan),名前(なまえ)を呼(よ)ばれて、振(ふ)り向(む)いた。,"Ai đó gọi tên, tôi nhìn quanh xem ai.","""Kanji """"振"""" (chấn) có nghĩa là lắc, vẫy, rung động, thể hiện chuyển động. Kanji """"向"""" (hướng) mang ý nghĩa hướng về, quay về. Kết hợp lại, từ này diễn tả hành động quay người lại, nhìn về phía sau hoặc xung quanh.""",振り向かせる(ふりむかせる): làm ai đó chú ý、振り向き様(ふりむきざま): ngay khi quay lại、振り向きざま(ふりむきざま): khoảnh khắc quay đầu lại
捕る・採る・執る,とる,"bắt, lấy, nắm, tuyển dụng (tùy theo kanji sử dụng)",shinkanzen,động từ nhóm 1 (godan),公園(こうえん)でセミを捕(と)った。,Bắt ve ở công viên.,"""""""捕"""" (bộ) gồm bộ """"扌"""" (thủ) và """"甫"""" (phó) thể hiện hành động bắt, tóm; """"採"""" (thải) gồm bộ """"扌"""" (thủ) và """"木"""" (mộc) thể hiện hành động hái, lấy từ thiên nhiên; """"執"""" (chấp) gồm bộ """"扌"""" (thủ) và """"幸"""" (hạnh) thể hiện sự nắm giữ, kiên định.""",捕り方(とりかた): cách bắt、採り入れる(とりいれる): tiếp thu、執り行う(とりおこなう): tiến hành
取り上げる,とりあげる,"nhặt lên, lấy, chọn, nêu ra, đưa tin",shinkanzen,động từ nhóm 2 (る),彼女(かのじょ)は机(つくえ)の上(うえ)の本(ほん)を取(と)り上(あ)げた。,Cô ấy cầm quyển sách ở trên bàn.,"""""""取"""" (thủ) có nghĩa là lấy, cầm, nắm; """"上"""" (thượng) có nghĩa là trên, lên. Kết hợp lại thành """"取り上げる"""" có nghĩa là lấy lên, nâng lên để mọi người chú ý, thể hiện hành động đưa một vật từ vị trí thấp lên cao hoặc đưa một vấn đề ra ánh sáng.""",取り上げ記事(とりあげきじ): bài báo nêu bật、話題に取り上げる(わだいにとりあげる): nêu lên thành chủ đề、取り上げ方(とりあげかた): cách nêu vấn đề
取り入れる,とりいれる,"nhặt vào, cho vào, thu hoạch, tiếp thu",shinkanzen,động từ nhóm 2 (る),洗濯物(せんたくもの)を取(と)り入(い)れる。,Lấy đồ giặt vào.,"""""""取"""" (thủ) có nghĩa là lấy, cầm, nắm; """"入"""" (nhập) có nghĩa là vào, nhập. Kết hợp lại thành """"取り入れる"""" thể hiện hành động lấy một vật gì đó từ bên ngoài và đưa vào bên trong, từ đó mở rộng sang nghĩa tiếp thu ý tưởng hoặc thu hoạch mùa màng.""",取り入れ時期(とりいれじき): mùa thu hoạch、意見を取り入れる(いけんをとりいれる): tiếp thu ý kiến、新技術を取り入れる(しんぎじゅつをとりいれる): áp dụng công nghệ mới
削る,けずる,"cắt, chuốt, gọt, cắt giảm",shinkanzen,động từ nhóm 1 (godan),ナイフで鉛筆(えんぴつ)を削(けず)った。,Gọt bút chì bằng dao.,"""Kanji """"削"""" (tước) bao gồm bộ """"刂"""" (đao/đao) ở bên phải biểu thị dao, công cụ cắt và bộ """"肖"""" (tiếu) ở bên trái. Cấu trúc kanji này thể hiện hành động sử dụng dao để cắt, gọt, làm mỏng một vật.""",削り取る(けずりとる): cắt bỏ、削り落とす(けずりおとす): gọt rơi、鉛筆削り(えんぴつけずり): gọt bút chì
縛る,しばる,"buộc, thắt, trói, ràng buộc",shinkanzen,động từ nhóm 1 (godan),古(ふる)い雑誌(ざっし)を重(かさ)ねてひもで縛(しば)る。,Dùng dây buộc tạp chí cũ lại.,"""Kanji """"縛"""" (phược) bao gồm bộ """"糸"""" (mịch) ở bên trái biểu thị sợi dây, chỉ và bộ """"剥"""" (bác/bát) ở bên phải. Bộ """"糸"""" thể hiện rõ ý nghĩa của từ là liên quan đến việc sử dụng dây để buộc, trói.""",縛りつける(しばりつける): buộc chặt、縛り首(しばりくび): treo cổ、縛り上げる(しばりあげる): trói lại
絞る・搾る,しぼる,"vắt, bóp, siết chặt",shinkanzen,động từ nhóm 1 (godan),水(みず)に濡(ぬ)らしたタオルを絞(しぼ)る。,Vắt khăn bị ướt.,"""""""絞"""" (giảo) gồm bộ """"糸"""" (mịch) chỉ sợi dây, vải và bộ """"交"""" (giao) thể hiện sự đan xen, kết hợp - diễn tả hành động vặn vẹo, xoắn vải để lấy nước. """"搾"""" (trá) gồm bộ """"扌"""" (thủ) biểu thị tay và bộ """"窄"""" (trách) thể hiện sự hẹp, chật - diễn tả hành động dùng tay ép, bóp để lấy chất lỏng.""",絞り出す(しぼりだす): vắt ra、絞り込む(しぼりこむ): thu hẹp lại、搾り取る(しぼりとる): vắt lấy
回る,まわる,"xoay quanh, quay, đi vòng quanh",shinkanzen,động từ nhóm 1 (godan),地球(ちきゅう)は太陽(たいよう)の周(まわ)りを回(まわ)っている。,Trái đất quay quanh mặt trời.,"""Kanji """"回"""" (hồi) gồm bộ """"囗"""" (vi) biểu thị sự bao quanh và bộ """"口"""" (khẩu) ở bên trong. Hình dạng của kanji này gợi nhớ đến một vật đang quay trong một không gian, thể hiện ý nghĩa """"xoay quanh, quay vòng"""".""",回り道(まわりみち): đường vòng、回り込む(まわりこむ): đi vòng để đến、回り舞台(まわりぶたい): sân khấu quay
回す,まわす,"xoay, vặn, chuyển",shinkanzen,động từ nhóm 1 (godan),ドアの取(と)っ手(て)を回(まわ)して開(あ)ける。,Vặn tay nắm cửa thì cửa sẽ mở.,"""Kanji """"回"""" (hồi) như đã phân tích ở trên, biểu thị sự quay vòng. Sự khác biệt giữa """"回る"""" và """"回す"""" là ở tính chất tự động và tha động của động từ, thể hiện qua cách chia mà không phải qua kanji.""",回し飲み(まわしのみ): uống vòng tròn、回し蹴り(まわしげり): đá vòng、持ち回り(もちまわり): luân phiên
映る,うつる,"bị phản chiếu, được chiếu, hiện lên (trong gương/nước), được phát (trên TV)",shinkanzen,động từ tự động từ nhóm 1 (godan),鏡(かがみ)には左右(さゆう)が逆(ぎゃく)に映(うつ)る。,Gương phản chiếu hình ảnh ngược trái phải.,"""Kanji 映 gồm bộ nhật (日) và bộ dụng (央) - ánh sáng chiếu vào vật thể và phản chiếu. Kanji này mang ý nghĩa của sự chiếu sáng, phản ánh, điều này trực tiếp liên quan đến nghĩa của từ 映る là """"bị phản chiếu"""".""",映り(うつり): sự phản chiếu、目に映る(めにうつる): hiện lên trong mắt、よく映る(よくうつる): phản chiếu rõ
映す,うつす,"chiếu, phản chiếu, phản ánh",shinkanzen,động từ tha động từ nhóm 1 (godan),全身(ぜんしん)を映(うつ)せる鏡(かがみ)が欲(ほ)しい。,Tôi muốn có chiếc gương chiếu toàn bộ thân hình.,"Kanji 映 gồm bộ nhật (日) và bộ dụng (央) - hàm ý việc tạo ra ánh sáng hoặc hình ảnh từ một nguồn (như máy chiếu) và chiếu lên một bề mặt khác. Kanji này phản ánh trực tiếp hành động chủ động của việc chiếu, phản chiếu.",映し出す(うつしだす): chiếu ra、反映する(はんえいする): phản ánh、投影する(とうえいする): chiếu lên
漬かる,つかる,"ngập, chìm trong, đắm mình trong",shinkanzen,động từ tự động từ nhóm 1 (godan),大雨(おおあめ)で家(いえ)の床(ゆか)まで水(みず)につかった。,Do mưa lớn nên nước ngập cả sàn nhà.,"Kanji 漬 gồm bộ thủy (氵) và chữ 直 (trực, thẳng) - hàm ý một vật thẳng đứng bị ngập trong nước. Bộ thủy liên quan trực tiếp đến ý nghĩa chính của từ là ngập, ngâm trong chất lỏng.",水に漬かる(みずにつかる): ngập trong nước、どっぷり漬かる(どっぷりつかる): đắm mình hoàn toàn、漬かり過ぎる(つかりすぎる): ngâm quá lâu
漬ける,つける,"ngâm, nhúng, tẩm",shinkanzen,động từ tha động từ nhóm 2 (ichidan),汚(よご)れが落(お)ちにくいときは、洗剤(せんざい)の液(えき)にしばらく付(つ)けておくとよい。,Khi vết bẩn khó giặt thì nên chấm dung dịch bột giặt lên một lúc.,"Kanji 漬 gồm bộ thủy (氵) và chữ 直 (trực, thẳng) - hình ảnh của việc chủ động đặt một vật thẳng đứng vào trong chất lỏng. Bộ thủy liên quan trực tiếp đến ý nghĩa ngâm, tẩm trong chất lỏng.",漬け物(つけもの): đồ muối chua、醤油漬け(しょうゆづけ): ngâm tương、酢漬け(すづけ): ngâm giấm
浮かぶ,うかぶ,"nổi lên, trôi nổi, hiện lên (trong tâm trí)",shinkanzen,động từ tự động từ nhóm 1 (godan),池(いけ)にボートが浮(う)かんでいる。,Quả bóng nổi trên mặt hồ.,"""Kanji 浮 gồm bộ thủy (氵) và phần 孚 - chỉ một vật nhẹ nổi trên mặt nước. Cấu trúc kanji phản ánh trực tiếp ý nghĩa """"nổi lên"""" của từ 浮かぶ, với bộ thủy biểu thị môi trường nước và phần còn lại ám chỉ vật nhẹ nổi lên.""","浮かび上がる(うかびあがる): nổi lên, hiện lên、頭に浮かぶ(あたまにうかぶ): hiện lên trong đầu、水面に浮かぶ(すいめんにうかぶ): nổi trên mặt nước"
浮かべる,うかべる,"cho nổi, thả trôi, làm hiện lên",shinkanzen,động từ tha động từ nhóm 2 (ichidan),池(いけ)におもちゃのボートを浮(う)かべて遊(あそ)んだ。,Làm nổi quả bóng trên mặt nước và chơi.,"Kanji 浮 gồm bộ thủy (氵) và phần 孚 - hàm ý một vật được đặt lên mặt nước và nổi lên. Cấu trúc kanji phản ánh hành động chủ động đưa một vật lên mặt nước và làm cho nó nổi, trực tiếp liên quan đến ý nghĩa của 浮かべる.","思い浮かべる(おもいうかべる): hình dung, tưởng tượng、笑みを浮かべる(えみをうかべる): nở nụ cười、涙を浮かべる(なみだをうかべる): rơm rớm nước mắt"
浮く,うく,"nổi, lơ lửng, dư ra",shinkanzen,động từ tự động từ nhóm 1 (godan),一(いち)円(えん)玉(だま)は水(みず)に浮(う)く。,Đồng tiền 1 yên nổi trên mặt nước.,Kanji 浮 gồm bộ thủy (氵) và phần 孚 - biểu thị một vật tự nhiên nổi lên trên mặt nước. Bộ thủy trực tiếp liên quan đến ý nghĩa chính của từ là nổi trên chất lỏng.,浮き上がる(うきあがる): nổi lên、浮き彫り(うきぼり): nổi bật、気が浮く(きがうく): tâm trí không tập trung
潜る,もぐる,"lặn, chìm xuống, chui vào",shinkanzen,động từ tự động từ nhóm 1 (godan),日本(にほん)の「海女(あま)」は長時間(ちょうじかん)海(うみ)に潜(もぐ)って貝(かい)や魚(さかな)を取(と)ることができる。,"Những nữ thợ lặn Nhật Bản, lặn hàng giờ dưới biển và có thể bắt cá và sò.","Kanji 潜 gồm bộ thủy (氵) và chữ 替 (thay thế) - biểu thị việc chuyển từ môi trường này sang môi trường khác, đặc biệt là từ không khí sang nước. Bộ thủy trực tiếp liên quan đến ý nghĩa chính của từ là lặn xuống nước.","潜り込む(もぐりこむ): chui vào, lẻn vào、潜水(せんすい): lặn nước、地下に潜る(ちかにもぐる): ẩn náu"
跳ねる,はねる,"nhảy, bắn, tóe",shinkanzen,động từ tự động từ nhóm 2 (ichidan),カエルは地面(じめん)から大(おお)きく跳(は)ねて、草(くさ)の中(なか)へ消(き)えた。,Con ếch nhảy những bước nhảy lớn từ mặt đất lẩn vào trong cỏ và biến mất.,"Kanji 跳 gồm bộ túc (足) và chữ 兆 (triệu) - biểu thị hành động nhảy lên cao, mạnh mẽ bằng đôi chân. Bộ túc trực tiếp liên quan đến ý nghĩa nhảy, trong khi 兆 gợi ý về sự mạnh mẽ, đột ngột của hành động.","跳ね返る(はねかえる): bật lại, dội lại、跳ね上がる(はねあがる): vọt lên、飛び跳ねる(とびはねる): nhảy lên nhảy xuống"
背負う,せおう,"mang vác, gánh vác, chịu đựng",shinkanzen,động từ tha động từ nhóm 1 (godan),背中(せなか)にリュックを背負(せお)う。,Mang hành lí trên vai.,"Kanji 背 (lưng) và 負 (gánh vác) kết hợp tạo thành một từ mô tả hành động mang vật gì đó trên lưng. Kanji 背 có hình ảnh của một người quay lưng lại, trong khi 負 có ý nghĩa gánh vác, chịu đựng - tạo nên ý nghĩa tổng thể của từ.",責任を背負う(せきにんをせおう): gánh vác trách nhiệm、罪を背負う(つみをせおう): mang tội、使命を背負う(しめいをせおう): gánh vác sứ mệnh
追う,おう,"đuổi, đuổi theo, theo sau, theo đuổi",shinkanzen,động từ tha động từ nhóm 1 (godan),子供(こども)は走(はし)って母親(ははおや)の後(あと)を追(お)った。,Đứa trẻ chạy đuổi theo sau lưng mẹ.,"Kanji 追 gồm bộ xước (辶) biểu thị sự di chuyển và phần 㕣 phía trên - hàm ý hành động đi theo, đuổi theo đối tượng nào đó. Bộ xước trực tiếp liên quan đến ý nghĩa chính của từ là đuổi theo, theo đuổi.",追いかける(おいかける): đuổi theo、追い出す(おいだす): đuổi ra ngoài、追い抜く(おいぬく): vượt qua
改善,かいぜん,"cải thiện, cải cách, sửa đổi để tốt hơn",shinkanzen,"danh từ, động từ",組合（くみあい）は待遇（たいぐう）の改善（かいぜん）を求（もと）めてストを行（おこな）った。,Các tổ chức công đoàn đã tổ chức những cuộc biểu tình đòi cải thiện chế độ đãi ngộ.,"""改 có nghĩa là """"thay đổi, sửa đổi"""", 善 có nghĩa là """"tốt, thiện"""". Kết hợp lại thành """"thay đổi để tốt hơn"""" phản ánh đúng ý nghĩa của từ """"cải thiện"""".""",環境改善（かんきょうかいぜん）: cải thiện môi trường、品質改善（ひんしつかいぜん）: cải thiện chất lượng、業績改善（ぎょうせきかいぜん）: cải thiện hiệu suất
改良,かいりょう,"cải tiến, cải thiện, nâng cấp chất lượng",shinkanzen,"danh từ, động từ",その製品（せいひん）は改良（かいりょう）を重（かさ）ねることで、一層（いっそう）使（つか）いやすくなった。,Sản phẩm này bao gồm những cải tiến nên đã dễ dàng sử dụng hơn rất nhiều.,"""改 có nghĩa là """"thay đổi, sửa đổi"""" và 良 có nghĩa là """"tốt, chất lượng"""". Sự kết hợp của hai kanji này tạo nên ý nghĩa """"cải tiến, nâng cao chất lượng"""" - phản ánh đúng bản chất của từ.""",品種改良（ひんしゅかいりょう）: cải tiến giống loài、技術改良（ぎじゅつかいりょう）: cải tiến kỹ thuật、改良版（かいりょうばん）: phiên bản cải tiến
改革,かいかく,"cải cách, đổi mới toàn diện",shinkanzen,"danh từ, động từ",古（ふる）い制度（せいど）を改革（かいかく）しなければ、この国（くに）の発展（はってん）は望（のぞ）めない。,Nếu không cải cách chế độ cũ thì không mong sự phát triển ở đất nước này.,"""改 có nghĩa là """"thay đổi, sửa đổi"""", 革 có nghĩa là """"da thuộc, thay đổi cơ bản"""". Sự kết hợp này tạo nên ý nghĩa """"cải cách"""" - sự thay đổi cơ bản, toàn diện một hệ thống.""",税制改革（ぜいせいかいかく）: cải cách thuế、教育改革（きょういくかいかく）: cải cách giáo dục、農地改革（のうちかいかく）: cải cách ruộng đất
改正,かいせい,"sửa đổi, chỉnh sửa, điều chỉnh (luật, quy định)",shinkanzen,"danh từ, động từ",4月（がつ）から新幹線（しんかんせん）のダイヤが改正（かいせい）されるそうだ。,Nghe nói từ tháng 4 bảng giờ tàu shinkansen sẽ được thay đổi.,"""改 có nghĩa là """"thay đổi, sửa đổi"""", 正 có nghĩa là """"đúng, chính xác"""". Kết hợp lại thành """"sửa đổi cho đúng"""" - phản ánh bản chất của việc điều chỉnh văn bản pháp luật, quy định để phù hợp hơn.""",法律改正（ほうりつかいせい）: sửa đổi luật pháp、憲法改正（けんぽうかいせい）: sửa đổi hiến pháp、改正案（かいせいあん）: dự thảo sửa đổi
改定,かいてい,"hiệu chỉnh, điều chỉnh (giá cả, thuế suất, mức lương)",shinkanzen,"danh từ, động từ",来年（らいねん）から消費税（しょうひぜい）率（りつ）が改定（かいてい）されることになった。,Từ năm sau sẽ điều chỉnh thuế tiêu thụ.,"""改 có nghĩa là """"thay đổi, sửa đổi"""", 定 có nghĩa là """"định, quyết định, xác định"""". Kết hợp lại thành """"thay đổi những gì đã được định trước"""" - phản ánh đúng bản chất của việc điều chỉnh giá cả, lương, thuế suất.""",料金改定（りょうきんかいてい）: điều chỉnh phí、賃金改定（ちんぎんかいてい）: điều chỉnh lương、価格改定（かかくかいてい）: điều chỉnh giá
改修,かいしゅう,"sửa chữa, cải tạo, nâng cấp (công trình, cơ sở vật chất)",shinkanzen,"danh từ, động từ",アパートが古（ふる）くなったので、大規模（だいきぼ）な改修（かいしゅう）が行（おこな）われることになった。,Căn nhà đã cũ nên quyết định tổ chức cải tạo với quy mô lớn.,"""改 có nghĩa là """"thay đổi, sửa đổi"""", 修 có nghĩa là """"sửa chữa, tu bổ"""". Kết hợp lại thành """"thay đổi bằng cách sửa chữa"""" - phản ánh chính xác bản chất của việc cải tạo, nâng cấp công trình.""",改修工事（かいしゅうこうじ）: công trình sửa chữa、大規模改修（だいきぼかいしゅう）: sửa chữa quy mô lớn、河川改修（かせんかいしゅう）: cải tạo sông ngòi
一致,いっち,"nhất trí, đồng nhất, trùng khớp, giống nhau",shinkanzen,"danh từ, động từ thể する",二人（ふたり）の意見（いけん）が一致（いっち）した。,Thống nhất ý kiến hai người với nhau.,"""一 có nghĩa là """"một"""", 致 có nghĩa là """"đạt tới, hướng tới"""". Kết hợp lại thành """"đạt tới một điểm chung"""" - phản ánh ý nghĩa của sự nhất trí, đồng nhất.""",意見一致（いけんいっち）: nhất trí ý kiến、満場一致（まんじょういっち）: nhất trí toàn thể、見解一致（けんかいいっち）: quan điểm đồng nhất
一方,いっぽう,"một phía, một bên, mặt khác, đơn phương",shinkanzen,"danh từ, phó từ, liên từ",飛行機（ひこうき）の中（なか）で乗客（じょうきゃく）が一方（いっぽう）に片寄（かたよ）ると危（あぶ）ない。,"Trong máy bay, hành khách dồn về một phía sẽ rất nguy hiểm.","""一 có nghĩa là """"một"""", 方 có nghĩa là """"phương, hướng, bên"""". Kết hợp lại thành """"một phương, một bên"""" - phản ánh đúng nghĩa của từ.""","一方通行（いっぽうつうこう）: đường một chiều、一方的（いっぽうてき）: đơn phương、一方面（いっぽうめん）: một mặt, một khía cạnh"
一定,いってい,"nhất định, cố định, không thay đổi, chắc chắn",shinkanzen,"danh từ, tính từ",倉庫（そうこ）の中（なか）は一定（いってい）の温度（おんど）を保（たも）たれている。,Trong kho đang bảo quản một nhiệt độ nhất định.,"""一 có nghĩa là """"một"""", 定 có nghĩa là """"xác định, ổn định"""". Kết hợp lại thành """"một mức xác định, ổn định"""" - phản ánh đúng ý nghĩa của từ """"nhất định, cố định"""".""",一定期間（いっていきかん）: khoảng thời gian nhất định、一定条件（いっていじょうけん）: điều kiện nhất định、一定水準（いっていすいじゅん）: mức độ nhất định
一人前,いちにんまえ,"người lớn, người trưởng thành, có khả năng tự lập, một phần ăn đầy đủ",shinkanzen,danh từ,経済的（けいざいてき）に親（おや）から独立（どくりつ）しなければ、一人前（いちにんまえ）とは言（い）えないだろう。,Nếu không độc lập kinh tế khỏi bố mẹ thì không thể nói là người lớn được.,"""一 có nghĩa là """"một"""", 人 có nghĩa là """"người"""", 前 có nghĩa là """"trước, đủ"""". Kết hợp lại thành """"một người đầy đủ"""" - phản ánh ý nghĩa của người đã trưởng thành, có đầy đủ khả năng, hoặc một phần ăn đầy đủ cho một người.""",一人前以上（いちにんまえいじょう）: hơn mức trưởng thành、職人一人前（しょくにんいちにんまえ）: thợ lành nghề、料理一人前（りょうりいちにんまえ）: một phần ăn đầy đủ
一流,いちりゅう,"hạng nhất, bậc nhất, hàng đầu, cao cấp",shinkanzen,"danh từ, tính từ",彼（かれ）がまだ若（わか）いが、コックとしての腕（うで）は一流（いちりゅう）だ。,Anh ấy vẫn còn trẻ nhưng tay nghề nấu ăn thì bậc nhất.,"""一 có nghĩa là """"một, nhất"""", 流 có nghĩa là """"dòng chảy, trường phái"""". Kết hợp lại thành """"dòng hạng nhất"""" - phản ánh ý nghĩa của sự xuất sắc, đẳng cấp cao nhất.""",一流ホテル（いちりゅうホテル）: khách sạn hạng nhất、一流企業（いちりゅうきぎょう）: công ty hàng đầu、一流品（いちりゅうひん）: sản phẩm cao cấp
開発,かいはつ,"sự phát triển, sự khai thác, sự phát minh",shinkanzen,danh từ,新製品の開発には3年の歳月がかかった。,Việc phát triển sản phẩm mới đã tốn 3 năm thời gian.,"""Kanji """"開"""" (kai) có nghĩa là """"mở ra"""" thường liên quan đến việc bắt đầu hoặc mở ra một cái gì đó. Kanji """"発"""" (hatsu) có nghĩa là """"phát ra, xuất phát"""". Kết hợp lại, """"開発"""" mang ý nghĩa """"mở ra và phát triển"""" một cái gì đó mới, phù hợp với nghĩa """"phát triển, khai thác"""".""",技術開発(ぎじゅつかいはつ): phát triển kỹ thuật、商品開発(しょうひんかいはつ): phát triển sản phẩm、研究開発(けんきゅうかいはつ): nghiên cứu và phát triển (R&amp;D)、資源開発(しげんかいはつ): khai thác tài nguyên
増大,ぞうだい,"sự mở rộng, sự tăng thêm, sự khuyếch trương",shinkanzen,danh từ,人口の増大に伴い、住宅問題が深刻化している。,"Cùng với sự gia tăng dân số, vấn đề nhà ở đang trở nên nghiêm trọng.","""Kanji """"増"""" (zou) có nghĩa là """"tăng thêm, gia tăng"""". Kanji """"大"""" (dai) có nghĩa là """"lớn, to"""". Kết hợp lại, """"増大"""" mang ý nghĩa """"tăng lên và trở nên lớn hơn"""", phù hợp với nghĩa """"sự mở rộng, sự tăng thêm"""".""",規模増大(きぼぞうだい): tăng quy mô、需要増大(じゅようぞうだい): tăng nhu cầu、リスク増大(りすくぞうだい): tăng rủi ro
増量,ぞうりょう,"sự tăng số lượng, sự tăng cân",shinkanzen,danh từ,このシャンプーは20%増量して価格はそのままです。,Loại dầu gội này đã tăng thêm 20% lượng sản phẩm nhưng giá vẫn giữ nguyên.,"""Kanji """"増"""" (zou) có nghĩa là """"tăng thêm, gia tăng"""". Kanji """"量"""" (ryou) có nghĩa là """"số lượng, lượng"""". Kết hợp lại, """"増量"""" mang ý nghĩa """"tăng thêm số lượng"""", phù hợp với nghĩa """"sự tăng số lượng, sự tăng cân"""".""",増量キャンペーン(ぞうりょうきゃんぺーん): chiến dịch tăng lượng sản phẩm、増量パック(ぞうりょうぱっく): gói tăng lượng
増税,ぞうぜい,sự tăng thuế,shinkanzen,danh từ,政府は来年から消費税の増税を実施する予定だ。,Chính phủ dự định thực hiện tăng thuế tiêu dùng từ năm sau.,"""Kanji """"増"""" (zou) có nghĩa là """"tăng thêm, gia tăng"""". Kanji """"税"""" (zei) có nghĩa là """"thuế"""". Kết hợp lại, """"増税"""" mang ý nghĩa """"tăng thêm thuế"""", phù hợp với nghĩa """"sự tăng thuế"""".""",消費税増税(しょうひぜいぞうぜい): tăng thuế tiêu dùng、増税政策(ぞうぜいせいさく): chính sách tăng thuế、法人税増税(ほうじんぜいぞうぜい): tăng thuế doanh nghiệp
増員,ぞういん,tăng thêm số (của) nhân sự,shinkanzen,danh từ,業務拡大に伴い、営業部の増員が決定された。,"Cùng với việc mở rộng kinh doanh, việc tăng cường nhân sự cho bộ phận kinh doanh đã được quyết định.","""Kanji """"増"""" (zou) có nghĩa là """"tăng thêm, gia tăng"""". Kanji """"員"""" (in) có nghĩa là """"thành viên, nhân viên"""". Kết hợp lại, """"増員"""" mang ý nghĩa """"tăng thêm nhân viên"""", phù hợp với nghĩa """"tăng thêm số (của) nhân sự"""".""",大幅増員(おおはばぞういん): tăng nhân sự đáng kể、増員計画(ぞういんけいかく): kế hoạch tăng nhân sự
減点,げんてん,"sự giảm trừ, sự giảm điểm",shinkanzen,danh từ,答案の書き方が不適切だったため、10点の減点となった。,Do cách viết bài không đúng quy cách nên đã bị trừ 10 điểm.,"""Kanji """"減"""" (gen) có nghĩa là """"giảm, trừ"""". Kanji """"点"""" (ten) có nghĩa là """"điểm"""". Kết hợp lại, """"減点"""" mang ý nghĩa """"giảm điểm"""", phù hợp với nghĩa """"sự giảm trừ, sự giảm điểm"""".""",減点対象(げんてんたいしょう): đối tượng bị trừ điểm、減点方式(げんてんほうしき): phương thức trừ điểm
減退,げんたい,"giảm thiểu, suy giảm",shinkanzen,danh từ,高齢化に伴い、記憶力の減退が見られる。,"Cùng với việc già đi, có thể thấy sự suy giảm của trí nhớ.","""Kanji """"減"""" (gen) có nghĩa là """"giảm, trừ"""". Kanji """"退"""" (tai) có nghĩa là """"lùi, rút lui"""". Kết hợp lại, """"減退"""" mang ý nghĩa """"giảm xuống và lùi lại"""", phù hợp với nghĩa """"giảm thiểu, suy giảm"""".""",体力減退(たいりょくげんたい): suy giảm thể lực、意欲減退(いよくげんたい): suy giảm động lực、食欲減退(しょくよくげんたい): suy giảm cảm giác thèm ăn
減量,げんりょう,"giảm trọng lượng, tụt cân",shinkanzen,danh từ,ボクサーは試合前に厳しい減量を強いられる。,Các võ sĩ quyền anh buộc phải giảm cân nghiêm ngặt trước trận đấu.,"""Kanji """"減"""" (gen) có nghĩa là """"giảm, trừ"""". Kanji """"量"""" (ryou) có nghĩa là """"số lượng, lượng"""". Kết hợp lại, """"減量"""" mang ý nghĩa """"giảm số lượng"""", phù hợp với nghĩa """"giảm trọng lượng, tụt cân"""".""",減量目標(げんりょうもくひょう): mục tiêu giảm cân、減量方法(げんりょうほうほう): phương pháp giảm cân、急激な減量(きゅうげきなげんりょう): giảm cân đột ngột
開店,かいてん,sự mở cửa hàng,shinkanzen,danh từ,新しいレストランが来月開店する予定です。,Nhà hàng mới dự định sẽ khai trương vào tháng sau.,"""Kanji """"開"""" (kai) có nghĩa là """"mở ra"""". Kanji """"店"""" (ten) có nghĩa là """"cửa hàng"""". Kết hợp lại, """"開店"""" mang ý nghĩa """"mở cửa hàng"""", phù hợp với nghĩa """"sự mở cửa hàng"""".""",開店セール(かいてんせーる): khuyến mãi khai trương、開店準備(かいてんじゅんび): chuẩn bị khai trương、開店時間(かいてんじかん): giờ mở cửa
開業,かいぎょう,"bắt đầu kinh doanh, khởi nghiệp",shinkanzen,danh từ,彼は独立して歯科医院を開業した。,Anh ấy đã độc lập mở phòng khám nha khoa.,"""Kanji """"開"""" (kai) có nghĩa là """"mở ra"""". Kanji """"業"""" (gyou) có nghĩa là """"nghiệp, công việc, kinh doanh"""". Kết hợp lại, """"開業"""" mang ý nghĩa """"mở ra công việc kinh doanh"""", phù hợp với nghĩa """"bắt đầu kinh doanh, khởi nghiệp"""".""",開業医(かいぎょうい): bác sĩ hành nghề tư、開業届(かいぎょうとどけ): giấy phép kinh doanh、開業祝い(かいぎょういわい): quà mừng khai trương
開催,かいさい,"sự tổ chức, tổ chức (sự kiện)",shinkanzen,danh từ,オリンピックは4年ごとに開催される。,Thế vận hội Olympic được tổ chức 4 năm một lần.,"""Kanji """"開"""" (kai) có nghĩa là """"mở ra"""". Kanji """"催"""" (sai) có nghĩa là """"tổ chức, thúc giục"""". Kết hợp lại, """"開催"""" mang ý nghĩa """"mở ra và tổ chức"""", phù hợp với nghĩa """"sự tổ chức, tổ chức (sự kiện)"""".""",開催地(かいさいち): địa điểm tổ chức、開催日(かいさいび): ngày tổ chức、開催期間(かいさいきかん): thời gian tổ chức
開放,かいほう,"sự mở cửa, sự tự do hóa",shinkanzen,danh từ,政府は貿易の開放を進めている。,Chính phủ đang thúc đẩy tự do hóa thương mại.,"""Kanji """"開"""" (kai) có nghĩa là """"mở ra"""". Kanji """"放"""" (hou) có nghĩa là """"thả ra, phóng thích"""". Kết hợp lại, """"開放"""" mang ý nghĩa """"mở ra và thả tự do"""", phù hợp với nghĩa """"sự mở cửa, sự tự do hóa"""".""",市場開放(しじょうかいほう): mở cửa thị trường、開放政策(かいほうせいさく): chính sách mở cửa、情報開放(じょうほうかいほう): công khai thông tin
閉鎖,へいさ,"sự phong bế, sự phong tỏa",shinkanzen,danh từ,大雪のため、高速道路が閉鎖された。,"Do tuyết rơi dày, đường cao tốc đã bị đóng cửa.","""Kanji """"閉"""" (hei) có nghĩa là """"đóng lại"""". Kanji """"鎖"""" (sa) có nghĩa là """"khóa, xích"""". Kết hợp lại, """"閉鎖"""" mang ý nghĩa """"đóng lại và khóa"""", phù hợp với nghĩa """"sự phong bế, sự phong tỏa"""".""","一時閉鎖(いちじへいさ): đóng cửa tạm thời、国境閉鎖(こっきょうへいさ): đóng cửa biên giới、閉鎖的(へいさてき): khép kín, khó gần"
密閉,みっぺい,"kín hơi, kín gió",shinkanzen,danh từ,化学実験では、危険物質を密閉容器に保管する。,"Trong thí nghiệm hóa học, các chất nguy hiểm được bảo quản trong các hộp kín.","""Kanji """"密"""" (mitsu) có nghĩa là """"kín, chặt chẽ"""". Kanji """"閉"""" (hei) có nghĩa là """"đóng lại"""". Kết hợp lại, """"密閉"""" mang ý nghĩa """"đóng lại một cách kín mít"""", phù hợp với nghĩa """"kín hơi, kín gió"""".""",密閉容器(みっぺいようき): hộp kín khí、密閉空間(みっぺいくうかん): không gian kín khí、完全密閉(かんぜんみっぺい): hoàn toàn kín khí
事情,じじょう,"tình hình, sự tình, nguyên cớ, lý do",shinkanzen,danh từ,彼女(かのじょ)はヨーロッパの事情(じじょう)に詳(くわ)しい。,Cô ấy biết rõ tường tận về tình hình của châu Âu.,"""""""事"""" có nghĩa là việc, sự việc; """"情"""" có nghĩa là tình cảm, tình huống. Kết hợp lại tạo thành """"事情"""" để chỉ các tình huống, sự tình hay hoàn cảnh trong cuộc sống. Kanji """"事"""" thường liên quan đến công việc, việc làm trong khi """"情"""" liên quan đến cảm xúc, tình cảm - khi kết hợp lại tạo thành từ mô tả các tình huống phức tạp trong đời sống.""",家庭事情(かていじじょう): tình hình gia đình、経済事情(けいざいじじょう): tình hình kinh tế、個人事情(こじんじじょう): lý do cá nhân
事態,じたい,"tình hình, tình trạng",shinkanzen,danh từ,預金(よきん)している銀行(ぎんこう)が倒産(とうさん)するという、大変(たいへん)な事態(じたい)になった。,Ngân hàng tôi đang gửi tiết kiệm bị phá sản nên đang lâm vào tình trạng khó khăn.,"""""""事"""" có nghĩa là việc, sự việc; """"態"""" có nghĩa là thái độ, tình trạng. Kết hợp lại tạo thành """"事態"""" để chỉ tình trạng của một sự việc, đặc biệt là các tình huống nghiêm trọng. Kanji """"態"""" thường liên quan đến hành vi, thái độ hoặc trạng thái, làm cho từ """"事態"""" thường được sử dụng để chỉ tình trạng của các sự kiện quan trọng.""",緊急事態(きんきゅうじたい): tình trạng khẩn cấp、非常事態(ひじょうじたい): tình trạng khẩn cấp、危機的事態(ききてきじたい): tình trạng nguy cấp
障害,しょうがい,"cản trở, khó khăn, vấn đề",shinkanzen,danh từ,彼(かれ)は目(め)が見(み)えないという障害(しょうがい)を乗(の)り越(こ)えてピアニストになった。,Anh ấy đã vượt qua khó khăn không nhìn thấy để trở thành nhà piano.,"""""""障"""" có nghĩa là chướng ngại, cản trở; """"害"""" có nghĩa là hại, tổn hại. Kết hợp lại tạo thành """"障害"""" để chỉ những trở ngại, khó khăn hoặc vấn đề sức khỏe làm ảnh hưởng đến cuộc sống bình thường. Kanji """"障"""" gợi ý về một rào cản, trong khi """"害"""" nhấn mạnh tác động tiêu cực, tạo nên ý nghĩa của từ.""",身体障害(しんたいしょうがい): khuyết tật thể chất、発達障害(はったつしょうがい): rối loạn phát triển、障害物(しょうがいぶつ): vật cản
福祉,ふくし,phúc lợi,shinkanzen,danh từ,大学(だいがく)で福祉(ふくし)について勉強(べんきょう)した。,Tôi đang học về phúc lợi xã hội tại trường đại học.,"""""""福"""" có nghĩa là phúc, hạnh phúc; """"祉"""" cũng có nghĩa là phúc, điều tốt lành. Kết hợp lại tạo thành """"福祉"""" để chỉ các chương trình và chính sách nhằm mang lại cuộc sống tốt đẹp cho người dân. Cả hai kanji đều liên quan đến may mắn và hạnh phúc, nhấn mạnh mục đích của phúc lợi xã hội.""",社会福祉(しゃかいふくし): phúc lợi xã hội、福祉施設(ふくししせつ): cơ sở phúc lợi、介護福祉士(かいごふくしし): nhân viên phúc lợi chăm sóc
社会,しゃかい,xã hội,shinkanzen,danh từ,定年(ていねん)退職(たいしょく)後(ご)は社会(しゃかい)の役(やく)に立(た)つことをしたい。,Sau khi về hưu tôi muốn làm công việc có ích cho xã hội.,"""""""社"""" nguyên là chỉ đền thờ Thần đạo, sau mở rộng nghĩa thành tổ chức, đoàn thể; """"会"""" có nghĩa là gặp gỡ, tụ họp, hội. Kết hợp lại tạo thành """"社会"""" để chỉ xã hội - nơi mọi người sống và tương tác với nhau. Đây là một trong những từ cơ bản và quan trọng trong tiếng Nhật.""",社会人(しゃかいじん): người đi làm、社会的(しゃかいてき): thuộc về xã hội、社会復帰(しゃかいふっき): tái hòa nhập xã hội
都会,とかい,"thành phố, thành thị",shinkanzen,danh từ,田舎(いなか)の高校生(こうこうせい)だったの私(わたし)は、都会(とかい)にあこがれていた。,Một đứa học sinh vùng quê như tôi rất ao ước sống ở thành phố.,"""""""都"""" có nghĩa là thủ đô, đô thị; """"会"""" có nghĩa là gặp gỡ, tụ họp. Kết hợp lại tạo thành """"都会"""" để chỉ khu vực đô thị sầm uất - nơi nhiều người tụ họp sinh sống và làm việc. Kanji """"都"""" thường gắn với các đô thị lớn như Tokyo (東京都).""",大都会(だいとかい): đô thị lớn、都会的(とかいてき): mang phong cách thành thị、都会暮らし(とかいぐらし): cuộc sống thành phố
世論,よろん,"dư luận, ý kiến công chúng",shinkanzen,danh từ,現代(げんだい)の政治(せいじ)家(か)は世論(よろん)を無視(むし)することはできない。,Những nhà chính trị gia ngày nay không thể phớt lờ ý kiến của công chúng.,"""""""世"""" có nghĩa là thế giới, thế hệ, đời; """"論"""" có nghĩa là lý luận, bàn luận. Kết hợp lại tạo thành """"世論"""" để chỉ ý kiến chung của công chúng về một vấn đề nào đó. Từ này thể hiện tính chất tập thể của ý kiến và sự bàn luận trong xã hội.""",世論調査(よろんちょうさ): khảo sát dư luận、世論形成(よろんけいせい): hình thành dư luận、世論対策(よろんたいさく): đối sách dư luận
民族,みんぞく,dân tộc,shinkanzen,danh từ,世界(せかい)にはさまざまな民族(みんぞく)が存在(そんざい)する。,Trên thế giới tồn tại rất nhiều dân tộc.,"""""""民"""" có nghĩa là dân, người dân; """"族"""" có nghĩa là tộc, họ, nhóm người. Kết hợp lại tạo thành """"民族"""" để chỉ một cộng đồng người có chung nguồn gốc, văn hóa và lịch sử. Từ này nhấn mạnh vào yếu tố văn hóa và lịch sử hơn là ranh giới quốc gia.""",少数民族(しょうすうみんぞく): dân tộc thiểu số、多民族(たみんぞく): đa dân tộc、民族衣装(みんぞくいしょう): trang phục dân tộc
作業,さぎょう,"công việc, sự làm việc",shinkanzen,名詞 (danh từ),時計（とけい）を作（つく）る仕事（しごと）は、作業（さぎょう）が細（こま）かくて複雑（ふくざつ）だ。,Công việc làm đồng hồ có những thao tác tỉ mỉ phức tạp.,,単純作業（たんじゅんさぎょう）: công việc đơn giản、手作業（てさぎょう）: công việc thủ công、流れ作業（ながれさぎょう）: dây chuyền sản xuất、作業着（さぎょうぎ）: quần áo làm việc
"""","""""""作業"""" có thể hiểu là 作る (làm) + 業 (nghiệp). Tưởng tượng một công nhân làm nghề từng chi tiết, từng thao tác nhỏ.""","作 (さく): làm, tạo ra + 業 (ぎょう): nghiệp, công việc. Hai chữ cùng liên quan đến công việc, nhấn mạnh vào các thao tác cụ thể trong quá trình làm việc.",shinkanzen,,,,,
工夫,くふう,"công sức, công phu, lao tâm khổ tứ",shinkanzen,名詞 (danh từ),仕事（しごと）のやり方（かた）を工夫（くふう）すれば、もう少（すこ）し時間（じかん）を短縮（たんしゅく）できるだろう。,Nếu chịu khó làm công việc này công phu hơn thì sẽ có thể rút ngắn thời gian.,,工夫（くふう）を凝（こ）らす: công phu suy nghĩ、工夫（くふう）を重（かさ）ねる: đầu tư công sức、工夫（くふう）の跡（あと）: dấu vết của sự tỉ mỉ
"""","""""""工夫"""" = 工 (công) + 夫 (phu), tưởng tượng một người thợ lành nghề phải suy nghĩ công phu để tạo ra sản phẩm hoàn hảo.""","工 (こう): nghề, thợ + 夫 (ふ/ふう): người đàn ông, người thợ. Hai chữ kết hợp diễn tả sự khéo léo và công phu trong nghề nghiệp.",shinkanzen,,,,,
消化,しょうか,"tiêu hóa, giải quyết, thực hiện",shinkanzen,名詞 (danh từ),私（わたし）は胃腸（いちょう）が弱（よわ）いので、消化（しょうか）｛が/に｝いいものを食（た）べるようにしている。,Dạ dày tôi yếu nên ăn những thứ dễ tiêu hóa tốt.,,消化（しょうか）不良（ふりょう）: khó tiêu、消化（しょうか）器官（きかん）: cơ quan tiêu hóa、消化（しょうか）作用（さよう）: quá trình tiêu hóa
"""","""""""消化"""" = 消 (biến mất) + 化 (biến đổi), tưởng tượng thức ăn biến mất và biến đổi trong cơ thể.""","消 (しょう): biến mất, tiêu tan + 化 (か): biến đổi, hóa. Hai chữ kết hợp diễn tả quá trình thức ăn biến đổi trong cơ thể.",shinkanzen,,,,,
吸収,きゅうしゅう,"hấp thụ, tiếp thu",shinkanzen,名詞 (danh từ),この物質（ぶっしつ）は｛水分（すいぶん）/匂（にお）い/音（おと）…｝を吸収（きゅうしゅう）する。,Sản phẩm này hấp thụ nước/mùi hôi/âm thanh…,,吸収（きゅうしゅう）力（りょく）: khả năng hấp thụ、吸収（きゅうしゅう）作用（さよう）: quá trình hấp thụ、吸収（きゅうしゅう）性（せい）: tính hấp thụ
"""","""""""吸収"""" = 吸 (hít) + 収 (thu), tưởng tượng việc hít/hút một cái gì đó vào và thu giữ lại, như bọt biển hấp thụ nước.""","吸 (きゅう): hít, hút + 収 (しゅう): thu nhận, thu thập. Hai chữ kết hợp diễn tả việc hút vào và lưu trữ, giữ lại.",shinkanzen,,,,,
設置,せっち,"lắp đặt, thiết lập, đặt",shinkanzen,名詞 (danh từ),工場（こうじょう）に新（あたら）しい機械（きかい）を設置（せっち）する。,Công ty lắp đặt máy mới.,,設置（せっち）工事（こうじ）: công trình lắp đặt、設置（せっち）場所（ばしょ）: địa điểm đặt、設置（せっち）計画（けいかく）: kế hoạch lắp đặt
"""","""""""設置"""" = 設 (thiết lập) + 置 (đặt, để), tưởng tượng việc chuẩn bị kỹ lưỡng rồi đặt cái gì đó vào vị trí chính xác.""","設 (せつ): thiết lập, chuẩn bị + 置 (ち): đặt, để. Hai chữ kết hợp diễn tả việc chuẩn bị kỹ lưỡng và đặt đúng vị trí.",shinkanzen,,,,,
設定,せってい,"thiết lập, cài đặt",shinkanzen,名詞 (danh từ),エアコンの温度（おんど）を26度（ど）に設定（せってい）する。,Thiết lập nhiệt độ điều hòa ở 26 độ.,,料金（りょうきん）設定（せってい）: thiết lập giá cả、初期（しょき）設定（せってい）: cài đặt ban đầu、設定（せってい）画面（がめん）: màn hình cài đặt
"""","""""""設定"""" = 設 (thiết lập) + 定 (cố định), tưởng tượng việc thiết lập một giá trị rồi cố định nó lại, như cài đặt nhiệt độ máy lạnh.""","設 (せつ): thiết lập, chuẩn bị + 定 (てい): xác định, cố định. Hai chữ kết hợp diễn tả việc thiết lập và cố định thông số.",shinkanzen,,,,,
調節,ちょうせつ,"điều tiết, điều chỉnh, điều hòa",shinkanzen,名詞 (danh từ),リモコンで温度（おんど）の調節（ちょうせつ）をする。,Điều khiển nhiệt độ bằng điều khiển từ xa.,,温度（おんど）調節（ちょうせつ）: điều chỉnh nhiệt độ、明（あか）るさ調節（ちょうせつ）: điều chỉnh độ sáng、調節（ちょうせつ）機能（きのう）: chức năng điều chỉnh
"""","""""""調節"""" = 調 (điều chỉnh) + 節 (khớp), tưởng tượng việc điều chỉnh các khớp nối để phù hợp, như vặn núm điều chỉnh.""","調 (ちょう): điều chỉnh, điều hòa + 節 (せつ): khớp, đốt. Hai chữ kết hợp diễn tả việc điều chỉnh từng phần để đạt sự hài hòa.",shinkanzen,,,,,
調整,ちょうせい,"điều chỉnh, sắp xếp lại",shinkanzen,名詞 (danh từ),テレビの映（うつ）りが悪（わる）いので、アンテナの向（む）きを調整（ちょうせい）した。,"Hình ảnh của tivi không tốt, điều chỉnh hướng của ăng ten.",,年末（ねんまつ）調整（ちょうせい）: quyết toán cuối năm、利害（りがい）調整（ちょうせい）: điều tiết lợi ích、調整（ちょうせい）会議（かいぎ）: cuộc họp điều phối
"""","""""""調整"""" = 調 (điều chỉnh) + 整 (ngăn nắp), tưởng tượng việc sắp xếp lại để mọi thứ trở nên ngăn nắp, hợp lý hơn.""","調 (ちょう): điều chỉnh, điều hòa + 整 (せい): ngăn nắp, chỉnh tề. Hai chữ kết hợp diễn tả việc điều chỉnh để đạt trạng thái gọn gàng, phù hợp.",shinkanzen,,,,,
解放,かいほう,"giải phóng, thoát khỏi",shinkanzen,名詞 (danh từ),人質（ひとじち）を解放（かいほう）する。,Giải phóng con tin.,,奴隷（どれい）解放（かいほう）: giải phóng nô lệ、解放（かいほう）戦線（せんせん）: mặt trận giải phóng、解放（かいほう）運動（うんどう）: phong trào giải phóng
"""","""""""解放"""" = 解 (mở) + 放 (thả), tưởng tượng việc mở khóa xích và thả tự do như chim bay khỏi lồng.""","解 (かい): tháo, giải + 放 (ほう): thả, phóng. Hai chữ kết hợp diễn tả việc tháo gỡ ràng buộc và cho tự do.",shinkanzen,,,,,
総合,そうごう,"tổng hợp, tương hợp",shinkanzen,名詞 (danh từ),皆（みな）の意見（いけん）を総合（そうごう）して、結論（けつろん）を出（だ）す。,Tổng hợp ý kiến của mọi người và đưa ra kết luận.,,総合（そうごう）的（てき）な: toàn diện、総合（そうごう）病院（びょういん）: bệnh viện đa khoa、総合（そうごう）大学（だいがく）: đại học tổng hợp、総合（そうごう）商社（しょうしゃ）: công ty thương mại tổng hợp
"""","""""""総合"""" = 総 (tổng) + 合 (hợp), tưởng tượng nhiều mảnh ghép được gộp lại thành một bức tranh tổng thể.""","総 (そう): tổng, toàn bộ + 合 (ごう): hợp, kết hợp. Hai chữ kết hợp diễn tả việc gom nhặt toàn bộ và kết hợp thành một.",shinkanzen,,,,,
連続,れんぞく,"liên tục, liên tiếp",shinkanzen,名詞 (danh từ),3回（かい）連続（れんぞく）で失敗（しっぱい）してしまった。,Thất bại lần thứ 3 liên tiếp.,,連続（れんぞく）ドラマ: phim truyền hình dài tập、連続（れんぞく）殺人（さつじん）事件（じけん）: vụ án giết người hàng loạt、連続（れんぞく）的（てき）な: liên tục、不（ふ）連続（れんぞく）: không liên tục
"""","""""""連続"""" = 連 (liên) + 続 (tiếp), tưởng tượng một sợi dây xích với các mắc xích liền nhau không ngắt quãng.""","連 (れん): liên kết, nối tiếp + 続 (ぞく): tiếp tục, nối tiếp. Hai chữ kết hợp nhấn mạnh tính liên tiếp, không gián đoạn.",shinkanzen,,,,,
持続,じぞく,"kéo dài, trì hoãn",shinkanzen,名詞 (danh từ),この薬（くすり）の効果（こうか）は6時間（じかん）持続（じぞく）する。,Hiệu quả của thuốc này sẽ kéo dài trong 6 tiếng đồng hồ.,,持続（じぞく）的（てき）な: bền vững、持続（じぞく）力（りょく）: sức bền、持続（じぞく）時間（じかん）: thời gian duy trì
"""","""""""持続"""" = 持 (giữ) + 続 (tiếp), tưởng tượng việc giữ một vật và tiếp tục không thả ra, như pin giữ năng lượng để hoạt động lâu.""","持 (じ): giữ, nắm + 続 (ぞく): tiếp tục. Hai chữ kết hợp diễn tả việc nắm giữ và duy trì không ngừng.",shinkanzen,,,,,
中断,ちゅうだん,"gián đoạn, tạm dừng",shinkanzen,名詞 (danh từ),雨（あめ）で試合（しあい）が中断（ちゅうだん）した。,Trận đấu tạm hoãn do mưa.,,一時（いちじ）中断（ちゅうだん）: tạm dừng、中断（ちゅうだん）処理（しょり）: xử lý gián đoạn、放送（ほうそう）中断（ちゅうだん）: cắt sóng phát thanh
"""","""""""中断"""" = 中 (giữa) + 断 (cắt), tưởng tượng việc cắt đứt một hoạt động ở giữa chừng, như chuỗi phim bị quảng cáo xen vào.""","中 (ちゅう): giữa, trung gian + 断 (だん): cắt đứt. Hai chữ kết hợp diễn tả việc cắt đứt ở giữa chừng.",shinkanzen,,,,,
安定,あんてい,"ổn định, vững vàng",shinkanzen,名詞 (danh từ),正社員（せいしゃいん）になって、安定（あんてい）した暮（く）らしがしたい。,Muốn trở thành nhân viên chính thức để có cuộc sống ổn định hơn.,,安定（あんてい）感（かん）: cảm giác ổn định、精神（せいしん）安定（あんてい）: ổn định tinh thần、安定（あんてい）収入（しゅうにゅう）: thu nhập ổn định
"""","""""""安定"""" = 安 (an) + 定 (định), tưởng tượng một chiếc đèn không lung lay, đứng vững trong gió bão.""","安 (あん): an toàn, yên ổn + 定 (てい): cố định, xác định. Hai chữ kết hợp diễn tả trạng thái yên ổn và không thay đổi.",shinkanzen,,,,,
混乱,こんらん,"hỗn độn, hỗn loạn",shinkanzen,名詞 (danh từ),頭（あたま）が混乱（こんらん）して、どうしていいのかわからない。,Cái đầu đang rối loạn nên không biết cái nào là tốt.,,大（だい）混乱（こんらん）: hỗn loạn lớn、混乱（こんらん）状態（じょうたい）: trạng thái hỗn loạn、混乱（こんらん）回避（かいひ）: tránh gây hỗn loạn
"""","""""""混乱"""" = 混 (trộn lẫn) + 乱 (loạn), tưởng tượng mọi thứ bị trộn lẫn thành đống không phân biệt được như màu sơn bị đổ vào nhau.""","混 (こん): trộn lẫn, hỗn tạp + 乱 (らん): loạn, lộn xộn. Hai chữ kết hợp nhấn mạnh trạng thái hỗn tạp và mất trật tự.",shinkanzen,,,,,
上昇,じょうしょう,"tiến lên, tăng lên",shinkanzen,名詞 (danh từ),午後（ごご）から気温（きおん）が急激（きゅうげき）に上昇（じょうしょう）した。,Từ chiều nhiệt độ đột ngột tăng cao.,,急（きゅう）上昇（じょうしょう）: tăng đột ngột、上昇（じょうしょう）気流（きりゅう）: luồng khí tăng lên、上昇（じょうしょう）傾向（けいこう）: xu hướng tăng
"""","""""""上昇"""" = 上 (lên) + 昇 (tăng), tưởng tượng mặt trời lên cao trên bầu trời, nhiều thứ theo đó cũng tăng theo.""","上 (じょう): trên, lên + 昇 (しょう): thăng, tăng. Hai chữ cùng chỉ sự di chuyển hướng lên trên.",shinkanzen,,,,,
達成,たっせい,"thành tựu, đạt được",shinkanzen,名詞 (danh từ),5年（ねん）かかって、やっと目標（もくひょう）を達成（たっせい）した。,"Mất 5 năm, cuối cùng cũng đạt được mục đích.",,目標（もくひょう）達成（たっせい）: đạt mục tiêu、達成率（たっせいりつ）: tỷ lệ đạt được、達成度（たっせいど）: mức độ hoàn thành
"""","""""""達成"""" = 達 (đạt) + 成 (thành), tưởng tượng việc đạt tới vạch đích và hoàn thành thành tựu, như chạy marathon về đích.""","達 (たつ): đạt tới, thông suốt + 成 (せい): thành công, hoàn thành. Hai chữ kết hợp diễn tả việc đạt tới đích và hoàn thành mục tiêu.",shinkanzen,,,,,
信用,しんよう,"tin tưởng, tín nhiệm, tín dụng",shinkanzen,名詞,人(ひと)の言葉(ことば)を信用(しんよう)してお金(かね)を貸(か)す。,Tin lời người nói rồi cho mượn tiền.,"""信 (しん) - tin tưởng, niềm tin; xuất phát từ nghĩa ban đầu """"lời nói"""" + 用 (よう) - sử dụng, dùng. Kết hợp lại tạo nghĩa """"tin tưởng để sử dụng"""" (cho vay, giao phó việc).""",信用情報(しんようじょうほう): thông tin tín dụng、信用取引(しんようとりひき): giao dịch tín dụng、信用金庫(しんようきんこ): quỹ tín dụng
信頼,しんらい,"tin cậy, tin tưởng, tín nhiệm",shinkanzen,名詞,彼(かれ)は信頼(しんらい)できる指導者(しどうしゃ)だ。,Anh ấy là một nhà lãnh đạo đáng tin cậy.,"""信 (しん) - tin tưởng + 頼 (らい) - nhờ vả, dựa dẫm. Kết hợp tạo nghĩa """"tin tưởng sâu sắc đến mức có thể dựa dẫm"""" - đây là lòng tin trong mối quan hệ lâu dài.""",信頼関係(しんらいかんけい): mối quan hệ tin cậy、信頼感(しんらいかん): cảm giác tin tưởng、相互信頼(そうごしんらい): tin tưởng lẫn nhau
尊重,そんちょう,"tôn trọng, coi trọng",shinkanzen,名詞・他動詞,人(ひと)の意見(いけん)を尊重(そんちょう)する。,Tôn trọng ý kiến của người khác.,"""尊 (そん) - cao quý, tôn kính + 重 (じゅう) - nặng, quan trọng. Kết hợp tạo nghĩa """"xem là cao quý và có giá trị"""". Đây là thái độ đúng mực trong giao tiếp xã hội Nhật Bản.""",人権尊重(じんけんそんちょう): tôn trọng nhân quyền、相互尊重(そうごそんちょう): tôn trọng lẫn nhau、自己尊重(じこそんちょう): tự tôn trọng bản thân
評価,ひょうか,"đánh giá, bình phẩm",shinkanzen,名詞 (danh từ),この映画(えいが)に対(たい)する世間(せけん)の評価(ひょうか)を高(たか)める。,Bộ phim này được thế giới đánh giá cao.,"""評（ひょう）：ý nghĩa bình luận, nhận xét；価（か）：giá trị, giá cả. Khi kết hợp lại nghĩa là """"xem xét giá trị"""" của một người, sự việc gì đó.""","自己評価(じこひょうか)：tự đánh giá, 人事評価(じんじひょうか)：đánh giá nhân sự, 性能評価(せいのうひょうか)：đánh giá hiệu năng"
指示,しじ,"chỉ dẫn, chỉ thị",shinkanzen,名詞 (danh từ),部長(ぶちょう)は田中(たなか)さんに会議(かいぎ)のレポートを出(だ)すよう指示(しじ)した。,Trưởng phòng chỉ thị anh Tanaka đưa ra báo cáo trong cuộc họp.,"""指（し）：ngón tay, trỏ；示（じ）：chỉ, biểu thị. Hình ảnh tay trỏ chỉ đường cho người khác nên nghĩa là """"chỉ dẫn"""".""","指示語(しじご)：từ đại diện, 方向指示(ほうこうしじ)：chỉ dẫn hướng, 作業指示書(さぎょうしじしょ)：phiếu chỉ thị tác vụ"
無視,むし,"bỏ qua, phớt lờ",shinkanzen,名詞 (danh từ),話(はな)しかけたのに無視(むし)された。,Dù đã bắt chuyện nhưng bị lờ đi.,"""無（む）：không, không có；視（し）：nhìn, xem. Kết hợp nghĩa là """"không nhìn"""", tức không thèm để ý đến.""","信号無視(しんごうむし)：phớt lờ tín hiệu, 無視禁止(むしきんし)：cấm phớt lờ, 情報無視(じょうほうむし)：phớt lờ thông tin"
無断,むだん,"không có sự cho phép, không được phép",shinkanzen,名詞 (danh từ),無断(むだん)で人(ひと)のものを使(つか)ってはいけない。,Không có sự cho phép mà sử dụng đồ của người khác là không được.,"無（む）：không, không có；断（だん）：quyết định, cắt đứt. Hàm ý là không có quyết định, tức chưa được phép.","無断欠席(むだんけっせき)：vắng mặt không phép, 無断外泊(むだんがいはく)：ngủ ngoài không phép, 無断転載(むだんてんさい)：sao chép không phép"
承知,しょうち,"hiểu, đồng ý, chấp nhận",shinkanzen,名詞 (danh từ),この仕事(しごと)、明日(あした)までに頼(たの)みます。承知(しょうち)しました。,Công việc đến sáng mai nhờ anh nhé. Vâng tôi hiểu rồi.,"""承（しょう）：tiếp nhận, thừa nhận；知（ち）：biết, hiểu. Thừa nhận và hiểu biết thông tin, nghĩa là """"hiểu và đồng ý"""".""","承知承諾(しょうちしょうだく)：hiểu và đồng ý, 承知済み(しょうちずみ)：đã hiểu rồi, 内容承知(ないようしょうち)：hiểu nội dung"
納得,なっとく,"bị thuyết phục, thỏa mãn, hài lòng, bằng lòng",shinkanzen,名詞 (danh từ),会社(かいしゃ)のやり方(かた)には納得(なっとく)できない。,Tôi không thể lý giải được cách làm của công ty.,"納（なっ）：nhập, thu nhận；得（とく）：được, đạt được. Thu vào được sự hiểu biết, tức là hiểu thấu và bằng lòng.","自己納得(じこなっとく)：tự thuyết phục mình, 納得顔(なっとくがお)：vẻ mặt hiểu ra, 納得解(なっとくかい)：cách giải thích rõ ràng"
疑問,ぎもん,"nghi vấn, câu hỏi",shinkanzen,名詞 (danh từ),子供(こども)はいろいろなことに疑問(ぎもん)を持(も)つ。,Bọn trẻ có rất nhiều điều thắc mắc.,"""疑（ぎ）：nghi ngờ, không chắc chắn；問（もん）：hỏi, câu hỏi. Những điều nghi ngờ cần hỏi, tức là """"nghi vấn"""".""","疑問点(ぎもんてん)：điểm nghi vấn, 疑問文(ぎもんぶん)：câu hỏi, 疑問符(ぎもんふ)：dấu hỏi"
推測,すいそく,"phỏng đoán, dự báo",shinkanzen,名詞 (danh từ),相手(あいて)の気持(きも)ちを推測(すいそく)する。,Suy đoán cảm xúc đối phương.,"""推（すい）：đẩy, suy; 測（そく）：đo lường, đánh giá. Suy ra và đánh giá tình huống, nghĩa là """"phỏng đoán"""".""","推測力(すいそくりょく)：khả năng suy đoán, 推測学習(すいそくがくしゅう)：học qua suy luận, 推測分析(すいそくぶんせき)：phân tích dự báo"
肯定,こうてい,"khẳng định, xác nhận",shinkanzen,名詞 (danh từ),相手(あいて)の意見(いけん)を肯定(こうてい)する。,Khẳng định ý kiến của đối phương.,"""肯（こう）：chấp nhận, đồng ý；定（てい）：xác định, quyết định. Đồng ý và xác định, tức """"khẳng định"""".""","肯定文(こうていぶん)：câu khẳng định, 肯定形式(こうていけいしき)：dạng khẳng định, 肯定応答(こうていおうとう)：trả lời khẳng định"
参考,さんこう,tham khảo,shinkanzen,名詞 (danh từ),いろいろな資料(しりょう)を参考(さんこう)してレポートを書(か)いた。,Tham khảo nhiều tài liệu và viết báo cáo.,"""参（さん）：tham gia, tham dự；考（こう）：suy nghĩ, xem xét. Tham gia vào việc suy xét, nghĩa là """"tham khảo"""".""","参考文献(さんこうぶんけん)：tài liệu tham khảo, 参考書(さんこうしょ)：sách tham khảo, 参考資料(さんこうしりょう)：tài liệu tham khảo"
程度,ていど,"trình độ, mức",shinkanzen,名詞 (danh từ),彼女(かのじょ)の学校(がっこう)は教育(きょういく)の程度(ていど)が高(たか)い。,Trường học của cô ấy có trình độ giáo dục cao.,"""程（てい）：mốc, giới hạn；度（ど）：độ, mức. Mức độ của giới hạn, nghĩa là """"trình độ"""" hoặc """"mức"""".""","学習程度(がくしゅうていど)：trình độ học tập, 温度程度(おんどていど)：nhiệt độ, 難易程度(なんいていど)：mức độ khó dễ"
評判,ひょうばん,"bình luận, được đánh giá, có tiếng",shinkanzen,名詞 (danh từ),大統領(だいとうりょう)就任(しゅうにん)演説(えんぜつ)は評判(ひょうばん)が良(よ)かった。,Bài diễn thuyết nhận chức của vị tổng thống được đánh giá cao.,"""評（ひょう）：đánh giá, bình luận；判（ばん）：phán đoán, xét. Đánh giá và phán đoán của mọi người, nghĩa là """"tiếng tăm"""".""","前評判(まえひょうばん)：đánh giá trước, 悪評判(あくひょうばん)：tiếng xấu, 世評(せひょう)：dư luận"
批評,ひひょう,"phê bình, lời bình, bình phẩm",shinkanzen,名詞 (danh từ),新聞(しんぶん)に新刊書(しんかんしょ)の批評(ひひょう)が載(の)った。,Trên bài báo đăng đánh giá về sách mới.,"""批（ひ）：phê, nhận xét；評（ひょう）：bình, đánh giá. Nhận xét và đánh giá có tính phê phán, nghĩa là """"phê bình"""".""","批評家(ひひょうか)：nhà phê bình, 批評文(ひひょうぶん)：bài phê bình, 批評眼(ひひょうがん)：con mắt phê bình"
推薦,すいせん,"tiến cử, giới thiệu",shinkanzen,名詞 (danh từ),重役(じゅうやく)たちは、田中氏(たなかし)を次期(じき)社長(しゃちょう)に推薦(すいせん)した。,Các lãnh đạo đã tiến cử anh Tanaka làm giám đốc nhiệm kỳ tới.,"""推（すい）：đẩy, tiến；薦（せん）：giới thiệu, tiến cử. Đẩy và giới thiệu ai đó, nghĩa là """"tiến cử"""".""","推薦状(すいせんじょう)：thư giới thiệu, 推薦入学(すいせんにゅうがく)：tuyển sinh bằng tiến cử, 自己推薦(じこすいせん)：tự giới thiệu"
刺激,しげき,"kích thích, khiêu khích",shinkanzen,名詞（めいし）,筋肉(きんにく)を電気(でんき)で刺激(しげき)を与(あた)えると、ぴくりと働(はたら)く。,Kích thích cơ bắp bằng điện sẽ khiến chúng co giật giật.,刺激＝刺（đâm/chọc）＋激（dữ dội）→ Hành động chọc vào gì đó khiến phản ứng mạnh mẽ → kích thích,刺激物(しげきぶつ): chất kích thích、刺激臭(しげきしゅう): mùi khó chịu、刺激的(してきてき)な: mang tính kích thích
人工,じんこう,"nhân công, nhân tạo",shinkanzen,名詞（めいし）,このスキー場(じょう)では人工(じんこう)の雪(ゆき)を降(ふ)らせている。,Bãi trượt tuyết này người ta làm tuyết rơi nhân tạo.,人(ひと)=người + 工(こう)=công việc → những gì do con người chế tạo = nhân tạo,人工呼吸(じんこうこきゅう): hô hấp nhân tạo、人工衛星(じんこうえいせい): vệ tinh nhân tạo、人工着色料(じんこうちゃくしょくりょう): phẩm màu nhân tạo、人工甘味料(じんこうかんみりょう): chất tạo ngọt nhân tạo
圧力,あつりょく,"áp lực, áp suất",shinkanzen,名詞（めいし）,空気(くうき)に圧力(あつりょく)を加(くわ)えて圧縮(あっしゅく)する。,Nén khí bằng cách gia tăng áp lực.,"圧(あつ)=ép, nén + 力(りょく)=lực → lực nén/ép = áp lực",圧力団体(あつりょくだんたい): nhóm gây áp lực、気圧(きあつ): áp suất khí quyển、圧縮(あっしゅく): nén
摩擦,まさつ,ma sát,shinkanzen,名詞（めいし）,木(き)の枝(えだ)の摩擦(まさつ)の熱(ねつ)で森林(しんりん)火災(かさい)が起(お)こった。,Do nhiệt của sự ma sát các cành cây mà đã xảy ra cháy rừng.,"摩(ま)=ma, xoa + 擦(さつ)=cọ, sát → sự cọ xát giữa các vật = ma sát",摩擦抵抗(まさつていこう): ma sát cản trở、貿易(ぼうえき)摩擦：ma sát thương mại、摩擦熱(まさつねつ): nhiệt ma sát
立場,たちば,"lập trường, vị trí, quan điểm",shinkanzen,名詞（めいし）,自分(じぶん)の意見(いけん)を主張(しゅちょう)するだけではなく、相手(あいて)の立場(たちば)に立(た)って考(かんが)えてみることも大切(たいせつ)だ。,"Không chỉ chủ trương ý kiến cá nhân, việc đứng vào lập trường của người khác và suy nghĩ cũng là điều quan trọng.","立(たつ)=đứng + 場(ば)=chỗ, địa điểm → chỗ đứng = lập trường, vị trí",なし
役割,やくわり,"vai trò, nhiệm vụ",shinkanzen,名詞（めいし）,仕事(しごと)の役割(やくわり)を決(き)める。,Quyết định vai trò công việc.,"役(やく)=vai trò, dịch vụ + 割(わり)=chia, phần → phần việc được chia ra = vai trò",役割分担(やくわりぶんたん): phân chia vai trò
分担,ぶんたん,"chia sẻ, phân công",shinkanzen,名詞（めいし）,同僚(どうりょう)と分担(ぶんたん)して仕事(しごと)を進(すす)めている。,Chia sẻ công việc với đồng nghiệp và tiến triển nó.,"分(ぶん)=chia + 担(たん)=gánh, đảm đương → chia để gánh cùng = phân chia trách nhiệm",役割分担(やくわりぶんたん): phân chia vai trò
担当,たんとう,"chịu trách nhiệm, đảm đương, phụ trách",shinkanzen,名詞（めいし）,会社(かいしゃ)で営業(えいぎょう)を担当(たんとう)している。,Ở công ty đảm nhận việc kinh doanh.,"担(たん)=gánh, đảm + 当(とう)=đúng, thích hợp → đảm nhận phần phù hợp = phụ trách",担当者(たんとうしゃ): người phụ trách
交代,こうたい,"thay phiên, thay đổi",shinkanzen,名詞（めいし）,首相(しゅしょう)が交代(こうたい)した。,Thủ tướng đã thay đổi.,"交(こう)=giao lưu, trao đổi + 代(だい)=thay thế → trao đổi chỗ = thay phiên",世代(せだい)交代(こうたい): thay đổi thế hệ、選手(せんしゅ)交代(こうたい): thay cầu thủ、交代(こうたい)制(せい): chế độ thay ca
代理,だいり,"đại diện, đại lý",shinkanzen,名詞（めいし）,父(ちち)の代理(だいり)で親戚(しんせき)の結婚式(けっこんしき)に出席(しゅっせき)した。,Tôi đại diện bố tham dự lễ kết hôn của người quen.,"代(だい)=thay, đại diện + 理(り)=xử lý, quản lý → xử lý thay người khác = đại diện",代理人(だいりにん): người đại diện、代理出産(だいりしゅっさん): mang thai hộ、代理母(だいりはは): mẹ đẻ hộ
審判,しんぱん,"thẩm phán, trọng tài",shinkanzen,名詞（めいし）,審判(しんぱん)が笛(ふえ)を吹(ふ)いて、試合(しあい)が始(はじ)まった。,"Trọng tài thổi còi, trận đấu bắt đầu.","審(しん)=xét, thẩm tra + 判(はん)=phán đoán → xét và phán quyết = thẩm phán",なし
監督,かんとく,"huấn luyện viên, đạo diễn, quản đốc",shinkanzen,名詞（めいし）,スポーツ大会(たいかい)の監督(かんとく)を務(つと)める。,Tôi đảm nhận công việc huấn luyện viên của đại hội thể thao.,"監(かん)=giám sát + 督(とく)=đốc thúc, chỉ đạo → giám sát và chỉ đạo = quản lý",映画(えいが)監督(かんとく): đạo diễn phim、試験(しけん)監督(かんとく): giám thị thi、現場(げんば)監督(かんとく): trưởng công trường
予測,よそく,"dự đoán, tiên đoán",shinkanzen,名詞（めいし）,データに基(もと)づいて結果(けっか)を予測(よそく)する。,Dựa vào dữ liệu để dự đoán kết quả.,"予(よ)=trước, dự định + 測(そく)=đo đạc → đo đạc trước cho tương lai = dự đoán",なし
予期,よき,"kỳ vọng, mong đợi, dự đoán",shinkanzen,名詞（めいし）,今回(こんかい)の実験(じっけん)では、予期(よき)に反(はん)し、いいデータが得(え)られなかった。,"Thí nghiệm lần này, trái với dự đoán, không thu được dữ liệu tốt.","予(よ)=trước, dự + 期(き)=kỳ hạn, thời gian → thời điểm dự trước = dự đoán",なし
判断,はんだん,"phán đoán, nhận định",shinkanzen,名詞（めいし）,外見(がいけん)や肩書(かたがき)で人(ひと)を判断(はんだん)するのはよくない。,Phán đoán con người dựa vào ngoại hình và chức vụ là không tốt.,"判(はん)=phán đoán + 断(だん)=cắt đứt, quyết định → đưa ra phán quyết = phán đoán",判断力(はんだんりょく): khả năng phán đoán、判断材料(はんだんざいりょう): cơ sở để phán đoán、自己判断(じこはんだん): tự phán đoán
食料,しょくりょう,"đồ ăn, thực phẩm, lương thực",shinkanzen,danh từ,日本（にほん）は食料（しょくりょう）の自給率（じきゅうりつ）が低（ひく）いと言（い）われる。,Người ta nói rằng Nhật Bản có tỷ lệ tự cung cấp lương thực thấp.,"""食(た・べる/ショク): ăn - 料(リョウ): vật liệu, phí. Hai kanji kết hợp tạo thành nghĩa """"vật liệu để ăn"""" = thực phẩm""",食料品(しょくりょうひん): thực phẩm、食料自給率(しょくりょうじきゅうりつ): tỷ lệ tự cung cấp lương thực、食料難(しょくりょうなん): nạn đói
粒,つぶ,"hạt, viên",shinkanzen,danh từ,ぶどうを一粒（ひとつぶ）を食（た）べる。,Ăn từng hạt nho.,"""粒: gốc từ 米 (gạo) + 立 (đứng) - """"những hạt gạo đứng thẳng"""" ngụ ý về hạt có hình dạng đẹp, đều nhau""","粒揃い(つぶぞろい): đều đẹp, chọn lọc、大粒(おおつぶ): hạt to、小粒(こつぶ): hạt nhỏ"
屑,くず,"vụn, rác, phần thừa",shinkanzen,danh từ,野菜（やさい）のくずを捨（す）てる。,Vứt vụn rau củ.,"屑: 尸 (thi thể, nhà) + 出 (ra) - thứ ra khỏi nhà, thứ thải bỏ = rác",紙屑(かみくず): giấy vụn、屑箱(くずばこ): thùng rác、屑籠(くずかご): giỏ đựng rác
栽培,さいばい,"canh tác, trồng trọt",shinkanzen,danh từ suru,この畑（はたけ）では小麦（こむぎ）を栽培（さいばい）している。,Cánh đồng này đang trồng lúa mì.,栽(サイ): từ thầy (gốc là từ thử làm đúng) + 培(バイ): bồi dưỡng (gốc là đất + 口 + 立) - phương pháp đúng để bồi dưỡng cây trồng,水耕栽培(すいこうさいばい): trồng thủy canh、施設栽培(しせつさいばい): trồng trong nhà kính
収穫,しゅうかく,thu hoạch,shinkanzen,danh từ suru,今年（ことし）は米（こめ）が昨年（さくねん）の1.5倍（ばい）の収穫（しゅうかく）を上（あ）げた。,"Năm nay thu hoạch lúa gấp 1,5 lần năm ngoái.",収(シュウ): nhận vào + 穫(カク): từ 禾 (lúa) + 蒦 (thu thập) - thu thập nông sản,収穫物(しゅうかくぶつ): nông sản thu hoạch、収穫高(しゅうかくだか): sản lượng、収穫期(しゅうかくき): mùa thu hoạch
産地,さんち,"vùng sản xuất, nơi sản xuất",shinkanzen,danh từ,青森（あおもり）県（けん）は、リンゴの産地（さんち）として有名（ゆうめい）だ。,Tỉnh Aomori nổi tiếng là vùng sản xuất táo.,"産(サン): từ 生 (sinh, sản xuất) + 立 + 田 (ruộng) - sản xuất trên đất + 地(チ): đất đai","原産地(げんさんち): nơi xuất xứ, nguồn gốc"
土地,とち,"đất đai, vùng, địa phương",shinkanzen,danh từ,土地（とち）を買（か）って家（いえ）を建（た）てる。,Mua đất để xây nhà.,"土(ド): đất + 地(チ): đất - nhấn mạnh ý nghĩa về mặt đất, vùng đất",土地柄(とちがら): đặc tính địa phương、土地勘(とちかん): sự quen biết địa hình
倉庫,そうこ,kho bãi,shinkanzen,danh từ,港（みなと）には多（おお）くの倉庫（そうこ）が並（なら）んでいる。,Ở cảng có nhiều kho hàng xếp thành hàng.,倉(ソウ): từ ⺈ (mái nhà) + 戸 (cửa) - ngôi nhà chứa đồ + 庫(コ): từ 广 (nóc nhà) + 車 (xe) - nơi chứa xe,冷蔵倉庫(れいぞうそうこ): kho lạnh、倉庫業(そうこぎょう): ngành kho vận、自動倉庫(じどうそうこ): kho tự động
所有,しょゆう,sở hữu,shinkanzen,danh từ suru,山本家（やまもとけ）は広（ひろ）い畑（はたけ）を所有（しょゆう）している。,Gia đình Yamamoto sở hữu một cánh đồng rộng lớn.,"所(ショ): nơi, chỗ + 有(ユウ): có, tồn tại - có tài sản tại một nơi = sở hữu",所有者(しょゆうしゃ): chủ sở hữu、所有物(しょゆうぶつ): tài sản、所有権(しょゆうけん): quyền sở hữu
収集,しゅうしゅう,"thu thập, sưu tập",shinkanzen,danh từ suru,ゴミは可燃（かねん）・不燃（ふねん）に分別（ぶんべつ）して収集（しゅうしゅう）する地域（ちいき）が多（おお）い。,Có nhiều khu vực phân loại rác cháy được và không cháy được rồi thu gom.,収(シュウ): nhận vào + 集(シュウ): tập hợp - thu nhận và tập hợp lại,データ収集(データしゅうしゅう): thu thập dữ liệu、情報収集(じょうほうしゅうしゅう): thu thập thông tin
滞在,たいざい,"lưu trú, ở lại, cư trú",shinkanzen,danh từ suru,今回（こんかい）の海外（かいがい）出張（しゅっちょう）は、約（やく）1か月（げつ）の滞在（たいざい）になる予定（よてい）だ。,Chuyến công tác nước ngoài lần này dự kiến sẽ lưu trú khoảng 1 tháng.,"滞(タイ): từ 氵(nước) + 帯 (đai, mang) - như nước bị giữ lại + 在(ザイ): hiện hữu, có mặt",長期滞在(ちょうきたいざい): lưu trú dài hạn、滞在期間(たいざいきかん): thời gian lưu trú、滞在費(たいざいひ): phí lưu trú
便,びん,sự thuận tiện (phần 1),shinkanzen,danh từ,ここは交通（こうつう）の便（べん）がいい。,Nơi này có giao thông thuận tiện.,便(ベン): từ 人 (người) + 更 (thay đổi) - điều chỉnh cho phù hợp với con người = tiện lợi,交通の便(こうつうのべん): giao thông thuận tiện、生活の便(せいかつのべん): đời sống tiện lợi
設備,せつび,"thiết bị, cơ sở vật chất",shinkanzen,danh từ,うちの大学（だいがく）はスポーツ設備（せつび）が充実（じゅうじつ）している。,Trường đại học của tôi có trang thiết bị thể thao đầy đủ.,"設(セツ): từ 言 (nói) + 殳 (dụng cụ) - lập kế hoạch + 備(ビ): từ 亻(người) + 艹 + 用 - chuẩn bị, trang bị",設備投資(せつびとうし): đầu tư trang thiết bị、医療設備(いりょうせつび): thiết bị y tế
制作・製作,せいさく,"chế tác, sản xuất",shinkanzen,danh từ suru,{絵（え）/彫刻（ちょうこく）/番組（ばんぐみ）/映画（えいが）…}を制作（せいさく）する,Chế tác {tranh/điêu khắc/chương trình/phim…},制(セイ): từ 刂(dao) + 節 - kiểm soát để tạo ra + 製(セイ): từ 衣 (quần áo) + 制 - sản xuất như dệt vải,映画制作(えいがせいさく): sản xuất phim、番組制作(ばんぐみせいさく): sản xuất chương trình
製造,せいぞう,"chế tạo, sản xuất",shinkanzen,danh từ suru,この会社（かいしゃ）は車（くるま）を製造（せいぞう）している。,Công ty này sản xuất ô tô.,製(セイ): sản xuất + 造(ゾウ): từ 辶 (đi) + 口 + 告 - tạo ra bằng quy trình,製造年月日(せいぞうねんがっぴ): ngày sản xuất、製造業(せいぞうぎょう): ngành sản xuất
建築,けんちく,"kiến trúc, xây dựng",shinkanzen,danh từ suru,{橋（はし）/家（いえ）…}を建築（けんちく）する。,Xây dựng {cầu/nhà…},建(ケン): từ 廴 (nhẹ nhàng) + 聿 (cầm) - dựng lên + 築(チク): từ 竺 (trúc) + 木 (gỗ) - chồng lên nhau,建築家(けんちくか): kiến trúc sư、建築士(けんちくし): chứng chỉ kiến trúc sư、建築物(けんちくぶつ): công trình kiến trúc
要するに,ようするに,"tóm lại, căn bản là, chủ yếu là",shinkanzen,接続詞,彼女の説明は長かったけれど、要（よう）するに結婚（けっこん）したいということだった。,"Lời giải thích của cô ấy dài dòng, nhưng tóm lại là muốn kết hôn.","要（いる：cần thiết）: biểu hiện tính cần thiết, cốt lõi của vấn đề; 要 甲骨文字形状象一人两手刳坠。",要（よう）するに言（い）えば: nói tóm lại
即ち,すなわち,"có nghĩa là, đó là, tức là",shinkanzen,接続詞,彼が我々の代表（だいひょう）、すなわち会社（かいしゃ）の顔（かお）である。,"Anh ấy là đại diện của chúng ta, tức là gương mặt của công ty.","即（そく：tức）: biểu hiện tính liền lập tức, rõ ràng; 即 表示靠近的意思",すなわち之（これ）: tức là điều này
或は,あるいは,"hoặc, có thể, có lẽ",shinkanzen,接続詞,明日は雨（あめ）が降（ふ）る、あるいは雪（ゆき）が降るかもしれない。,Ngày mai có thể mưa hoặc tuyết.,"或（わく：hoặc）: biểu hiện lựa chọn, khả năng; 或 由 戈 与 或 构成，表示选择之意",あるいは又（また）: hoặc lại
さて,さて,"vậy thì, và bây giờ, thế thì",shinkanzen,接続詞・感動詞,休憩（きゅうけい）を終（お）わり、さて次（つぎ）の議題（ぎだい）に移（うつ）りましょう。,"Hết giờ nghỉ rồi, vậy thì chúng ta chuyển sang chủ đề tiếp theo.",通常以平假名形式出现，没有汉字,"さて、それでは: vậy thì, thế nhé"
では,では,"vậy thì, trong trường hợp đó",shinkanzen,接続詞,「時間（じかん）がないので」「では、明日（あした）連絡（れんらく）します」,"""""""Vì không có thời gian"""" """"Vậy thì, ngày mai tôi sẽ liên lạc""""""",通常以平假名形式出现，没有汉字,"それでは: vậy thì、では、また: vậy thì, hẹn gặp lại"
所で,ところで,"nhân tiện, thế nhưng, à quên",shinkanzen,接続詞,今日（きょう）はいい天気（てんき）ですね。ところで、会議（かいぎ）の資料（しりょう）はどうなりました？,"Hôm nay thời tiết đẹp nhỉ. À nhân tiện, tài liệu họp thế nào rồi?",所（ところ：nơi chốn）: biểu hiện điểm chuyển đổi trong cuộc trò chuyện,ところで話（はなし）は変（か）わるが: nhân tiện chuyển sang chuyện khác
そう言えば,そういえば,"thế mà, nghĩ lại thì, nói mới nhớ",shinkanzen,連語,「来週（らいしゅう）は連休（れんきゅう）だね」「そういえば、旅行（りょこう）の予約（よやく）はどうなった？」,"""""""Tuần sau là nghỉ dài nhỉ"""" """"Thế mà, đặt vé du lịch thế nào rồi?""""""",言（げん：nói）: liên quan đến việc nói ra điều gì đó mới nhớ,そういえば思（おも）い出（だ）した: nói mới nhớ ra
唯,ただ,"chỉ, ngoại trừ, nhưng",shinkanzen,副詞・接続詞,彼女は美（うつく）しい。ただ、性格（せいかく）がちょっときつい。,Cô ấy xinh đẹp. Chỉ có điều tính hơi khó.,"唯（ゆい：duy）: biểu hiện tính duy nhất, chỉ có một; 唯 从口从佳（美也）",ただし: tuy nhiên、ただ今（いま）: hiện tại
にやにや,にやにや,"cười khỉnh, cười nham hiểm",shinkanzen,副詞 (fukushi),「何(なに)をニヤニヤしているんだ。気持(きも)ち悪(わる)い」,"""""""Có con gì kêu meo meo thê gì, bức mình quá.""""""","にやにや là từ phiên âm dùng hiragana, biểu hiện âm thanh và cách cười lén lót, không chân thành",にやりと笑(わら)う: cười nhếch mép、にやにや笑(わら)い: nụ cười khỉnh
どきどき,どきどき,hồi hộp (tim đập thình thịch),shinkanzen,"副詞 (fukushi), 自動詞 (jidōshi)",緊張(きんちょう)で胸(むね)がどきどきする。,Hồi hộp làm tim đập thình thịch.,"どきどき là từ phiên âm, mô phỏng âm thanh tim đập mạnh khi lo lắng hoặc hồi hộp","どきりとする: giật mình, sợ hãi、どきどき感(かん): cảm giác hồi hộp、心臓(しんぞう)がどきどき: tim đập mạnh"
はらはら,はらはら,"lo lắng, hồi hộp; run rẫy, xào xạc (lá rơi)",shinkanzen,副詞 (fukushi),桜(さくら)の花(はな)びらがはらはらと散(ち)った。,Những cánh hoa anh đào run rẫy rơi xuống.,はらはら là từ phiên âm biểu hiện cả âm thanh tự nhiên (lá rơi) và cảm xúc (lo lắng),はらはらする: lo lắng sốt ruột、はらはらと散(ち)る: rơi run rẫy
かんかん,かんかん,"bức mình, nổi cáu; phát điên, điên tiết; nóng rát (mặt trời)",shinkanzen,"副詞 (fukushi), 形容動詞 (keiyōdōshi)",「お父(とう)さん、怒(おこ)ってる？」「かんかんだよ」,"""""""Bố đang giận à?"""" """"Ầm ầm lên đấy!""""""","かんかん là từ phiên âm, biểu hiện cường độ mạnh, cảm giác kích động hoặc khốc liệt",かんかんになって怒(おこ)る: nổi giận ầm ầm、かんかん照(て)り: nắng gắt、かんかんに冷(ひ)える: lạnh buốt
びしょびしょ,びしょびしょ,"ẩm ướt, ướt sủng",shinkanzen,"副詞 (fukushi), 形容動詞 (keiyōdōshi)",洗面台(せんめんだい)の周(まわ)りがびしょびしょだ。,Xung quanh bồn rửa ướt sủng.,"びしょびしょ là từ phiên âm biểu hiện trạng thái ẩm ướt, thấm đẫm",ぬれてびしょびしょ: ướt sũng、汗(あせ)びっしょり: đẫm mồ hôi、びしょぬれ: ướt như chuột lột
うろうろ,うろうろ,"vòng vòng; đi đi lại lại; quanh quẩn, lảng vảng",shinkanzen,副詞 (fukushi),友人(ゆうじん)の家(いえ)の場所(ばしょ)が分(わ)からず、30分(ぷん)もうろうろ歩(ある)き回(まわ)った。,Không biết nhà bạn nên đi lòng vòng mất 30 phút.,"うろうろ là từ phiên âm biểu hiện chuyển động không có mục đích, không ổn định",うろうろする: đi quanh quẩn、うろつく: đi lang thang、うろうろ歩(ある)く: đi lảng vảng
のろのろ,のろのろ,"chậm rãi, chậm như sên",shinkanzen,副詞 (fukushi),渋滞(じゅうたい)で、車(くるま)はのろのろとしか進(すす)まなかった。,Do tắc nghẽn nên ô tô chỉ tiến chậm rãi.,"のろのろ là từ phiên âm có liên quan đến 鈍(のろ)い nghĩa là chậm chạp, đần độn",のろのろ運転(うんてん): lái xe chậm、のろのろ進(すす)む: tiến chậm、鈍(のろ)い: chậm chạp
ふらふら,ふらふら,"chóng mặt, khập khiễng, lung lay, dao động",shinkanzen,副詞 (fukushi),熱(ねつ)で頭(あたま)がふらふらする。,Do cảm nên đầu choáng váng.,"ふらふら là từ phiên âm biểu hiện chuyển động lảo đảo, không ổn định về thể chất hoặc tâm trí",ふらつく: chao đảo、ふらふら歩(ある)く: đi chóng váng、ふらふらする: chóng mặt
ぶらぶら,ぶらぶら,"đung đưa, quanh quẩn, ngồi không",shinkanzen,副詞 (fukushi),折(お)れた木(き)の枝(えだ)がぶらぶら揺(ゆ)れている。,Cành cây bị gãy đang đong đưa.,ぶらぶら là từ phiên âm biểu hiện chuyển động đong đưa hoặc thái độ lảng vảng,ぶらつく: đi lang thang、ぶらぶら歩(ある)く: đi dạo、ぶらぶら散歩(さんぽ): đi dạo không mục đích
従って,したがって,sở dĩ; vì vậy; do vậy,shinkanzen,接続詞 (setsuzokushi),A社(しゃ)は大企業(だいきぎょう)で給料(きゅうりょう)も高(たか)い。したがって、入社(にゅうしゃ)希望(きぼう)も多(おお)い。,"Công ty A là một công ty lớn nên lương cũng cao, theo đó thì người có nguyện vọng vào công ty cũng nhiều.","従(したが)う: tuân theo, theo + て(dạng nối) → kết quả tự nhiên từ điều trước đó",それに従(したが)って: theo đó mà、従(したが)って言(い)えば: nếu nói theo đó、従来(じゅうらい): trước đây
だが,だが,tuy nhiên,shinkanzen,接続詞 (setsuzokushi),必死(ひっし)に勉強(べんきょう)した。だが、不合格(ふごうかく)だった。,Quyết tâm học vậy mà vẫn trượt.,だ(là) + が(nhưng) → kết hợp để thể hiện mối quan hệ đối nghịch giữa hai phần nội dung,だがしかし: nhưng tuy nhiên、だというのに: dù rằng、だって: bởi vì
ところが,ところが,"nhưng mà, ngờ đâu",shinkanzen,接続詞 (setsuzokushi),8時(じ)には到着(とうちゃく)する予定(よてい)だった。ところが事故(じこ)で渋滞(じゅうたい)し、9時(じ)過(す)ぎになってしまった。,Dự định đến lúc 8 giờ nhưng do tai nạn tắc đường nên mãi hơn 9 giờ mới đến.,"ところ(nơi chốn, tình huống) + が(nhưng) → tình huống khác với dự đoán","ところで: nhân tiện、ところ: nơi, chỗ、ところを: lúc đó"
然も,しかも,"hơn nữa, ngoài ra",shinkanzen,接続詞 (setsuzokushi),この辺(あた)りの夏(なつ)は気温(きおん)が高(たか)く、しかも湿度(しつど)も高(たか)い。,"Mùa hè vùng này nhiệt độ rất cao, hơn nữa độ ẩm cũng cao.","""然(nhiên nhiên, như vậy) + も(cũng) → ý nghĩa """"không chỉ vậy mà còn…""""""",しかしながら: tuy nhiên、そのうえ: hơn nữa、その上(うえ): trên hết
すると,すると,"lập tức thì; ngay, thế mà, vậy mà",shinkanzen,接続詞 (setsuzokushi),カーテンを開(あ)けた。すると、目(め)の前(まえ)に海(うみ)が見(み)えた。,"Mở rèm cửa ra, ngay lập tức có thể nhìn thấy biển trước mắt.",する(làm) + と(khi) → biểu hiện sự tiếp nối ngay lập tức hoặc kết luận logic,すれば: nếu thì、それなら: vậy thì、するなら: nếu làm thì
なぜなら,なぜなら,"bởi vì, vì",shinkanzen,接続詞 (setsuzokushi),この辺(あた)りは昔(むかし)は海(うみ)だったと考(かんが)えられる。なぜなら、貝(かい)の化石(かせき)が見(み)つかっているからだ。,"Người ta nói vùng này trước đây là biển, vì tìm thấy hóa thạch của sò biển.","なぜ(tại sao, lý do) + ～なら(nếu～) → cấu trúc để giải thích nguyên nhân",なぜかというと: bởi vì、どうしてかというと: vì sao thì、なぜ: tại sao
だって,だって,bởi vì; chả là,shinkanzen,接続詞 (setsuzokushi),「どうして食(た)べないの？」「だって、嫌(きら)いなんだもん」,"""""""Tại sao lại không ăn?""""""""Tại em không thích""""""",だ(là) + って(QUOTE) → biểu hiện lời giải thích hay phản bác một cách thân mật,だっていいじゃん: thôi được rồi、だけど: nhưng mà、だって誰(だれ)も: bởi vì không ai
既に,すでに,"đã, đã rồi",shinkanzen,副詞 (phó từ),私（わたし）が駅（えき）に着（つ）いたとき、終電（しゅうでん）はすでに出（で）た後（あと）だった。,Khi tôi đến nhà ga thì đã sau chuyến tàu cuối cùng rồi.,"""既 = Thế + 皀 (xí): Chữ """"既"""" được cấu thành từ phần """"thế"""" (旡) và """"皀"""" (xí), biểu thị ý nghĩa là """"đã, hoàn thành"""", cho thấy một trạng thái đã kết thúc hoặc đã xảy ra.""",すでに完了（かんりょう）: đã hoàn thành、すでに廃止（はいし）: đã bị hủy bỏ、すでに手遅（てお）れ: đã muộn màng
事前に,じぜんに,"trước, trước đó",shinkanzen,副詞 (phó từ),インタビューの相手（あいて）に、事前（じぜん）に質問（しつもん）を伝（つた）えておいた。,Trước tiên phải truyền tải câu hỏi đến người phỏng vấn.,"""事 = 一 + 口: Biểu thị công việc; 前 = 刀 + 月: Biểu thị vị trí phía trước. Kết hợp lại nghĩa là """"công việc ở phía trước"""" = chuẩn bị trước.""",事前連絡（じぜんれんらく）: thông báo trước、事前準備（じぜんじゅんび）: chuẩn bị trước、事前承諾（じぜんしょうだく）: chấp nhận trước
当日,とうじつ,"ngày đó, ngày hôm đó",shinkanzen,名詞 (danh từ),入（にゅう）式（しき）当日（とうじつ）、熱（ねつ）を出（だ）してしまった。,Vào ngày thi thì lại bị ốm.,"""当 = 小 + 彐: Biểu thị phù hợp, phần; 日 = mặt trời, ngày. Kết hợp là """"ngày phù hợp"""" = ngày đó.""",当日券（とうじつけん）: vé bán ngày、当日会場（とうじつかいじょう）: hội trường ngày hôm đó、当日参加（とうじつさんか）: tham gia ngày hôm đó
当時,とうじ,"thời đó, thời gian đó, hồi đó",shinkanzen,名詞 (danh từ),私（わたし）は京都（きょうと）出身（しゅっしん）だが、当時（とうじ）住（す）んでいた家（いえ）はもうない。,Tôi xuất thân ở Kyoto nhưng ngôi nhà sống thời gian đó đã không còn nữa.,"""当 = 小 + 彐: Biểu thị phù hợp; 時 = 日 + 寺: Biểu thị thời gian. Kết hợp là """"thời gian phù hợp"""" = thời gian đó.""",当時（とうじ）の状況（じょうきょう）: tình hình lúc đó、当時（とうじ）の社会（しゃかい）: xã hội thời đó、当時（とうじ）の様子（ようす）: cảnh tượng lúc đó
一時,いちじ,"nhất thời, có lúc, tạm thời",shinkanzen,副詞 (phó từ),子供（こども）のころ、一時（いちじ）アメリカに住（す）んでいたことがある。,"Lúc tôi còn nhỏ, tôi đã từng sống ở Mỹ.","""一 = số một; 時 = 日 + 寺: Biểu thị thời gian. Kết hợp là """"một thời gian"""" = thời gian ngắn, tạm thời.""",一時的（いちじてき）: tạm thời、一時停止（いちじていし）: dừng tạm、一時避難（いちじひなん）: sơ tán tạm thời
至急,しきゅう,"khẩn cấp, gấp",shinkanzen,名詞 (danh từ),この患者（かんじゃ）は至急（しきゅう）病院（びょういん）へ運（はこ）ぶ必要（ひつよう）がある。,Bệnh nhân này cần được chuyển đến bệnh viện khẩn cấp.,"""至 = 一 + 土: Biểu thị đến, tới; 急 = 🤚 + ⚡: Biểu thị gấp rút. Kết hợp là """"đến gấp"""" = khẩn cấp.""",至急電（しきゅうでん）: điện tín khẩn、至急要件（しきゅうようけん）: vấn đề gấp、大至急（だいしきゅう）: cực kỳ khẩn cấp
直ちに,ただちに,"ngay lập tức, tức thì",shinkanzen,副詞 (phó từ),事故（じこ）の情報（じょうほう）は直（ただ）ちに社長（しゃちょう）に伝（つた）えられた。,Thông tin của vụ tai nạn ngay lập tức đã được lan truyền đến giám đốc.,"""直 = 十 + 目: Biểu thị thẳng, trực tiếp; ち = hiragana biểu thị vị trí; に = hiragana cho particle. Nghĩa là """"ngay lập tức"""".""",直接（ちょくせつ）: trực tiếp、即座（そくざ）に: ngay lập tức、直行（ちょっこう）: đi thẳng
早速,さっそく,"nhanh chóng, ngay lập tức",shinkanzen,副詞 (phó từ),新（あたら）しいレストランができたので、さっそく行（い）ってみた。,Cửa hàng mới vừa mới hoàn thành phải nhanh đến xem thử.,"""早 = 日 + 十: Biểu thị sớm; 速 = 🚗 + 束: Biểu thị nhanh. Kết hợp là """"sớm và nhanh"""" = ngay lập tức.""",早速返事（さっそくへんじ）: trả lời ngay、早速対応（さっそくたいおう）: xử lý ngay、早速実行（さっそくじっこう）: thực hiện ngay
行き成り,いきなり,"bất ngờ, đột ngột, tình lình",shinkanzen,副詞 (phó từ),ノックもせずにいきなり部屋（へや）に入（はい）るのは失礼（しつれい）だ。,Không gõ cửa mà bất thình lình vào phòng là bất lịch sự.,"""行 = 彳 + 亍: Biểu thị đi, hành động; 成 = 戌 + 一: Biểu thị thành, xảy ra. Kết hợp nghĩa là """"hành động xảy ra đột ngột"""".""",いきなり攻撃（こうげき）: tấn công đột ngột、いきなり登場（とうじょう）: xuất hiện bất ngờ、いきなり始（はじ）まる: bắt đầu đột ngột
常に,つねに,"thường xuyên, luôn luôn",shinkanzen,副詞 (phó từ),鈴木（すずき）さんは常（つね）に努力（どりょく）を怠（おこた）らない、素晴（すば）らしい学生（がくせい）だ。,"Suzuki lúc nào cũng không sao lãng việc nỗ lực, đúng là học sinh tuyệt vời.","""常 = 尚 + 巾: Biểu thị luôn luôn, thường xuyên; に = particle hiragana. Nghĩa là """"thường xuyên, liên tục"""".""",常識（じょうしき）: thường thức、常態（じょうたい）: trạng thái thường、常設（じょうせつ）: thường trực
絶えず,たえず,"liên tục, không ngừng",shinkanzen,副詞 (phó từ),妹（いもうと）は体（からだ）が弱（よわ）くて、絶（た）えず風邪（かぜ）を引（ひ）いている。,Em gái tôi gầy yếu nên bị bệnh suốt.,"""絶 = 糸 + 色: Biểu thị cắt đứt, tuyệt; えず = hiragana form của phủ định. Nghĩa là """"không ngừng"""".""",絶（た）えず変化（へんか）する: liên tục thay đổi、絶（た）えず注意（ちゅうい）する: chú ý liên tục、絶（た）えず努力（どりょく）する: nỗ lực liên tục
屡々,しばしば,"thường xuyên, hay",shinkanzen,副詞 (phó từ),年（とし）のせいか、しばしば物（もの）忘（わす）れをするようになった。,Không biết có phải do tuổi cao hay không mà bắt đầu hay quên đồ.,"""屡 = 尸 + 婁: Biểu thị nhiều lần; 々 = dấu lặp lại kanji. Nghĩa là """"nhiều lần, thường xuyên"""".""",しばしば訪問（ほうもん）: thường viếng thăm、しばしば使用（しよう）: thường sử dụng、しばしば議論（ぎろん）: thường tranh luận
度々,たびたび,"nhiều lần, hay",shinkanzen,副詞 (phó từ),田中（たなか）さんとは仕事（しごと）以外（いがい）でもたびたび会（あ）うようになった。,Cũng thường hay gặp anh Tanaka kể cả lúc ngoài công việc.,"""度 = 广 + 又: Biểu thị lần, mức độ; 々 = dấu lặp lại kanji. Nghĩa là """"nhiều lần"""".""",たびたび連絡（れんらく）: liên lạc thường xuyên、たびたび会議（かいぎ）: họp thường xuyên、たびたび遅刻（ちこく）: thường trễ
しょっちゅう,しょっちゅう,"thường xuyên, liên tục",shinkanzen,副詞 (phó từ),この道路（どうろ）のバスはしょっちゅう遅（おく）れるから困（こま）る。,Xe buýt đường này thường xuyên đến trể thật rắc rối.,"しょっちゅう không có kanji, đây là từ hiragana thuần túy được sử dụng như phó từ.",しょっちゅう遅刻（ちこく）: thường trễ、しょっちゅう連絡（れんらく）: liên lạc thường xuyên、しょっちゅう会（あ）う: gặp thường xuyên
偶に,たまに,"thỉnh thoảng, hiếm khi",shinkanzen,副詞 (phó từ),最近（さいきん）運動（うんどう）不足（ぶそく）なので、たまにたくさん歩（ある）くと疲（つか）れる。,Gần đây ít vận động nên thỉnh thoảng vận động nhiều chút là lại mệt.,"""偶 = 人 + 禺: Biểu thị ngẫu nhiên, thỉnh thoảng; に = particle hiragana. Nghĩa là """"thỉnh thoảng"""".""",たまにはゆっくり: thỉnh thoảng thư giãn、たまに会（あ）う: gặp thỉnh thoảng、たまの休（やす）み: nghỉ thỉnh thoảng
滅多に,めったに,"hiếm khi, ít khi",shinkanzen,副詞 (phó từ),この辺（あた）りでは、雪（ゆき）はめったに降（ふ）らない。,Ở vùng này tuyết hiếm khi rơi.,"""滅 = 氵 + 烕: Biểu thị diệt vong; 多 = 夕 + 夕: Biểu thị nhiều. Kết hợp nghĩa """"diệt nhiều"""" = hiếm khi.""",めったに会（あ）えない: hiếm khi gặp、めったに見（み）ない: hiếm khi thấy、めったに来（こ）ない: hiếm khi đến
にこにこ・にっこり,にこにこ・にっこり,"mỉm cười, cười mỉm",shinkanzen,"擬態語 (từ tượng thanh, từ tượng hình)",あの人（ひと）はいつも愛想（あいそ）よく、にこにこしている。,Người đó dễ gần lúc nào cũng cười khúc khích.,"Đây là từ tượng hình không có kanji, biểu hiện bằng hiragana/katakana để mô tả cử chỉ và biểu cảm cười.",にこにこ顔（がお）: khuôn mặt cười tươi、にっこり笑（わら）う: cười tươi、にこにこする: cười mỉm
結局,けっきょく,"cuối cùng, rốt cuộc, sau tất cả",shinkanzen,副詞 (trạng từ),いろいろ考(かんが)えて、結局(けっきょく)彼女(かのじょ)と結婚(けっこん)することにした。,"Sau khi suy nghĩ nhiều, cuối cùng tôi quyết định kết hôn với cô ấy.","""結 (kết thúc, tập hợp) + 局 (cuộc, tình huống) → tạo thành nghĩa """"tình huống kết thúc"""" hay """"kết luận cuối cùng""""""",結局(けっきょく)のところ: rốt cuộc、最終的(さいしゅうてき)に: cuối cùng、結果(けっか)として: về kết quả
漸く,ようやく,"cuối cùng, sau cùng, không dễ dàng gì",shinkanzen,副詞 (trạng từ),長(なが)い闘病生活(とうびょうせいかつ)の後(あと)、彼(かれ)はようやく元気(げんき)になった。,"Sau một thời gian dài điều trị, cuối cùng anh ấy đã khỏe lại.","""漸 (tiếm) nghĩa là """"dần dần"""" → diễn tả quá trình từ từ phát triển đến kết quả cuối cùng""",ようやく実現(じつげん): cuối cùng thực hiện、ようやく完成(かんせい): cuối cùng hoàn thành、ようやく理解(りかい): cuối cùng hiểu
より,より,"hơn, hơn nữa, thêm",shinkanzen,助詞/格助詞 (trợ từ/trợ từ cách),今年(ことし)はより多(おお)くの人(ひと)が参加(さんか)してくれた。,Năm nay có nhiều người tham gia hơn.,"より không có kanji riêng, là trợ từ hiragana thể hiện so sánh và mức độ.",より以上(いじょう): thêm nữa、より一層(いっそう): một lần hơn nữa、より良(よ)い: tốt hơn
一段と,いちだんと,"hơn rất nhiều, hơn hẳn",shinkanzen,副詞 (trạng từ),改装(かいそう)後(ご)の店(みせ)は、一段(いちだん)とおしゃれになった。,Cửa hàng sau khi sửa chữa trở nên thời thượng hơn hẳn.,"一 (một) + 段 (bậc, mức) + と → một bậc cao hơn so với trước",一段(いちだん)と美味(おい)しい: ngon hơn hẳn、一段(いちだん)と明(あき)らか: rõ hơn hẳn、一段(いちだん)と強(つよ)い: mạnh hơn hẳn
再び,ふたたび,"lại, lần nữa, một lần nữa",shinkanzen,副詞 (trạng từ),失敗(しっぱい)しても、再(ふたた)び挑戦(ちょうせん)する勇気(ゆうき)が大切(たいせつ)だ。,"Dù thất bại, lòng can đảm thử lại lần nữa là điều quan trọng.","再 (再び) = tái, thực hiện lại một lần nữa sau khi ngừng",再(ふたた)び会(あ)う: gặp lại、再(ふたた)び始(はじ)める: bắt đầu lần nữa、再(ふたた)び考(かんが)える: suy nghĩ lại
今後,こんご,"từ nay về sau, sau này, tương lai",shinkanzen,名詞 (danh từ),今後(こんご)の予定(よてい)についてみんなで相談(そうだん)しましょう。,Chúng ta hãy bàn bạc về kế hoạch trong tương lai.,今 (hiện tại) + 後 (sau) → thời gian từ hiện tại trở về sau,今後(こんご)の課題(かだい): bài toán tương lai、今後(こんご)の方針(ほうしん): phương hướng tương lai、今後(こんご)とも: từ nay về sau cũng
のち,のち,"sau đó, về sau, tương lai",shinkanzen,名詞 (danh từ),高校(こうこう)卒業(そつぎょう)ののち、留学(りゅうがく)を経験(けいけん)した。,"Sau khi tốt nghiệp cấp ba, tôi đã trải nghiệm du học.","後 (のち) = phần sau, thời gian sau này",その後(のち): sau đó、のちの世代(せだい): thế hệ sau、日(ひ)をおいてのち: sau một thời gian
間もなく,まもなく,"sắp, chẳng bao lâu nữa, sắp sửa",shinkanzen,副詞 (trạng từ),飛行機(ひこうき)はまもなく着陸(ちゃくりく)します。シートベルトをお締(し)めください。,Máy bay sắp hạ cánh. Xin quý khách thắt dây an toàn.,間 (khoảng) + も + 無 (không) + く → không còn khoảng cách thời gian,まもなく開始(かいし): sắp bắt đầu、まもなく到着(とうちゃく): sắp đến nơi、まもなく完成(かんせい): sắp hoàn thành
そのうち,そのうち,"rồi cũng, sớm muộn cũng, chừng nào đó",shinkanzen,副詞 (trạng từ),このままだとそのうち問題(もんだい)になるよ。早(はや)めに対処(たいしょ)しよう。,"""Cứ thế này thì sớm muộn cũng có vấn đề. Hãy xử lý sớm thôi.",,
"Tôi dự định rồi sẽ kết hôn với anh ấy, nhưng bây giờ vẫn còn sớm.""",彼(かれ)とはそのうち結婚(けっこん)するつもりだけど、まだ時期(じき)が早(はや)い。,,shinkanzen,今(いま)すぐ: ngay bây giờ、直(ただ)ちに: ngay lập tức,"""""""そのうち"""" mang ý nghĩa không xác định thời gian, nhưng chắc chắn sẽ xảy ra. Thường dùng với dự đoán hoặc kế hoạch không cấp bách.""","その (đó) + うち (trong) → ở trong khoảng thời gian đó, chưa biết khi nào chính xác.",,JVOC-20250505-7351
やがて,やがて,"chẳng mấy chốc, rồi thì, lúc sau",shinkanzen,副詞 (trạng từ),小(ちい)さな苗木(なえぎ)もやがて大木(たいぼく)になるだろう。,Cây con nhỏ rồi cũng sẽ trở thành cây lớn.,"やがて viết bằng hiragana, không có kanji riêng",やがて分(わ)かる: rồi sẽ hiểu、やがて変(か)わる: rồi sẽ thay đổi、やがて来(く)る日(ひ): ngày sắp tới
いずれ,いずれ,"một lúc nào đó, sớm muộn gì, nào cũng",shinkanzen,副詞/連体詞 (trạng từ/liên thể từ),いずれ分(わ)かることだから、今(いま)は心配(しんぱい)しなくていい。,"Rồi sẽ hiểu thôi, bây giờ không cần lo.","いずれ thường viết hiragana, có thể viết 何れ (何 + れ) = cái nào, lúc nào",いずれにしても: dù sao đi nữa、いずれの場合(ばあい): trong trường hợp nào、いずれか: một trong số
先ほど,さきほど,"lúc trước, vừa rồi, lúc nãy",shinkanzen,副詞 (trạng từ),先(さき)ほどお電話(でんわ)いただいた件(けん)についてお話(はなし)させて頂(いただ)きます。,Tôi xin nói về vấn đề anh/chị điện thoại lúc nãy.,先 (trước) + ほど (khoảng) → thời điểm trong khoảng thời gian gần trước đây,先(さき)ほどから: từ lúc nãy、先(さき)ほどまで: cho đến lúc nãy、先(さき)ほどの件(けん): vấn đề lúc nãy
とっくに,とっくに,"từ lâu rồi, đã rồi, lâu lắm rồi",shinkanzen,副詞 (trạng từ),もうとっくに終(お)わっていると思(おも)ったのに、まだ続(つづ)いてるの？,Tưởng xong từ lâu rồi mà vẫn còn tiếp tục à?,"とっくに viết bằng hiragana, có thể viết kanji là 疾っくに (疾 = nhanh)",とっくの昔(むかし): từ lâu lắm rồi、とっくに済(す)んでいる: hoàn thành từ lâu、とっくに忘(わす)れている: quên từ lâu
後に,のちに,"sau đó, sau này, về sau",shinkanzen,副詞 (trạng từ),高校時代(こうこうじだい)の友人(ゆうじん)とは、卒業後(そつぎょうご)20年(ねん)ののちに再会(さいかい)した。,"20 năm sau khi tốt nghiệp, tôi gặp lại bạn học cấp ba.",後 (sau) + に → thời gian sau một sự kiện khác,のちに語(かた)る: kể lại sau này、のちの世(よ): thế hệ sau、のちに残(のこ)す: để lại cho sau
のち曇り,のちくもり,sau đó có mây (dự báo thời tiết),shinkanzen,熟語 (thành ngữ),明日(あす)の天気(てんき)は晴(は)れのち曇(くも)りの予報(よほう)です。,Dự báo thời tiết ngày mai là nắng sau đó có mây.,後 (後) + 曇 (mây) + り → tiếp theo là thời tiết có mây,晴(は)れのち雨(あめ): nắng rồi mưa、雨(あめ)のち晴(は)れ: mưa rồi nắng、曇(くも)りのち雨(あめ): có mây rồi mưa
相当,そうとう,"đáng kể, khá, tương đối",shinkanzen,副詞 (fukushi),今期(こんき)は相当(そうとう){な/の}赤字(あかじ)になりそうだ。,Kì này có vẻ khá thâm hụt.,"""相 (tương): nghĩa là """"lẫn nhau, tương hỗ""""; 当 (đương): nghĩa là """"đối với, đáng"""". Kết hợp lại có nghĩa là """"đáng kể, tương ứng với một mức độ lớn""""""",相当額(そうとうがく): số tiền tương đương、相当数(そうとうすう): số lượng đáng kể、相当品(そうとうひん): hàng hóa tương đương
最も,もっとも,"nhất, vô cùng",shinkanzen,副詞 (fukushi),世界(せかい)で最(もっと)も面積(めんせき)の広(ひろ)い国(くに)はロシアである。,Trên thế giới đất nước có diện tích lớn nhất là nước Nga.,"""最 (さい): nghĩa là """"cao nhất, cùng cực""""; も (助詞): nhấn mạnh""",最高(さいこう): tốt nhất、最低(さいてい): thấp nhất、最大(さいだい): lớn nhất
ほぼ,ほぼ,"gần như, hầu như",shinkanzen,副詞 (fukushi),新(あたら)しいビルはほぼ完成(かんせい)した。,Tòa nhà mới đã gần như xây xong.,"Đây là từ Hiragana thuần túy, không có kanji. Có nguồn gốc từ từ cổ của Nhật Bản.",ほぼ完璧(ほぼかんぺき): gần như hoàn hảo、ほぼ毎日(ほぼまいにち): gần như mỗi ngày、ほぼ同時(ほぼどうじ): gần như cùng lúc
割に,わりに,"tương đối, khá",shinkanzen,複合助詞 (fukugou joshi),道(みち)が込(こ)んでいるかと思(おも)ったら、わりにすいていた。,Cứ nghĩ đường sẽ đông lắm nhưng lại khá vắng.,"""割 (かつ): nghĩa là """"chia, phân""""; に (助詞): chỉ đối tượng/mối quan hệ""",見(み)た目(め)の割(わり)に: so với vẻ ngoài、年(とし)の割(わり)に: so với tuổi tác、値段(ねだん)の割(わり)に: so với giá cả
多少,たしょう,"một chút, phần nào",shinkanzen,"副詞 (fukushi), 名詞 (meishi)",寒(さむ)い日(ひ)が続(つづ)いているが、今日(きょう)は多少(たしょう)暖(あたた)かい。,"Trải qua những ngày lạnh giá, hôm nay trời đã có ấm chút ít.","""多 (đa): nghĩa là """"nhiều""""; 少 (thiếu): nghĩa là """"ít""""""",多少(たしょう)なりとも: dù ít hay nhiều、多少(たしょう)の差(さ): chênh lệch ít nhiều、多少(たしょう)の問題(もんだい): một số vấn đề
少々,しょうしょう,"một chút, một lát (lịch sự)",shinkanzen,副詞 (fukushi),魚(さかな)は水気(みずけ)を取(と)り、塩(しお)を少々(しょうしょう)降(ふ)っておきます。,Rắc một ít muối để cá không bị ẩm.,"""少 (thiếu): nghĩa là """"ít"""", được lặp lại để thể hiện sự khiêm tốn và lịch sự""",塩少々(しおしょうしょう): một ít muối、砂糖少々(さとうしょうしょう): một ít đường、コショウ少々(こしょうしょうしょう): một ít tiêu
全て,すべて,"mọi thứ, tất cả",shinkanzen,"代名詞 (daimeishi), 副詞 (fukushi)",問題(もんだい)はすべて解決(かいけつ)した。,Vấn đề đã giải quyết hoàn toàn.,"""全 (toàn): nghĩa là """"hoàn toàn, trọn vẹn""""""",すべて込(こ)み: bao gồm tất cả、すべて終了(しゅうりょう): kết thúc hoàn toàn、すべて完了(かんりょう): hoàn thành tất cả
何もかも,なにもかも,"mọi thứ, hoàn toàn tất cả",shinkanzen,代名詞 (daimeishi),何(なに)もかも捨(す)てて人生(じんせい)をやり直(なお)したい。,Muốn vứt bỏ mọi thứ để làm lại cuộc sống.,"""何 (hà): nghĩa là """"gì, cái gì""""; も (助詞): cũng; かも kết hợp để tạo nghĩa """"mọi thứ""""""",何(なに)もかも新(あたら)しく: mọi thứ đều mới、何(なに)もかも忘(わす)れる: quên hết mọi thứ、何(なに)もかもうまくいく: mọi thứ đều suôn sẻ
たっぷり,たっぷり,"đầy đủ, nhiều",shinkanzen,"副詞 (fukushi), 形容動詞 (keiyoudoushi)",時間(じかん)がたっぷりあるから、急(いそ)がなくてもいい。,Có đủ thời gian nên không cần phải vội vàng đâu.,"Đây là từ được viết bằng Hiragana thuần túy, không có kanji",愛情(あいじょう)たっぷり: đầy yêu thương、栄養(えいよう)たっぷり: giàu dinh dưỡng、自信(じしん)たっぷり: đầy tự tin
出来るだけ,できるだけ,"trong khả năng có thể, càng ~ càng tốt",shinkanzen,副詞 (fukushi),できるだけ早(はや)くお返事(へんじ)ください。,Nếu được thì hãy trả lời sớm cho tôi.,"""出来 (xuất lai): nghĩa là """"có thể, xảy ra""""; だけ (助詞): chỉ, chỉ trong phạm vi""",出来(でき)るだけ早(はや)く: sớm nhất có thể、出来(でき)るだけ多(おお)く: nhiều nhất có thể、出来(でき)るだけ安(やす)く: rẻ nhất có thể
次第に,しだいに,"dần dần, lần lượt",shinkanzen,副詞 (fukushi),冬至(とうじ)を過(す)ぎると、日(ひ)が次第(しだい)に長(なが)くなる。,Qua đông chí thì ngày trở nên dài hơn.,"""次第 (thứ đệ): nghĩa là """"thứ tự, bước tiếp theo""""; に (助詞): trạng thái, cách thức""",次第(しだい)に増加(ぞうか): tăng dần、次第(しだい)に変化(へんか): thay đổi dần、次第(しだい)に改善(かいぜん): cải thiện dần
徐々に,じょじょに,"dần dần, từ từ",shinkanzen,副詞 (fukushi),車(くるま)は徐々(じょじょ)にスピードを落(お)とし、やがて止(と)まった。,Ô tô hạ tốc độ dần dần và cuối cùng dừng lại.,"""徐 (từ): nghĩa là """"chậm, từ từ""""; 々 (ký hiệu lặp lại kanji); に (助詞): trạng thái, cách thức""",徐々(じょじょ)に回復(かいふく): hồi phục dần、徐々(じょじょ)に適応(てきおう): thích nghi dần、徐々(じょじょ)に減少(げんしょう): giảm dần
更に,さらに,"hơn nữa, thêm nữa",shinkanzen,副詞 (fukushi),7月(がつ)も暑(あつ)かったが、8月(がつ)になるとさらに暑(あつ)さが増(ま)した。,"Tháng 7 đã nóng rồi, đến tháng 8 sẽ lại nóng hơn.","""更 (canh): nghĩa là """"đổi, thay, thêm""""; に (助詞): phương thức, bổ sung""",さらに進化(しんか): tiến hóa hơn nữa、さらに詳(くわ)しく: chi tiết hơn、さらに高度(こうど)な: cao cấp hơn
一層,いっそう,"hơn nữa, thêm nữa (mạnh mẽ hơn)",shinkanzen,副詞 (fukushi),夜(よる)になって、風雨(ふうう)は一層(いっそう)激(はげ)しくなった。,Đến tối mưa gió sẽ trở nên mạnh hơn.,"一 (nhất): số một; 層 (tầng): tầng, lớp",一層(いっそう)の発展(はってん): phát triển hơn nữa、一層(いっそう)努力(どりょく): nỗ lực hơn nữa、一層(いっそう)重要(じゅうよう): quan trọng hơn
アルコール,アルコール,"cồn, rượu",shinkanzen,名詞（Danh từ）,注射（ちゅうしゃ）の前（まえ）にアルコールで消毒（しょうどく）する。,Trước khi tiêm cần phải khử trùng bằng cồn.,"""Từ katakana từ """"alcohol"""" - chất lỏng chứa etanol, dùng làm đồ uống hoặc dung dịch sát trùng.""",アルコール度数（どすう）: độ cồn、アルコール消毒（しょうどく）: sát trùng bằng cồn、メチルアルコール: cồn methyl
デコレーション,デコレーション,"sự trang trí, sự trang hoàng",shinkanzen,名詞（Danh từ）・動詞（する動詞）,12月（がつ）になると、多（おお）くの店（みせ）がクリスマスのデコレーションをする。,Đến tháng 12 nhiều cửa hàng sẽ trang trí lễ Giáng sinh.,"""Từ katakana từ """"decoration"""" - hành động hoặc kết quả của việc trang trí, trang hoàng không gian hoặc đồ vật.""","デコレーションケーキ: bánh trang trí, クリスマスデコレーション: trang trí Giáng sinh, インテリアデコレーション: trang trí nội thất"
サークル,サークル,"câu lạc bộ, hội nhóm",shinkanzen,名詞（Danh từ）,学生（がくせい）時代（じだい）、演劇（えんげき）のサークルに入（はい）っていた。,"Thời học sinh, tôi đã tham gia câu lạc bộ diễn kịch.","""Đây là từ katakana từ tiếng Anh """"circle"""". サ(sa) + ー(ー) + ク(ku) + ル(ru), nghĩa gốc là vòng tròn, mở rộng thành nhóm, CLB.""",サークル活動（かつどう）: hoạt động CLB、サークル仲間（なかま）: bạn trong CLB、サークル勧誘（かんゆう）: tuyển thành viên CLB
プログラム,プログラム,"chương trình, lịch trình",shinkanzen,名詞（Danh từ）,大会（たいかい）の参加者（さんかしゃ）にプログラムが配（くば）られた。,Phát lịch trình cho những người tham gia đại hội.,"""Từ katakana: プ(pu) + ロ(ro) + グ(gu) + ラ(ra) + ム(mu), từ """"program"""" tiếng Anh - một chuỗi hướng dẫn hoặc lịch trình theo thứ tự.""",研修（けんしゅう）プログラム: chương trình đào tạo、交流（こうりゅう）プログラム: chương trình giao lưu、プログラマー: lập trình viên
キャプテン,キャプテン,"đội trưởng, thuyền trưởng",shinkanzen,名詞（Danh từ）,スポーツのキャプテンは、責任感（せきにんかん）とチームをまとめる力（ちから）を求（もと）められる。,Đội trưởng trong thể thao đòi hỏi một người có năng lực tập hợp đội và có tinh thần trách nhiệm.,"""Từ katakana: キャ(kya) + プ(pu) + テ(te) + ン(n), từ """"captain"""" tiếng Anh - người lãnh đạo một tàu thuyền hoặc đội bóng.""",チームキャプテン: đội trưởng đội、キャプテンマーク: dải băng đội trưởng、副（ふく）キャプテン: phó đội trưởng
シーズン,シーズン,"mùa, mùa vụ, thời điểm đặc biệt",shinkanzen,名詞（Danh từ）,日本（にほん）では12月（がつ）から2月（がつ）にかけてが受験（じゅけん）のシーズンだ。,Ở Nhật Bản từ tháng 12 đến tháng 2 là mùa thi cử.,"""Từ katakana: シ(shi) + ー(ー) + ズ(zu) + ン(n), từ """"season"""" tiếng Anh - một khoảng thời gian đặc trưng trong năm.""",旅行（りょこう）シーズン: mùa du lịch、雨（あめ）シーズン: mùa mưa、繁忙（はんぼう）シーズン: mùa bận rộn
サービス,サービス,"dịch vụ, phục vụ, tặng kèm",shinkanzen,名詞（Danh từ）・動詞（する動詞）,あのレストランはサービスが良（よ）くない。,Nhà hàng đó có dịch vụ không tốt.,"""Từ katakana: サ(sa) + ー(ー) + ビ(bi) + ス(su), từ """"service"""" tiếng Anh - hành động phục vụ hoặc giúp đỡ người khác.""",アフターサービス: dịch vụ hậu mãi、サービス業（ぎょう）: ngành dịch vụ、サービス精神（せいしん）: tinh thần phục vụ
キャンパス,キャンパス,khuôn viên trường học,shinkanzen,名詞（Danh từ）,この大学（だいがく）のキャンパスは緑（みどり）が豊（ゆた）かだ。,Khuôn viên trường này có nhiều cây xanh.,"""Từ katakana: キャ(kya) + ン(n) + パ(pa) + ス(su), từ """"campus"""" tiếng Anh - khu vực đất dành cho trường học và các cơ sở liên quan.""",大学（だいがく）キャンパス: khuôn viên đại học、キャンパスライフ: cuộc sống khuôn viên、オープンキャンパス: ngày hội trường mở
オリエンテーション,オリエンテーション,"buổi định hướng, hướng dẫn",shinkanzen,名詞（Danh từ）,新学期（しんがっき）、学生（がくせい）を対象（たいしょう）に授業（じゅぎょう）登録（とうろく）のオリエンテーションがあった。,"Trong học kì mới, có buổi định hướng đăng kí lớp học dành cho các học sinh.","""Từ katakana từ """"orientation"""" - quá trình làm quen và thích nghi với môi trường, hoàn cảnh mới.""","オリエンテーション研修（けんしゅう）: khóa định hướng, 入学（にゅうがく）オリエンテーション: định hướng tân sinh viên"
カリキュラム,カリキュラム,"giáo án, giáo trình, chương trình giảng dạy",shinkanzen,名詞（Danh từ）,カリキュラムに沿（そ）って授業（じゅぎょう）を行（おこな）う。,Tổ chức buổi học theo như giáo trình.,"""Từ katakana từ """"curriculum"""" - khóa học hoặc chương trình học được thiết kế để đạt được mục tiêu giáo dục cụ thể.""","授業（じゅぎょう）カリキュラム: chương trình học, コアカリキュラム: chương trình trọng tâm、カリキュラム開発（かいはつ）: phát triển chương trình học"
レッスン,レッスン,"bài học, buổi học",shinkanzen,名詞（Danh từ）,ピアノのレッスンに通（かよ）う。,Đi học buổi học piano.,"""Từ katakana từ """"lesson"""" - một đơn vị giảng dạy trong khóa học hoặc một buổi học cụ thể về kỹ năng nào đó.""","プライベートレッスン: buổi học riêng tư, グループレッスン: buổi học nhóm, レッスンプラン: kế hoạch bài học"
レクリエーション,レクリエーション,"giải trí, sự nghỉ giải lao, hoạt động vui chơi",shinkanzen,名詞（Danh từ）,合宿（がっしゅく）では、勉強（べんきょう）だけではなくレクリエーションも行（おこな）われる。,"Ở trại huấn luyện, không chỉ có học tập mà các hoạt động vui chơi cũng được tổ chức.","""Từ katakana từ """"recreation"""" - hoạt động để làm mới tinh thần, nghỉ ngơi, giải trí sau thời gian làm việc hay học tập.""","レクリエーション活動（かつどう）: hoạt動vui chơi, 野外（やがい）レクリエーション: hoạt động ngoài trời, レクリエーションセンター: trung tâm giải trí"
レジャー,レジャー,"sự thư giãn, sự nghỉ ngơi, giải trí cá nhân",shinkanzen,名詞（Danh từ）,休（やす）みに海外（かいがい）へレジャーに出（で）かける。,Cuối tuần đi nước ngoài để thư giãn.,"""Từ katakana từ """"leisure"""" - thời gian rảnh rỗi dùng để thư giãn, vui chơi, giải trí cho cá nhân hoặc gia đình.""","レジャー施設（しせつ）: khu vui chơi giải trí, レジャースポット: điểm du lịch giải trí, アウトドアレジャー: hoạt động ngoài trời"
ガイド,ガイド,"hướng dẫn, người hướng dẫn, cẩm nang",shinkanzen,名詞（Danh từ）・動詞（する動詞）,旅行（りょこう）会社（がいしゃ）でガイドをしている。,Tôi làm hướng dẫn viên du lịch tại công ty du lịch.,"""Từ katakana từ """"guide"""" - người hoặc vật giúp dẫn đường, chỉ dẫn, hướng dẫn người khác đi đúng hướng.""","観光（かんこう）ガイド: HDV du lịch, ガイドブック: sách hướng dẫn, 通訳（つうやく）ガイド: HDV phiên dịch"
ダイヤ（グラム）,ダイヤ（グラム）,"lịch trình (đường sắt), biểu đồ",shinkanzen,名詞（Danh từ）,事故（じこ）で列車（れっしゃ）のダイヤが乱（みだ）れたが、数時間（すうじかん）後（ご）に復旧（ふっきゅう）した。,"Do sự cố nên bảng giờ tàu chạy bị hỗn loạn, sau vài giờ đã khôi phục được.","""Từ katakana từ """"diagram"""" - biểu đồ hiển thị lịch trình các chuyến tàu, xe hoặc kế hoạch vận chuyển.""","列車（れっしゃ）ダイヤ: lịch tàu, ダイヤ改正（かいせい）: thay đổi lịch trình, ダイヤ乱（みだ）れ: lịch tàu bị xáo trộn"
ウィークデー,ウィークデー,ngày trong tuần (từ thứ 2 đến thứ 6),shinkanzen,名詞（Danh từ）,この道路（どうろ）はウィークデーは渋滞（じゅうたい）するが、休日（きゅうじつ）はガラガラだ。,"Con đường này, ngày trong tuần bị tắc nghẽn nhưng ngày nghỉ lại vắng vẻ.","""Từ katakana từ """"weekday"""" - những ngày làm việc trong tuần, không bao gồm thứ 7 và chủ nhật.""","ウィークデー料金（りょうきん）: giá ngày thường, ウィークデーランチ: bữa trưa ngày thường"
JP060525-A8F2,収入,"""#二級 #名詞 #経済""",shinkanzen,名詞,N2,"Tình huống nói về chi tiêu, ngân sách và quản lý tài chính",彼の収入ぐらいなら、新しい車を買えるはずです。,収入がある、収入を得る、収入が上がる、月収、年収
JP060525-B3K7,支出,"""#二級 #名詞 #経済""",shinkanzen,名詞,N2,Tình huống thảo luận về vấn đề tài chính gia đình,家族全体にわたって支出を減らすように努力しています。,支出を抑える、支出を削る、支出が多い
JP060525-C7D9,予算,"""#二級 #名詞 #経済""",shinkanzen,名詞,N2,Tình huống lập kế hoạch tài chính,旅行の予算うちに、ホテル代を節約すれば、もっと活動ができます。,予算を立てる、予算内、予算オーバー、予算案
JP060525-E4F1,利益,"""#二級 #名詞 #経済""",shinkanzen,名詞,N2,Tình huống kinh doanh và đầu tư,長期的な利益をはじめ、社会的な評価も考慮すべきです。,利益を得る、利益を上げる、利益が出る
JP060525-H2J6,赤字,"""#二級 #名詞 #経済""",shinkanzen,名詞,N2,Tình huống quản lý tài chính doanh nghiệp,3年間にわたって赤字が続いているため、事業の見直しが必要です。,赤字になる、赤字が出る、赤字を出す
JP060525-K9L3,経費,"""#二級 #名詞 #経済""",shinkanzen,名詞,N2,Tình huống quản lý chi phí công ty,経費をはじめ、人材育成も企業の重要な投資です。,経費がかかる、経費をかける、経費がかさむ
JP060525-M5N8,勘定,"""#二級 #名詞 #経済""",shinkanzen,名詞,N2,Tình huống thanh toán tại nhà hàng,お勘定うちに、ポイントカードも確認してください。,勘定が合う、勘定に入れる、お勘定をお願いします
JP060525-P1R4,弁償,"""#二級 #名詞 #経済""",shinkanzen,名詞・する動詞,N2,Tình huống bồi thường thiệt hại,弁償うちに、誠意を見せることが大切です。,弁償する、弁償させる、弁償を求める
JP060525-Q7S2,請求,"""#二級 #名詞 #経済""",shinkanzen,名詞・する動詞,N2,Tình huống yêu cầu thanh toán,請求書が届いているうちに、支払いを済ませましょう。,請求する、請求書、請求額
JP060525-T3V8,景気,"""#二級 #名詞 #経済""",shinkanzen,名詞,N2,Tình huống thảo luận về tình hình kinh tế,良い景気うちに、将来のための貯蓄をしておくべきです。,景気がいい、景気が悪い、景気が回復する
JP060525-U9W4,募金,"""#二級 #名詞 #経済""",shinkanzen,名詞・する動詞,N2,Tình huống quyên góp từ thiện,募金うちに、目標額に達することができました。,募金する、募金活動、募金箱
JP060525-V6X1,募集,"""#二級 #名詞 #経済""",shinkanzen,名詞・する動詞,N2,Tình huống tuyển dụng nhân sự,優秀な人材の募集に対して、様々な戦略を立てています。,募集する、募集要項、応募者
JP060525-Z2Y7,価値,"""#二級 #名詞 #経済""",shinkanzen,名詞,N2,Tình huống thảo luận về giá trị sản phẩm,歴史的建造物の価値に対して、より多くの人に理解してほしいです。,価値がある、価値を高める、価値が上がる
JP060525-A7B3,駐車,"""#三級 #名詞 #日常会話""",shinkanzen,名詞,N3,Nói về đỗ xe và quy định giao thông,,
"""",駐車場(ちゅうしゃじょう)、駐車禁止(ちゅうしゃきんし)、駐車違反(ちゅうしゃいはん),停車(ていしゃ)、駐輪(ちゅうりん)、パーキング,shinkanzen,[sound:このビルには約50台くらい駐車できるスペースがあります。.mp3],ここに駐車するうちに切符を買っておかないと、罰金を払うことになります。,"Nếu không mua vé trong khi đang đỗ xe ở đây, bạn sẽ phải trả tiền phạt.",Examples Kero,"Khu vực này có quy định nghiêm ngặt đối với việc đỗ xe, vì vậy hãy chú ý."
JP060525-C4D9,違反,"""#三級 #名詞 #日常会話""",shinkanzen,名詞,N3,Nói về quy định và luật lệ,スピード違反で捕まったうちに、彼は何度も同じ過ちを繰り返しました。,違反する、違反金(いはんきん)、法律違反(ほうりついはん)
JP060525-E5F2,平日,"""#三級 #名詞 #仕事""",shinkanzen,名詞,N3,Nói về lịch làm việc,その店は平日において9時から18時まで営業しています。,平日限定(へいじつげんてい)、平日割引(へいじつわりびき)
JP060525-G6H1,日付,"""#三級 #名詞 #仕事""",shinkanzen,名詞,N3,Nói về văn bản và giấy tờ,申請書には日付をはじめ、住所や名前なども記入してください。,日付変更線(ひづけへんこうせん)、日付を記入する(ひづけをきにゅうする)
JP060525-I7J8,日中,"""#三級 #名詞 #日常会話""",shinkanzen,名詞,N3,Nói về thời tiết và điều kiện thời gian,日中くらい外に出て、日光を浴びたほうがいいです。,日中活動(にっちゅうかつどう)、日中の気温(にっちゅうのきおん)
JP060525-K8L3,日程,"""#三級 #名詞 #仕事""",shinkanzen,名詞,N3,Nói về kế hoạch và lịch trình,一週間にわたって日程が詰まっているので、新しい予定は入れられません。,日程表(にっていひょう)、日程を組む(にっていをくむ)、日程を調整する(にっていをちょうせいする)
JP060525-M9N4,日帰り,"""#三級 #名詞 #旅行""",shinkanzen,名詞,N3,Nói về chuyến đi ngắn ngày,日帰りくらい旅行するなら、朝早く出発したほうがいいです。,日帰り旅行(ひがえりりょこう)、日帰り温泉(ひがえりおんせん)
JP060525-P5Q7,順序,"""#三級 #名詞 #学習""",shinkanzen,名詞,N3,Nói về trật tự và quy trình,料理は順序にわたって丁寧に説明されています。,順序立てる(じゅんじょたてる)、順序良く(じゅんじょよく)
JP060525-R6S2,時期,"""#三級 #名詞 #日常会話""",shinkanzen,名詞,N3,Nói về khoảng thời gian,就職活動をする時期において、経済状況は重要な要素です。,適切な時期(てきせつなじき)、時期が来る(じきがくる)、時期尚早(じきしょうそう)
JP060525-T7U3,現在,"""#三級 #名詞 #日常会話""",shinkanzen,名詞,N3,Nói về thời gian hiện tại,現在くらい忙しい時期は、今までなかったです。,現在地(げんざいち)、現在進行形(げんざいしんこうけい)、現在時刻(げんざいじこく)
JP060525-V8W4,臨時,"""#三級 #名詞 #仕事""",shinkanzen,名詞,N3,Nói về tình huống tạm thời,台風に対して、臨時の避難所が設置されました。,臨時休業(りんじきゅうぎょう)、臨時ニュース(りんじにゅーす)、臨時収入(りんじしゅうにゅう)
JP060525-X9Y5,費用,"""#三級 #名詞 #経済""",shinkanzen,名詞,N3,Nói về chi phí và tiêu dùng,交通費をはじめ、様々な費用がかかります。,費用がかかる(ひようがかかる)、費用を負担する(ひようをふたんする)、費用対効果(ひようたいこうか)
JP060525-Z1A6,定価,"""#三級 #名詞 #経済""",shinkanzen,名詞,N3,Nói về giá cả sản phẩm,定価に対して実際の販売価格はかなり安いです。,定価販売(ていかはんばい)、定価表示(ていかひょうじ)
JP060525-B2C7,割引,"""#三級 #名詞 #買い物""",shinkanzen,名詞,N3,Nói về giảm giá và khuyến mãi,学生に対して、映画館では割引料金が適用されます。,割引券(わりびきけん)、学生割引(がくせいわりびき)、早期割引(そうきわりびき)
JP060525-D3E8,おまけ,"""#三級 #名詞 #買い物""",shinkanzen,名詞,N3,Nói về quà tặng kèm,このセットにはシャンプーをはじめ、おまけとしてコンディショナーも付いています。,おまけが付く(おまけがつく)、おまけを付ける(おまけをつける)
JP060525-F4G9,無料,"""#三級 #名詞 #買い物""",shinkanzen,名詞,N3,Nói về dịch vụ miễn phí,この駐車場は買い物客に対して2時間無料です。,無料配布(むりょうはいふ)、無料サービス(むりょうさーびす)、無料体験(むりょうたいけん)
JP060525-H5I1,現金,"""#三級 #名詞 #経済""",shinkanzen,名詞,N3,Nói về thanh toán,現金をはじめ、クレジットカードやスマホ決済も利用できます。,現金払い(げんきんばらい)、現金自動支払機(げんきんじどうしはらいき)
JP060525-J6K2,合計,"""#三級 #名詞 #数学""",shinkanzen,名詞,N3,Nói về tổng số lượng,合計うちに含まれていない項目があります。,合計金額(ごうけいきんがく)、合計する(ごうけいする)
JP060525-L7M3,駐車,"""#三級 #名詞 #交通""",shinkanzen,名詞,N3,Nói về đỗ xe và quy định giao thông,駐車に対して厳しい規則がありますので、注意してください。,駐車場(ちゅうしゃじょう)、駐車禁止(ちゅうしゃきんし)、駐車違反(ちゅうしゃいはん)
JP060525-N8P4,順序,"""#三級 #名詞 #仕事""",shinkanzen,名詞,N3,Nói về thứ tự và quy trình,順序において重要なのは、最初のステップを間違えないことです。,順序立てる(じゅんじょたてる)、順序良く(じゅんじょよく)
JP060525-Q9R5,時期,"""#三級 #名詞 #時間""",shinkanzen,名詞,N3,Nói về giai đoạn thời gian,就職活動の時期にわたって、学生たちは緊張しています。,適切な時期(てきせつなじき)、時期が来る(じきがくる)、時期尚早(じきしょうそう)
JP060525-S1T6,現在,"""#三級 #名詞 #日常会話""",shinkanzen,名詞,N3,Nói về thời gian hiện tại,日本語能力において、現在N3レベルです。,現在地(げんざいち)、現在進行形(げんざいしんこうけい)、現在時刻(げんざいじこく)
JP060525-U2V7,臨時,"""#三級 #名詞 #仕事""",shinkanzen,名詞,N3,Nói về tình huống tạm thời,臨時をはじめ、正社員も同じ仕事をしています。,臨時休業(りんじきゅうぎょう)、臨時ニュース(りんじにゅーす)、臨時収入(りんじしゅうにゅう)
JP060525-W3X8,費用,"""#三級 #名詞 #経済""",shinkanzen,名詞,N3,Nói về chi phí và tiêu dùng,子育ての費用に対して、政府から補助金が出ます。,費用がかかる(ひようがかかる)、費用を負担する(ひようをふたんする)、費用対効果(ひようたいこうか)
JP060525-Y4Z9,定価,"""#三級 #名詞 #買い物""",shinkanzen,名詞,N3,Nói về giá cả sản phẩm,全商品が定価より20%割引になっています。,定価販売(ていかはんばい)、定価表示(ていかひょうじ)
JP060525-A5B1,割引,"""#三級 #名詞 #買い物""",shinkanzen,名詞,N3,Nói về ưu đãi và giảm giá,学生に対して割引料金が適用されます。,割引券(わりびきけん)、学生割引(がくせいわりびき)、早期割引(そうきわりびき)
JP060525-C6D2,おまけ,"""#三級 #名詞 #買い物""",shinkanzen,名詞,N3,Nói về quà tặng kèm,おまけにわたって様々な種類の小さなおもちゃがあります。,おまけが付く(おまけがつく)、おまけを付ける(おまけをつける)
JP060525-E7F3,無料,"""#三級 #名詞 #買い物""",shinkanzen,名詞,N3,Nói về dịch vụ miễn phí,無料にわたってサービスを提供しているウェブサイトがたくさんあります。,無料配布(むりょうはいふ)、無料サービス(むりょうさーびす)、無料体験(むりょうたいけん)
JP060525-K3L5,現金,"""#三級 #名詞 #経済""",shinkanzen,名詞,N3,Nói về phương thức thanh toán,,
"""",現金払い(げんきんばらい)、現金自動支払機(げんきんじどうしはらいき)、現金引き出し(げんきんひきだし),キャッシュ、お金(おかね)、小銭(こぜに),shinkanzen,,現金にとって最大の問題点は、紛失や盗難のリスクです。,"Đối với tiền mặt, vấn đề lớn nhất là nguy cơ thất lạc hoặc bị trộm.",Examples Kero,"Khi đi du lịch nước ngoài, việc mang theo một ít tiền mặt sẽ rất tiện lợi."
JP060525-M4N6,合計,"""#三級 #名詞 #数学""",shinkanzen,名詞,N3,Nói về tính toán số lượng,,
"""",合計金額(ごうけいきんがく)、合計する(ごうけいする)、合計点(ごうけいてん),総計(そうけい)、総額(そうがく)、累計(るいけい),shinkanzen,,この地域にわたって合計すると、人口は約50万人になります。,"Nếu tính tổng dân số trên toàn khu vực này, sẽ là khoảng 500.000 người.",Examples Kero,"Đối với giá sản phẩm, tổng số tiền đã bao gồm cả thuế."
JP060525-C8D2,石,"""#二級 #名詞 #日常会話""",shinkanzen,名詞,N2,Nói về đá và vật liệu tự nhiên,川岸は石だらけで、歩くのが難しかった。,"石を拾う (nhặt đá), 石につまずく (vấp phải đá), 石で作られた (được làm từ đá)"
JP060525-G2H7,券,"""#二級 #名詞 #文化""",shinkanzen,名詞,N2,Nói về vé và chứng từ,彼の財布は券だらけで、どれが今日のものか分かりませんでした。,"券を買う (mua vé), 券を使う (sử dụng vé), 無料券 (vé miễn phí)"
JP060525-J9K3,名簿,"""#二級 #名詞 #仕事""",shinkanzen,名詞,N2,Nói về danh sách và tổ chức,この引き出しは古い名簿だらけで、整理が必要です。,"名簿を作る (lập danh sách), 名簿を更新する (cập nhật danh sách), 会員名簿 (danh sách thành viên)"
JP060525-L5M8,表,"""#二級 #名詞 #学習""",shinkanzen,名詞,N2,Nói về bảng biểu và dữ liệu,彼の机は表だらけで、どれが最新版か分かりません。,"表に載せる (đưa vào bảng), 表を作る (tạo bảng), 表に記入する (điền vào bảng)"
JP060525-N6P2,針,"""#二級 #名詞 #日常会話""",shinkanzen,名詞,N2,Nói về kim và đồ dùng nhọn,裁縫箱は針だらけで、探すときに注意が必要です。,"針に糸を通す (xỏ chỉ vào kim), 針で縫う (may bằng kim), 針を刺す (đâm kim)"
JP060525-Q7R4,栓,"""#二級 #名詞 #日常会話""",shinkanzen,名詞,N2,Nói về nút chai và vòi nước,この棚は古い栓だらけで、どれも使えません。,"栓を抜く (mở nút), 栓をする (đậy nút), 栓を閉める (đóng nút)"
JP060525-S3T9,湯気,"""#二級 #名詞 #日常会話""",shinkanzen,名詞,N2,Nói về hơi nước và hiện tượng tự nhiên,お風呂場は湯気だらけで、何も見えませんでした。,"湯気が立つ (bốc hơi), 湯気が出る (tỏa hơi), 湯気で曇る (mờ vì hơi nước)"
JP060525-U1V6,日当たり,"""#二級 #名詞 #生活""",shinkanzen,名詞,N2,Nói về ánh sáng và điều kiện sống,その部屋は窓が小さく、日当たりに対して風通しは良いです。,"日当たりがいい (ánh sáng tốt), 日当たりが悪い (ánh sáng kém), 日当たりのよい場所 (nơi có ánh sáng tốt)"
JP060525-W8X3,空,"""#二級 #名詞 #日常会話""",shinkanzen,名詞,N2,Nói về sự trống rỗng và tình trạng,冷蔵庫は空だらけで、買い物に行かなければなりません。,"空にする (làm trống), 空になる (trở nên trống rỗng), 空の容器 (đồ đựng rỗng)"
JP060525-Y2Z7,斜め,"""#二級 #名詞 #日常会話""",shinkanzen,名詞,N2,Nói về hướng nghiêng và góc độ,この道は斜めだらけで、まっすぐに歩くのが難しいです。,"斜めになる (trở nên nghiêng), 斜めに見る (nhìn nghiêng), 斜めに切る (cắt chéo)"
JP060525-A1B9,履歴,"""#二級 #名詞 #仕事""",shinkanzen,名詞,N2,Nói về lý lịch và hồ sơ,この引き出しは古い履歴書だらけで、整理する必要があります。,"履歴書を書く (viết sơ yếu lý lịch), 履歴を残す (để lại lý lịch), 検索履歴 (lịch sử tìm kiếm)"
JP060525-C4D2,娯楽,"""#二級 #名詞 #娯楽""",shinkanzen,名詞,N2,Nói về giải trí và thú vui,彼の部屋は娯楽だらけで、勉強する場所がありません。,"娯楽を楽しむ (thưởng thức giải trí), 娯楽施設 (cơ sở giải trí), 娯楽費 (phí giải trí)"
JP060525-G5H8,歓迎,"""#二級 #名詞 #文化""",shinkanzen,名詞,N2,Nói về sự đón tiếp và chào đón,歓迎に関して、特別なプログラムを用意しました。,"歓迎する (chào đón), 歓迎会 (tiệc chào đón), 大歓迎 (chào đón nồng nhiệt)"
JP060525-J2K6,窓口,"""#二級 #名詞 #仕事""",shinkanzen,名詞,N2,Nói về nơi tiếp nhận và giao dịch,この施設は窓口だらけで、どこに行けばいいのか分かりません。,"窓口で聞く (hỏi tại quầy), 窓口に行く (đến quầy), 相談窓口 (quầy tư vấn)"
JP060525-L9M4,手続き,"""#二級 #名詞 #仕事""",shinkanzen,名詞,N2,Nói về thủ tục và quy trình,この書類は手続きに関して詳しく説明しています。,"手続きをする (làm thủ tục), 手続きに従う (tuân theo thủ tục), 手続きを簡素化する (đơn giản hóa thủ tục)"
JP060525-N3P7,徒歩,"""#二級 #名詞 #旅行""",shinkanzen,名詞,N2,Nói về phương thức di chuyển,徒歩に関して言えば、健康にとても良いです。,"徒歩で行く (đi bộ), 徒歩圏内 (trong phạm vi đi bộ), 徒歩10分 (đi bộ 10 phút)"
JP060525-A7F3,服装,"""#二級 #名詞 #日常会話""",shinkanzen,名詞,N2,Cuộc sống hàng ngày,,
"""","服装に気を遣う (chú ý đến trang phục), 服装を整える (chỉnh tề trang phục)","着物 (きもの), ファッション, ドレスコード (dress code)",shinkanzen,[sound:J2TEAM-TTS-1746501063239.mp3],もう少し時間があれば、服装をもっときちんと選べたのに。,"Giá như có thêm chút thời gian, tôi đã có thể chọn trang phục chỉnh tề hơn.",Examples Kero,"Nếu đi phỏng vấn, bạn không nên để trẻ con chọn trang phục giúp bạn."
JP060525-B9E2,礼,"""#二級 #名詞 #社会生活""",shinkanzen,名詞,N2,Giao tiếp xã hội,,
"""","礼を述べる (nói lời cảm ơn), 礼をする (chào, bày tỏ lòng biết ơn)","お辞儀 (おじぎ - cúi chào), 感謝 (かんしゃ - lòng biết ơn)",shinkanzen,[sound:J2TEAM-TTS-1746501378750.mp3],礼を言わなければよかったと思うことがあります。,Có những lúc tôi nghĩ giá như đã không nói lời cảm ơn thì tốt.,Examples Kero,"Tôi đã quyết định khi khách bước vào phòng, sẽ cho họ đứng dậy và chào."
JP060525-C3D7,お世辞,"""#二級 #名詞 #対人関係""",shinkanzen,名詞,N2,Quan hệ xã hội,,
"""","お世辞を言う (nói lời nịnh hót), お世辞抜きで (bỏ qua sự nịnh hót)","褒める (ほめる - khen ngợi), おだてる (nịnh nọt)",shinkanzen,[sound:J2TEAM-TTS-1746501711712.mp3],もう少し勇気があったら、お世辞ではなく本当の気持ちを伝えられたのに。,"Nếu có thêm chút dũng khí, tôi đã có thể truyền đạt cảm xúc thật chứ không phải lời nịnh hót.",Examples Kero,Tôi nghĩ việc bắt người khác nịnh sếp là không tốt.
JP060525-D1F5,言い訳,"""#二級 #名詞 #社会生活""",shinkanzen,名詞,N2,Giải thích và biện hộ,,
"""","言い訳をする (đưa ra lý do), 言い訳ばかり言う (chỉ biết biện minh)","弁解 (べんかい - biện hộ), 口実 (こうじつ - cái cớ)",shinkanzen,[sound:J2TEAM-TTS-1746501790657.mp3],言い訳をしなければよかったと後で思いました。,Sau đó tôi đã nghĩ giá như mình đã không đưa ra lý do biện minh thì tốt.,Examples Kero,Vì không được phép giải thích với sếp nên vẫn bị hiểu lầm.
JP060525-E8G2,話題,"""#二級 #名詞 #コミュニケーション""",shinkanzen,名詞,N2,Giao tiếp xã hội,,
"""","話題が豊富 (phong phú về chủ đề), 話題になる (trở thành chủ đề), 話題を変える (thay đổi chủ đề)","トピック (topic), 議題 (ぎだい - đề tài thảo luận)",shinkanzen,[sound:J2TEAM-TTS-1746501838016.mp3],もう少し知識があれば、初対面の人ともっと共通の話題を見つけられたのに。,"Nếu có thêm chút kiến thức, tôi đã có thể tìm thêm chủ đề chung với người mới gặp.",Examples Kero,Việc khiến trẻ em suy nghĩ về các chủ đề chính trị là quan trọng.
JP060525-F2H9,秘密,"""#二級 #名詞 #対人関係""",shinkanzen,名詞,N2,Bảo mật thông tin,,
"""","秘密を守る (giữ bí mật), 秘密が漏れる (bí mật bị lộ), 秘密を打ち明ける (tiết lộ bí mật)","内緒 (ないしょ - bí mật), 機密 (きみつ - thông tin mật)",shinkanzen,[sound:J2TEAM-TTS-1746501881541.mp3],もう少し注意していれば、会社の秘密が漏れなかったのに。,"Nếu chú ý hơn một chút, bí mật của công ty đã không bị tiết lộ.",Examples Kero,Việc bắt trẻ con giữ bí mật là khó.
JP060525-G4I1,尊敬,"""#二級 #名詞 #対人関係""",shinkanzen,名詞・する動詞,N2,Các mối quan hệ xã hội,,
"""","尊敬する (tôn kính), 尊敬を集める (nhận được sự tôn kính), 尊敬の念 (lòng tôn kính)","敬意 (けいい - sự kính trọng), 敬う (うやまう - kính trọng)",shinkanzen,[sound:J2TEAM-TTS-1746501939237.mp3],あのとき勇気があれば、尊敬する先生に自分の気持ちを伝えられたのに。,"Nếu lúc đó có đủ dũng khí, tôi đã có thể truyền đạt cảm xúc của mình cho thầy giáo mà tôi tôn kính.",Examples Kero,Việc làm cho trẻ em có cảm giác tôn kính là phần quan trọng của giáo dục.
JP060525-H7J3,謙遜,"""#二級 #名詞 #対人関係""",shinkanzen,名詞・する動詞,N2,Tính cách và thái độ,,
"""","謙遜する (khiêm tốn), 謙遜した態度 (thái độ khiêm tốn)","謙虚 (けんきょ - khiêm tốn, nhún nhường), 控えめ (ひかえめ - dè dặt)",shinkanzen,[sound:J2TEAM-TTS-1746501988417.mp3],あのとき謙遜すれば、もっと良い印象を与えられたのに。,"Nếu lúc đó khiêm tốn, tôi đã có thể tạo ấn tượng tốt hơn.",Examples Kero,"Tôi muốn làm cho anh ấy khiêm tốn hơn, nhưng khá là khó."
JP060525-I5K8,期待,"""#二級 #名詞 #心理""",shinkanzen,名詞・する動詞,N2,Tâm lý và kỳ vọng,,
"""","期待する (kỳ vọng), 期待に応える (đáp ứng kỳ vọng), 期待をかける (đặt kỳ vọng), 期待はずれ (ngoài mong đợi)","希望 (きぼう - hi vọng), 予想 (よそう - dự đoán)",shinkanzen,[sound:J2TEAM-TTS-1746502205530.mp3],もう少し練習していれば、期待に応えられたのに。,"Nếu luyện tập thêm một chút, tôi đã có thể đáp ứng được kỳ vọng.",Examples Kero,Việc để con trẻ tạo ra kỳ vọng đôi khi có thể trở thành áp lực.
JP060525-J9L4,苦労,"""#二級 #名詞 #心理""",shinkanzen,名詞・する動詞,N2,Khó khăn và nỗ lực,,
"""","苦労する (vất vả), 苦労をかける (gây khó khăn cho ai), 苦労を重ねる (chịu nhiều khó khăn)","苦しむ (くるしむ - đau khổ), 辛い (つらい - vất vả, khó khăn)",shinkanzen,[sound:J2TEAM-TTS-1746503379996.mp3],あの時、もっとお金があれば、母に苦労をかけなかったのに。,"Nếu lúc đó có nhiều tiền hơn, mẹ tôi đã không phải chịu nhiều vất vả.",Examples Kero,Tôi nghĩ đôi khi việc để con trẻ trải qua khó khăn cũng là cần thiết.
JP060525-K2M7,意志,"""#二級 #名詞 #心理""",shinkanzen,名詞,N2,Quyết tâm và ý chí,,
"""","意志が強い (ý chí mạnh mẽ), 意志が固い (ý chí vững chắc), 意志を示す (thể hiện ý chí)","決意 (けつい - quyết tâm), 意思 (いし - ý định)",shinkanzen,[sound:J2TEAM-TTS-1746503437802.mp3],あのとき、もう少し意志が強ければ、試験に合格できたのに。,"Nếu lúc đó có ý chí mạnh mẽ hơn một chút, tôi đã có thể đỗ kỳ thi.",Examples Kero,Việc làm cho trẻ em có ý chí mạnh mẽ là một phần của nền giáo dục tốt.
JP060525-L6N9,感情,"""#二級 #名詞 #心理""",shinkanzen,名詞,N2,Cảm xúc và biểu hiện,,
"""","感情を込める (đặt cảm xúc vào), 感情を抑える (kiềm chế cảm xúc), 感情的 (cảm tính)","気持ち (きもち - cảm giác), 情緒 (じょうちょ - tình cảm)",shinkanzen,[sound:J2TEAM-TTS-1746503476374.mp3],あのとき感情を抑えていれば、相手を傷つけなかったのに。,"Nếu lúc đó kiềm chế được cảm xúc, tôi đã không làm tổn thương đối phương.",Examples Kero,Việc làm cho trẻ em biết kiểm soát cảm xúc tốt là một trong những giáo dục quan trọng.
キャッシュ,きゃっしゅ,tiền mặt,shinkanzen,Danh từ,彼(かれ)は車(くるま)の代金(だいきん)をキャッシュで払(はら)ったそうだ。,Nghe nói anh ấy mua xe bằng tiền mặt.,Đây là từ được viết hoàn toàn bằng katakana nên không có thành phần kanji.,キャッシュカード: thẻ rút tiền mặt、キャッシュレス: không dùng tiền mặt、キャッシュフロー: dòng tiền mặt
インフレ,いんふれ,lạm phát (dạng viết tắt của インフレーション),shinkanzen,Danh từ,インフレで物価(ぶっか)は上昇(じょうしょう)している。,Vì lạm phát nên giá cả tăng cao.,Đây là từ được viết hoàn toàn bằng katakana nên không có thành phần kanji.,インフレ率(りつ): tỷ lệ lạm phát、インフレターゲット: mục tiêu lạm phát、インフレ傾向(けいこう): xu hướng lạm phát
デモ,でも,biểu tình (dạng viết tắt của デモンストレーション),shinkanzen,Danh từ,増税(ぞうぜい)に抗議(こうぎ)して、国(くに)のあちこちでデモが行(おこな)われた。,"Để phản đối lại sự tăng thuế, nhiều nơi trên đất nước đã tổ chức các cuộc biểu tình.",Đây là từ được viết hoàn toàn bằng katakana nên không có thành phần kanji.,デモ行進(こうしん): cuộc diễu hành biểu tình、デモ隊(たい): đoàn biểu tình、反対(はんたい)デモ: biểu tình phản đối
メーカー,めーかー,"nhà chế tạo, người sản xuất",shinkanzen,Danh từ,メーカーは海外(かいがい)に工場(こうじょう)を持(も)っていることが多(おお)い。,Nhà sản xuất sở hữu nhiều công ty ở nước ngoài.,Đây là từ được viết hoàn toàn bằng katakana nên không có thành phần kanji.,"自動車(じどうしゃ)メーカー: hãng sản xuất ô tô、ムードメーカー: người tạo không khí, người truyền cảm hứng、トラブルメーカー: người gây rắc rối"
システム,しすてむ,hệ thống,shinkanzen,Danh từ,今(いま)、教育(きょういく)システムの見直(みなお)しが進(すす)んでいる。,"Bây giờ, người ta đang cải tiến lại hệ thống giáo dục.",Đây là từ được viết hoàn toàn bằng katakana nên không có thành phần kanji.,教育(きょういく)システム: hệ thống giáo dục、コンピューターシステム: hệ thống máy tính、セキュリティシステム: hệ thống bảo mật
アリバイ,ありばい,chứng cứ ngoại phạm,shinkanzen,danh từ,彼(かれ)は事件(じけん)当日(とうじつ)のアリバイがある。,Anh ta có chứng cứ ngoại phạm về sự kiện ngày hôm đó.,Từ này được viết bằng katakana và không có kanji.,アリバイ証明(ありばいしょうめい): chứng minh ngoại phạm、アリバイ崩(ありばいくず)し: phá vỡ chứng cứ ngoại phạm、完璧(かんぺき)なアリバイ: chứng cứ ngoại phạm hoàn hảo
シリーズ,しりーず,"xe-ri, loạt, hàng loạt",shinkanzen,danh từ,この映画(えいが)は、評判(ひょうばん)が良(よ)かったので、シリーズ化(か)された。,Phim này được đánh giá tốt nên đã sản xuất thành series liên tiếp.,Từ này được viết bằng katakana và không có kanji.,シリーズ作品(しりーずさくひん): tác phẩm thuộc series、シリーズ化(しりーずか): làm thành series、アニメシリーズ(あにめしりーず): series anime
ポイント,ぽいんと,"điểm, trọng điểm, điểm số, điểm tích lũy",shinkanzen,danh từ,あの先生(せんせい)はポイントを押(お)さえた話(はな)し方(かた)をするので、分(わ)かりやすい。,Giáo viên ấy có cách nói nhấn vào trọng điểm nên rất dễ hiểu.,Từ này được viết bằng katakana và không có kanji.,ポイントカード(ぽいんとかーど): thẻ tích điểm、キーポイント(きーぽいんと): điểm chính yếu、ターニングポイント(たーにんぐぽいんと): điểm ngoặt
キー,きー,"chìa khóa, phím (đàn, máy tính), yếu tố then chốt",shinkanzen,danh từ,車(くるま)のキーを中(なか)に入(い)れたままロックしてしまった。,Chìa khóa xe ô tô vẫn còn để trong mà đã khóa mất rồi.,Từ này được viết bằng katakana và không có kanji.,キーホルダー(きーほるだー): móc chìa khóa、キーボード(きーぼーど): bàn phím、マスターキー(ますたーきー): chìa khóa vạn năng
マスター,ますたー,"bậc thầy, giỏi, chủ, thạc sĩ",shinkanzen,"danh từ, động từ",独学(どくがく)で日本語(にほんご)をマスターした。,Bằng sự tự học tôi đã thành thạo tiếng Nhật.,Từ này được viết bằng katakana và không có kanji.,マスターコース(ますたーこーす): khóa học thạc sĩ、マスターキー(ますたーきー): chìa khóa vạn năng、ウェブマスター(うぇぶますたー): quản trị viên web
ビジネス,びじねす,"kinh doanh, hoạt động thương mại",shinkanzen,danh từ,彼(かれ)はビジネスで世界(せかい)中(じゅう)を飛(と)び回(まわ)っている。,Anh ấy làm kinh doanh nên bay đi khắp thế giới.,Từ này được viết bằng katakana và không có kanji.,ビジネスマン(びじねすまん): doanh nhân、ビジネスホテル(びじねすほてる): khách sạn dành cho doanh nhân、ビジネスチャンス(びじねすちゃんす): cơ hội kinh doanh
キャリア,きゃりあ,"sự nghiệp, nghiệp vụ, kinh nghiệm nghề nghiệp, mầm bệnh",shinkanzen,danh từ,この仕事(しごと)はキャリアのある人(ひと)ではないと務(つと)まらない。,Công việc này nếu là người không có kinh nghiệm thì không thể đảm nhận được.,Từ này được viết bằng katakana và không có kanji.,キャリアアップ(きゃりああっぷ): thăng tiến trong sự nghiệp、キャリアウーマン(きゃりあうーまん): phụ nữ có sự nghiệp、キャリア教育(きゃりあきょういく): giáo dục hướng nghiệp
ベテラン,べてらん,"kỳ cựu, chuyên nghiệp, có kinh nghiệm",shinkanzen,danh từ,田中(たなか)さんは教師(きょうし)歴(れき)は20年(ねん)のベテランだ。,Anh Tanaka là giáo viên kỳ cựu đã có 20 năm kinh nghiệm.,Từ này được viết bằng katakana và không có kanji.,ベテラン社員(べてらんしゃいん): nhân viên kỳ cựu、ベテラン記者(べてらんきしゃ): phóng viên có kinh nghiệm、ベテラン俳優(べてらんはいゆう): diễn viên kỳ cựu
フリー,ふりー,"tự do, độc lập, miễn phí",shinkanzen,"tính từ, danh từ",彼(かれ)はフリー（ランス）のカメラマンをしている。,Anh ấy làm nhiếp ảnh gia tự do.,Từ này được viết bằng katakana và không có kanji.,フリーライター(ふりーらいたー): nhà văn tự do、フリーマーケット(ふりーまーけっと): chợ trời、フリーダイヤル(ふりーだいやる): số điện thoại miễn phí
エコノミー,えこのみー,"nền kinh tế, hạng thường, giá rẻ",shinkanzen,danh từ,飛行機(ひこうき)ではいつもエコノミークラスに乗(の)っている。,Lúc nào tôi cũng đi máy bay hạng phổ thông (hạng thường).,Từ này được viết bằng katakana và không có kanji.,エコノミークラス(えこのみーくらす): hạng phổ thông、エコノミーモード(えこのみーもーど): chế độ tiết kiệm、エコノミーカレッジ(えこのみーかれっじ): trường cao đẳng kinh tế
インテリア,いんてりあ,"nội thất, trang trí nội thất",shinkanzen,danh từ,友達（ともだち）の部屋（へや）はインテリアの趣味（しゅみ）がいい。,Bạn tôi có sở thích trang trí nội thất rất tốt.,"Từ này được viết bằng katakana vì là từ vay mượn từ tiếng nước ngoài, không có kanji.",インテリアショップ: cửa hàng nội thất、インテリアデザイン: thiết kế nội thất、インテリアデザイナー: nhà thiết kế nội thất
コーナー,こーなー,"góc, cạnh; khu vực riêng biệt trong cửa hàng hoặc chương trình",shinkanzen,danh từ,冬（ふゆ）になるとデパートにはお歳暮（せいぼ）のコーナーが設（もう）けられる。,"Khi mùa đông đến, ở cửa hàng bách hóa sẽ thiết lập khu vực bán quà tặng cuối năm.","""Từ này được viết bằng katakana vì là từ vay mượn từ tiếng Anh """"corner"""", không có kanji.""",特設コーナー（とくせつこーなー）: khu vực đặc biệt、質問コーナー（しつもんこーなー）: phần hỏi đáp、食品コーナー（しょくひんこーなー）: khu vực thực phẩm
カウンター,かうんたー,"quầy, quầy tiếp tân, quầy bar",shinkanzen,danh từ,デパートには入（い）り口（ぐち）に案内（あんない）のカウンターがある。,Tại lối vào của cửa hàng bách hóa có quầy thông tin.,"""Từ này được viết bằng katakana vì là từ vay mượn từ tiếng Anh """"counter"""", không có kanji.""",インフォメーションカウンター: quầy thông tin、受付カウンター（うけつけかうんたー）: quầy tiếp tân、バーカウンター: quầy bar
スペース,すぺーす,"không gian, khoảng trống, khoảng cách",shinkanzen,danh từ,部屋（へや）に大型（おおがた）テレビを置（お）きたいが、スペースがない。,Tôi muốn đặt tivi cỡ lớn trong phòng nhưng không có không gian.,"""Từ này được viết bằng katakana vì là từ vay mượn từ tiếng Anh """"space"""", không có kanji.""",オープンスペース: không gian mở、駐車スペース（ちゅうしゃすぺーす）: chỗ đậu xe、作業スペース（さぎょうすぺーす）: không gian làm việc
オープン,おーぷん,"mở, mở cửa, khai trương; cởi mở, thoải mái",shinkanzen,"động từ, tính từ",駅前（えきまえ）に新（あたら）しいデパートがオープンした。,Một cửa hàng bách hóa mới đã khai trương trước nhà ga.,"""Từ này được viết bằng katakana vì là từ vay mượn từ tiếng Anh """"open"""", không có kanji.""",オープンセール: khuyến mãi khai trương、新装オープン（しんそうおーぷん）: khai trương với diện mạo mới、オープンスペース: không gian mở、オープンカー: xe hơi mui trần
センター,せんたー,"trung tâm, ở giữa",shinkanzen,danh từ,駅前（えきまえ）のショッピングセンターで買（か）い物（もの）をする。,Tôi mua sắm tại trung tâm mua sắm trước nhà ga.,"""Từ này được viết bằng katakana vì là từ vay mượn từ tiếng Anh """"center"""", không có kanji.""",サービスセンター: trung tâm dịch vụ、カルチャーセンター: trung tâm văn hóa、文化センター（ぶんかせんたー）: trung tâm văn hóa、消費者センター（しょうひしゃせんたー）: trung tâm người tiêu dùng
カルチャー,かるちゃー,văn hóa,shinkanzen,danh từ,外国（がいこく）の生活（せいかつ）でカルチャーショックを受（う）けることがある。,Có nhiều trường hợp bị sốc văn hóa do cuộc sống ở nước ngoài.,"""Từ này được viết bằng katakana vì là từ vay mượn từ tiếng Anh """"culture"""", không có kanji.""",カルチャーショック: sốc văn hóa、ポップカルチャー: văn hóa đại chúng、サブカルチャー: văn hóa phụ (phi chính thống)、カルチャースクール: trường dạy văn hóa、カルチャーセンター: trung tâm văn hóa
ブーム,ぶーむ,"sự bùng nổ; thịnh hành, trào lưu",shinkanzen,danh từ,1960年代（ねんだい）にフォークソングがブームになった。,Nhạc dân ca đã trở thành trào lưu vào những năm 1960.,"""Từ này được viết bằng katakana vì là từ vay mượn từ tiếng Anh """"boom"""", không có kanji.""",社会的ブーム（しゃかいてきぶーむ）: trào lưu xã hội、ダイエットブーム: trào lưu giảm cân、健康ブーム（けんこうぶーむ）: trào lưu sức khỏe
インフォメーション,いんふぉめーしょん,thông tin,shinkanzen,danh từ,駅（えき）には観光客用（かんこうきゃくよう）のインフォメーションデスクがある。,Tại nhà ga có bàn thông tin dành cho khách du lịch.,"""Từ này được viết bằng katakana vì là từ vay mượn từ tiếng Anh """"information"""", không có kanji.""",インフォメーションサービス: dịch vụ thông tin、インフォメーションデスク: quầy thông tin、インフォメーションカウンター: quầy thông tin、インフォメーションセンター: trung tâm thông tin、インフォメーションギャップ: khoảng cách thông tin
キャッチ,きゃっち,"bắt, chộp, bắt lấy",shinkanzen,động từ,ボールをキャッチする。,Bắt bóng.,"""Từ này được viết bằng katakana vì là từ vay mượn từ tiếng Anh """"catch"""", không có kanji.""",キャッチフレーズ: câu khẩu hiệu、キャッチコピー: câu quảng cáo bắt mắt、キャッチセールス: bán hàng bằng cách chặn khách trên đường、キャッチボール: chơi ném bắt bóng
メディア,めでぃあ,phương tiện truyền thông,shinkanzen,danh từ,今（いま）は、さまざまなメディアから情報（じょうほう）を得（え）ることができる。,"Hiện nay, có thể nhận được thông tin từ nhiều phương tiện truyền thông khác nhau.","""Từ này được viết bằng katakana vì là từ vay mượn từ tiếng Anh """"media"""", không có kanji.""",マスメディア: phương tiện truyền thông đại chúng、マルチメディア: đa phương tiện、ソーシャルメディア: mạng xã hội、メディアリテラシー: khả năng đọc hiểu và phân tích truyền thông
コメント,こめんと,"bình luận, nhận xét",shinkanzen,danh từ,評論家（ひょうろんか）はテレビで経済（けいざい）についてコメントしていた。,Các nhà bình luận đã nhận định về nền kinh tế trên tivi.,"""Từ này được viết bằng katakana vì là từ vay mượn từ tiếng Anh """"comment"""", không có kanji.""",ノーコメント: không bình luận、批評コメント（ひひょうこめんと）: bình luận phê bình、専門家コメント（せんもんかこめんと）: nhận xét của chuyên gia
コラム,こらむ,"cột, mục (trong báo, tạp chí)",shinkanzen,danh từ,新聞（しんぶん）や雑誌（ざっし）には多（おお）くのコラムがある。,Trên báo và tạp chí có rất nhiều mục/cột.,"""Từ này được viết bằng katakana vì là từ vay mượn từ tiếng Anh """"column"""", không có kanji.""",コラム記事（こらむきじ）: bài viết mục cố định、政治コラム（せいじこらむ）: mục chính trị、社説コラム（しゃせつこらむ）: mục xã luận
エピソード,えぴそーど,"bài, chương; câu chuyện, giai thoại",shinkanzen,danh từ,日常（にちじょう）生活（せいかつ）のエピソードをエッセイに書（か）く。,Viết những mẩu chuyện về cuộc sống hàng ngày vào bài luận.,"""Từ này được viết bằng katakana vì là từ vay mượn từ tiếng Anh """"episode"""", không có kanji.""",思い出エピソード（おもいでえぴそーど）: câu chuyện kỷ niệm、面白エピソード（おもしろえぴそーど）: câu chuyện thú vị、学生時代のエピソード（がくせいじだいのえぴそーど）: câu chuyện thời sinh viên
照らす,てらす,chiếu sáng; soi sáng; làm rõ,shinkanzen,động từ nhóm 5 (godan-doushi),懐中(かいちゅう)電灯(でんとう)で足跡(あしあと)を照(て)らしながら夜道(よみち)を歩(ある)いた。,Tôi vừa đi bộ trên con đường đêm tối vừa soi đèn pin vào dấu chân.,"""Kanji 照 (chiếu) gồm chữ 昭 (sáng sủa) và bộ 灬 (lửa) ở dưới. Chữ 昭 lại gồm 日 (mặt trời) và 召 (gọi). Như vậy ý nghĩa của chữ này liên quan đến việc mặt trời tỏa sáng, gửi ánh sáng xuống mặt đất, phù hợp với nghĩa """"chiếu sáng"""".""","照明(しょうめい): ánh sáng, hệ thống chiếu sáng、照射(しょうしゃ): chiếu xạ, chiếu tia、照合(しょうごう): đối chiếu, so sánh"
染まる,そまる,"bị nhuộm, bị nhiễm màu; bị ảnh hưởng, chịu tác động",shinkanzen,động từ tự động từ nhóm 5 (jidoushi godan-doushi),染料(せんりょう)で布(ぬの)が染(そ)まる。,Vải được nhuộm bằng chất nhuộm.,"Kanji 染 gồm bộ thủy (氵 - nước) và chữ 木 (cây) bên trong chữ 九 (9). Nghĩa gốc liên quan đến việc dùng nước để làm cho màu sắc thấm vào vải hoặc gỗ. Điều này phản ánh đúng quá trình nhuộm truyền thống, khi người ta ngâm vải trong nước pha thuốc nhuộm.",赤染(あかぞ)め: nhuộm đỏ、色染(いろぞ)め: nhuộm màu、黒染(くろぞ)め: nhuộm đen
染める,そめる,"nhuộm, làm cho nhiễm màu; gây ảnh hưởng",shinkanzen,động từ tha động từ nhóm 2 (tadoushi ichidan-doushi),染料(せんりょう)で布(ぬの)を染(そ)める。,Nhuộm vải bằng thuốc nhuộm.,"Kanji 染 gồm bộ thủy (氵 - nước) và chữ 木 (cây) bên trong chữ 九 (9). Nghĩa gốc liên quan đến việc dùng nước để làm cho màu sắc thấm vào vải hoặc gỗ. Điều này phản ánh quá trình nhuộm màu chủ động, khi người ta chủ ý đưa màu sắc vào vật liệu nào đó.",染め上(あ)げる: hoàn thành việc nhuộm、染め直(なお)す: nhuộm lại、手染(てぞ)め: tự tay nhuộm
ダブる,ダブる,"nhân đôi, trùng lặp, chồng chất",shinkanzen,động từ nhóm 5 (godan-doushi),目(め)が疲(つか)れてパソコンの字(じ)がダブって見(み)える。,Do mỏi mắt nên nhìn chữ trên máy tính thấy trùng lặp (nhìn thành hai).,"""Không có kanji, đây là từ được viết bằng katakana vì có nguồn gốc từ tiếng nước ngoài (tiếng Anh """"double"""").""",ダブりなし: không trùng lặp、ダブりチェック: kiểm tra trùng lặp、ダブりデータ: dữ liệu trùng lặp
憧れる,あこがれる,"mong ước, khao khát, ngưỡng mộ, hâm mộ",shinkanzen,động từ nhóm 2 (ichidan-doushi),プロの選手(せんしゅ)にあこがれる。,Ngưỡng mộ các vận động viên chuyên nghiệp.,"Kanji 憧 gồm bộ tâm (忄- liên quan đến cảm xúc) và phần 童 (đồng - trẻ em). Điều này gợi ý rằng sự mơ ước, khao khát có liên quan đến trái tim ngây thơ, thuần khiết như trẻ em. Trẻ em thường có những ước mơ trong sáng, và từ này thể hiện cảm xúc ngưỡng mộ, khát khao thuần khiết tương tự.","憧れの人(あこがれのひと): thần tượng, người được ngưỡng mộ、青春(せいしゅん)の憧(あこが)れ: khát khao tuổi trẻ、憧(あこが)れの的(まと): đối tượng được mơ ước"
羨む,うらやむ,"đố kỵ, ghen tị, thèm muốn",shinkanzen,động từ nhóm 5 (godan-doushi),人(ひと)の幸(しあわ)せをうらやんでも仕方(しかた)がない。,Dù có ghen tị với hạnh phúc của người khác cũng chẳng ích gì.,"""Kanji 羨 gồm bộ dương (羊 - con cừu, thường liên quan đến sự may mắn, tài sản) và phần 次 (thứ, kế tiếp). Trong thời xưa, người có nhiều cừu được xem là người giàu có, và người khác thường """"thèm muốn"""" hay """"ghen tị"""" với số tài sản đó. Điều này phản ánh ý nghĩa của từ """"ghen tị, thèm muốn"""".""","羨望(せんぼう): sự ngưỡng mộ, sự ghen tị、羨ましがる(うらやましがる): tỏ ra ghen tị、羨ましさ(うらやましさ): sự ghen tị"
諦める,あきらめる,"từ bỏ, buông xuôi, đầu hàng",shinkanzen,động từ nhóm 2 (ichidan-doushi),大(おお)けがをして、プロのサッカーの選手(せんしゅ)になる夢(ゆめ)をあきらめた。,Bị thương nặng nên đã từ bỏ giấc mơ trở thành cầu thủ bóng đá chuyên nghiệp.,"""Kanji 諦 gồm bộ """"ngôn"""" (言 - lời nói) và phần """"帝"""" (đế - hoàng đế). Chữ """"đế"""" gợi ý sự chấp nhận quy luật, trật tự từ trên xuống. Kết hợp lại, kanji này thể hiện việc """"tuyên bố chấp nhận"""" một thực tế nào đó, phù hợp với ý nghĩa """"từ bỏ"""" hoặc """"buông xuôi"""" của từ.""",諦め感(あきらめかん): cảm giác từ bỏ、諦め顔(あきらめがお): gương mặt bỏ cuộc、諦めきれない(あきらめきれない): không thể từ bỏ hoàn toàn
呆れる,あきれる,"sốc, ngạc nhiên, kinh ngạc (theo hướng tiêu cực)",shinkanzen,động từ nhóm 2 (ichidan-doushi),新(しん)入(にゅう)社員(しゃいん)があまりに物(もの)を知(し)らないので、あきれてしまった。,Tôi đã sốc vì nhân viên mới không biết quá nhiều thứ.,"""Kanji 呆 gồm bộ """"khẩu"""" (口 - miệng) và chữ """"đại"""" (大 - lớn) ở bên. Hình ảnh này gợi ý một người đang há hốc miệng, sửng sốt trước điều gì đó, phản ánh ý nghĩa """"kinh ngạc, sốc"""" của từ. Miệng mở to (大) vì quá bất ngờ và không thể phản ứng.""",呆れ果(あきれはて)る: hoàn toàn kinh ngạc、呆れ返(あきれかえ)る: vô cùng kinh ngạc、呆れた態度(あきれたたいど): thái độ gây sốc
恐れる,おそれる,"sợ, lo sợ, e ngại; đáng sợ, khủng khiếp",shinkanzen,động từ nhóm 2 (ichidan-doushi),動物(どうぶつ)は火(ひ)を恐(おそ)れる。,Động vật sợ lửa.,"""Kanji 恐 gồm bộ """"tâm"""" (心 - trái tim, cảm xúc) và phần trên gồm các thành phần khác. Phần trên có chữ """"khẩu"""" (口) ở giữa, gợi ý tiếng kêu, và các đường nét khác có thể gợi ý về sự rung động. Toàn bộ kanji thể hiện trạng thái tim đập mạnh, miệng kêu la khi sợ hãi, phản ánh đúng ý nghĩa """"sợ hãi, lo sợ"""" của từ.""","恐れ多(おそれおお)い: rất đáng sợ, quá sức (kính ngữ)、恐れ入(おそれい)る: xin lỗi, rất lấy làm tiếc (kính ngữ)、恐れ知(おそれし)らず: liều lĩnh, không biết sợ"
恨む,うらむ,"hận, căm ghét, oán hận, căm thù",shinkanzen,động từ nhóm 5 (godan-doushi),私(わたし)は今(いま)でも、私(わたし)をいじめた同級(どうきゅう)生を恨(うら)んでいる。,"Cho đến bây giờ, tôi vẫn căm ghét người bạn cùng lớp đã bắt nạt tôi.","""Kanji 恨 gồm bộ """"tâm"""" (忄- liên quan đến cảm xúc) và phần 艮 (ngăn - dừng lại, cản trở). Sự kết hợp này gợi ý một cảm xúc tiêu cực trong tim không thể vượt qua được, bị chặn lại và tích tụ, phản ánh ý nghĩa """"oán hận, căm ghét"""" của từ. Cảm xúc này khó có thể giải tỏa, giống như bị """"ngăn"""" lại trong tim.""",恨み言(うらみごと): lời oán trách、根に持(ねにも)って恨(うら)む: ôm hận trong lòng、恨み骨髄(うらみこつずい): hận thấu xương
慰める,なぐさめる,"an ủi, động viên, làm dịu",shinkanzen,động từ nhóm 2 (ichidan-doushi),失恋(しつれん)した友達(ともだち)をみんなで慰(なぐさ)めた。,Mọi người đã an ủi người bạn bị thất tình.,"""Kanji 慰 gồm bộ """"tâm"""" (心 - trái tim, cảm xúc) ở dưới cùng và các thành phần khác ở trên. Phần trên có chữ """"trúc"""" (竹) và """"vi"""" (為). """"Trúc"""" tượng trưng cho sự mềm mại nhưng bền bỉ, còn """"vi"""" có nghĩa là """"làm cho"""". Kết hợp lại, kanji này thể hiện việc dùng sự mềm mại, kiên nhẫn để làm cho trái tim người khác dịu đi, phản ánh ý nghĩa """"an ủi, làm dịu"""" của từ.""","自分(じぶん)を慰(なぐさ)める: tự an ủi mình、慰め物(なぐさめもの): vật để an ủi, thú vui、心(こころ)の慰(なぐさ)め: niềm an ủi trong lòng"
透き通る,すきとおる,"trong suốt, trong vắt, thấu thông",shinkanzen,自動詞（じどうし）- Động từ tự,川(かわ)の水(みず)が透き通(すきとお)っている。,Dòng nước của con sông trong suốt.,"透 (thấu) có nghĩa là xuyên qua, thấu qua; 通 (thông) có nghĩa là đi qua, thông suốt. Kết hợp lại thành từ mô tả vật thể mà ánh sáng, tầm nhìn có thể xuyên qua hoàn toàn.",透き通った声(すきとおったこえ): giọng nói trong trẻo、透き通ったガラス(すきとおったガラス): kính trong suốt、透き通った空気(すきとおったくうき): không khí trong lành
静まる・鎮まる,しずまる,"yên lặng, yên tĩnh, lắng xuống",shinkanzen,自動詞（じどうし）- Động từ tự,先生(せんせい)が入(はい)ってくると、教室(きょうしつ)がしいんと静(しず)まった。,"Khi cô giáo vào, cả lớp im như tờ.","静/鎮 (tĩnh/trấn) có nghĩa là yên lặng, bình tĩnh, trấn áp. Động từ này diễn tả quá trình một thứ gì đó từ trạng thái ồn ào, náo động chuyển sang trạng thái yên lặng một cách tự nhiên.",静まり返る(しずまりかえる): im phăng phắc、寝静まる(ねしずまる): yên tĩnh sau khi mọi người đã đi ngủ、騒ぎが静まる(さわぎがしずまる): sự ồn ào lắng xuống
静める・鎮める,しずめる,"yên lặng, làm giảm bớt, trấn áp",shinkanzen,他動詞（たどうし）- Động từ tha,司会者(しかいしゃ)は騒(さわ)がしい場内(じょうない)を一言(ひとこと)で静(しず)めた。,Người dẫn chương trình nói vài câu để làm yên lặng hội trường ồn ào.,"静/鎮 (tĩnh/trấn) có nghĩa là yên lặng, bình tĩnh. Khác với 静まる là tự động từ, 静める là tha động từ, diễn tả hành động chủ động làm cho cái gì đó trở nên yên lặng.",怒りを静める(いかりをしずめる): làm dịu cơn giận、興奮を静める(こうふんをしずめる): làm dịu sự phấn khích、暴動を静める(ぼうどうをしずめる): trấn áp bạo động
優れる,すぐれる,"giỏi, ưu tú, tốt, vượt trội",shinkanzen,自動詞（じどうし）- Động từ tự,彼(かれ)は運動(うんどう)能力(のうりょく)｛が/に｝優(すぐ)れている。,Anh ấy giỏi về năng lực vận động.,"優 (ưu) có nghĩa là tốt, ưu việt, vượt trội. Từ này chỉ sự vượt trội, xuất sắc hơn so với tiêu chuẩn hoặc so với những thứ khác. Nó liên quan đến từ 優勝 (vô địch, chiến thắng).",優れた作品(すぐれたさくひん): tác phẩm xuất sắc、優れた技術(すぐれたぎじゅつ): kỹ thuật tuyệt vời、優れた判断力(すぐれたはんだんりょく): khả năng phán đoán tốt
落ち着く,おちつく,"bình tĩnh, thanh thản, lắng xuống, trầm lắng, định cư",shinkanzen,自動詞（じどうし）- Động từ tự,「慌(あわ)てないで、落(お)ち着(つ)いて話(はな)してください」,"Đừng vội vàng, hãy bình tĩnh mà nói.","""落 (lạc) nghĩa là rơi xuống; 着 (trước) nghĩa là đến, tiếp xúc. Kết hợp lại tạo thành từ mô tả trạng thái đã """"rơi xuống"""" và """"đạt đến"""" vị trí ổn định - ám chỉ sự bình tĩnh, ổn định.""",落ち着きのない子供(おちつきのないこども): đứa trẻ không ngồi yên、落ち着いた色(おちついたいろ): màu sắc trầm、落ち着いた声(おちついたこえ): giọng nói điềm tĩnh
長引く,ながびく,"kéo dài, kéo dài hơn dự kiến",shinkanzen,自動詞（じどうし）- Động từ tự,仕事(しごと)が長引(ながび)いて約束(やくそく)に遅(おく)れてしまった。,Công việc kéo dài làm trễ giờ hẹn.,長 (trường) có nghĩa là dài; 引 (dẫn) có nghĩa là kéo. Kết hợp lại mô tả quá trình một thứ gì đó bị kéo dài hơn so với dự kiến ban đầu.,長引く会議(ながびくかいぎ): cuộc họp kéo dài、長引く不況(ながびくふきょう): suy thoái kinh tế kéo dài、長引く交渉(ながびくこうしょう): cuộc đàm phán kéo dài
衰える,おとろえる,"suy yếu, yếu đi, suy giảm",shinkanzen,自動詞（じどうし）- Động từ tự,年(とし)を取(と)ると、体力(たいりょく)が衰(おとろ)える。,Khi có tuổi thì sẽ giảm thể lực.,"衰 (suy) mang ý nghĩa suy giảm, yếu đi. Từ này diễn tả quá trình một thứ gì đó từ mạnh mẽ, thịnh vượng dần trở nên yếu ớt, kém đi theo thời gian.",記憶力が衰える(きおくりょくがおとろえる): trí nhớ suy giảm、勢いが衰える(いきおいがおとろえる): khí thế suy giảm、国力が衰える(こくりょくがおとろえる): sức mạnh quốc gia suy yếu
備わる,そなわる,"lắp đặt, chuẩn bị, sẵn có, được trang bị",shinkanzen,自動詞（じどうし）- Động từ tự,新幹線(しんかんせん)にはさまざまな安全(あんぜん)装置(そうち)が備(そな)わっている。,Trong tàu shinkansen được trang bị nhiều thiết bị an toàn.,"備 (bị) có nghĩa là chuẩn bị, trang bị. Từ này diễn tả trạng thái đã được trang bị hoặc vốn có sẵn tính chất, đặc điểm nào đó.",才能が備わる(さいのうがそなわる): có tài năng、知識が備わる(ちしきがそなわる): có kiến thức、機能が備わる(きのうがそなわる): có chức năng
備える,そなえる,"lắp đặt, chuẩn bị, trang bị",shinkanzen,他動詞（たどうし）- Động từ tha,学校(がっこう)では火災(かさい)報知器(ほうちき)が備(そな)えてある。,Ở trường học được trang bị sẵn những thiết bị báo cháy.,"備 (bị) có nghĩa là chuẩn bị, trang bị. Khác với 備わる là tự động từ, 備える là tha động từ, diễn tả hành động chủ động trang bị hoặc chuẩn bị cái gì đó.",備え付ける(そなえつける): lắp đặt cố định、兼ね備える(かねそなえる): vừa có..vừa có..、地震に備える(じしんにそなえる): chuẩn bị cho động đất
蓄える,たくわえる,"bảo quản, bảo vệ, tích lũy, dự trữ",shinkanzen,他動詞（たどうし）- Động từ tha,お金(かね)を蓄(たくわ)える。,Tích trữ tiền.,"蓄 (súc) có nghĩa là tích trữ, dự trữ. Từ này diễn tả hành động cất giữ, dự trữ để sử dụng trong tương lai, áp dụng cho cả vật chất lẫn phi vật chất.",知識を蓄える(ちしきをたくわえる): tích lũy kiến thức、食料を蓄える(しょくりょうをたくわえる): tích trữ lương thực、体力を蓄える(たいりょくをたくわえる): tích lũy thể lực
整う・調う,ととのう,"đã được chuẩn bị, sẵn sàng, được sắp xếp ngăn nắp",shinkanzen,自動詞（じどうし）- Động từ tự,準備(じゅんび)が整(ととの)った。,Chuẩn bị sẵn sàng.,"整/調 (chỉnh/điều) đều mang ý nghĩa sắp xếp, chỉnh đốn. Từ này diễn tả trạng thái mọi thứ đã được sắp xếp gọn gàng, đâu vào đó, sẵn sàng để sử dụng.",環境が整う(かんきょうがととのう): môi trường được chuẩn bị đầy đủ、条件が整う(じょうけんがととのう): điều kiện đã sẵn sàng、文章が整う(ぶんしょうがととのう): văn bản được sắp xếp gọn gàng
整える・調える,ととのえる,"chuẩn bị, sắp xếp, làm cho gọn gàng",shinkanzen,他動詞（たどうし）- Động từ tha,面接(めんせつ)の前(まえ)に服装(ふくそう)や髪(かみ)を整(ととの)える。,Trước khi đi phỏng vấn chuẩn bị sẵn trang phục và tóc tai.,"整/調 (chỉnh/điều) đều mang ý nghĩa sắp xếp, chỉnh đốn. Khác với 整う là tự động từ, 整える là tha động từ, diễn tả hành động chủ động sắp xếp, chuẩn bị, điều chỉnh.",環境を整える(かんきょうをととのえる): chuẩn bị môi trường、身だしなみを整える(みだしなみをととのえる): chỉnh trang ngoại hình、計画を整える(けいかくをととのえる): lập kế hoạch
覆う,おおう,"phủ lên, che phủ, che",shinkanzen,他動詞（たどうし）- Động từ tha,テーブルをテーブルクロスで覆(おお)った。,Trải khăn bàn lên bàn.,"覆 (phúc) có nghĩa là che phủ, bao trùm. Từ này diễn tả hành động phủ lên, che kín một vật nào đó, khiến cho vật đó không còn nhìn thấy được.",雲に覆われる(くもにおおわれる): bị mây che phủ、雪に覆われる(ゆきにおおわれる): bị tuyết phủ kín、布で覆う(ぬのでおおう): phủ bằng vải
照る,てる,chiếu sáng,shinkanzen,自動詞（じどうし）- Động từ tự,日(ひ)が照(て)っているうちに洗濯物(せんたくもの)を干(ほ)そう。,Phơi đồ trong khi nắng còn chiếu.,"照 (chiếu) mang ý nghĩa chiếu sáng, tỏa sáng. Từ này diễn tả hiện tượng tự nhiên khi mặt trời, mặt trăng hoặc nguồn sáng khác tỏa ánh sáng xuống.",照り付ける(てりつける): chiếu gay gắt、かんかん照り(かんかんてり): nắng chói chang、月が照る(つきがてる): trăng chiếu sáng
膨らむ,ふくらむ,"phồng lên, nở ra, bành trướng, mở rộng",shinkanzen,động từ tự động từ nhóm 1,桜(さくら)のつぼみが膨(ふく)らんだ。,Nụ hoa anh đào đã nở.,"""""""膨"""" gồm bộ thịt """"月"""" và chữ """"彭"""" (âm phồng) - biểu thị việc phình ra, nở to. Từ này thường dùng để chỉ sự phồng lên về thể tích hoặc kích thước.""",膨らみ(ふくらみ): sự phồng lên、膨張(ぼうちょう): sự bành trướng/nở rộng、膨大(ぼうだい): khổng lồ/rất lớn
膨らます,ふくらます,"làm phồng lên, thổi phồng, làm nở ra",shinkanzen,động từ tha động từ nhóm 1 (nhân quả của 膨らむ),娘(むすめ)は怒(おこ)ると頬(ほお)を膨(ふく)らます。,Em gái tôi khi tức giận sẽ phồng má lên.,"""""""膨"""" gồm bộ thịt """"月"""" và chữ """"彭"""" (âm phồng) - biểu thị việc phình ra. Đây là dạng nhân quả (causative) của 膨らむ, biểu thị hành động chủ động làm cho một vật phồng lên.""",膨らみ(ふくらみ): sự phồng lên、膨張させる(ぼうちょうさせる): làm bành trướng、夢を膨らます(ゆめをふくらます): nuôi dưỡng ước mơ
尖る,とがる,"nhọn, sắc, mũi nhọn",shinkanzen,động từ tự động từ nhóm 1,この靴(くつ)は先(さき)がとがっている。,Đôi giày này có đầu nhọn.,"""Chữ """"尖"""" gồm """"小"""" (nhỏ) ở trên và """"大"""" (to) ở dưới, tạo thành hình ảnh trực quan về một vật thể có phần đỉnh nhỏ dần, nhọn hoắt - đúng với ý nghĩa của từ """"nhọn"""". Cách viết kanji này rất dễ liên tưởng đến hình dạng vật nhọn.""",尖った(とがった): nhọn hoắt、先が尖る(さきがとがる): đầu nhọn、尖り声(とがりごえ): giọng the thé
当てはまる,あてはまる,"áp dụng, ứng dụng, phù hợp với, tương ứng với",shinkanzen,động từ tự động từ nhóm 1,昔話(むかしばなし)の教訓(きょうくん)は、現代(げんだい)にも当(あ)てはまる物(もの)が多(おお)い。,Những câu chuyện giáo huấn ngày xưa vẫn có thể áp dụng cho bây giờ rất nhiều.,"""""""当"""" có nghĩa là """"trúng/đáng/đương nhiên"""" - biểu thị sự phù hợp. Kết hợp với động từ """"はまる"""" (vừa khớp/lọt vào), tạo thành ý nghĩa """"phù hợp với/áp dụng được cho"""" - giống như một vật vừa khớp với một chỗ trống.""",当てはまらない(あてはまらない): không áp dụng được、該当する(がいとうする): thuộc về/áp dụng cho、適用する(てきようする): áp dụng
就く,つく,"kiếm việc, nhậm chức, đảm nhận vị trí",shinkanzen,động từ tự động từ nhóm 1,大学(だいがく)を卒業(そつぎょう)して教職(きょうしょく)に就(つ)いた。,"Sau khi tốt nghiệp đại học, tôi đã làm việc trong ngành giáo dục.","""Chữ """"就"""" gồm bộ """"亻"""" (người) và phần """"尤"""" (đặc biệt/xuất sắc). Điều này ám chỉ một người đảm nhận vị trí đặc biệt, phản ánh ý nghĩa của việc đảm nhận chức vụ hay vị trí quan trọng.""",就職(しゅうしょく): việc làm/sự nghiệp、就任(しゅうにん): nhậm chức、就寝(しゅうしん): đi ngủ
受け持つ,うけもつ,"đảm nhận, phụ trách, đảm đương (trách nhiệm)",shinkanzen,động từ tha động từ nhóm 1,サークルで、今年(ことし)は会計(かいけい)を受(う)け持(も)つことになった。,Năm nay tôi đảm nhận kế toán cho câu lạc bộ.,"""""""受"""" có nghĩa là """"nhận"""" - biểu thị việc đón nhận điều gì. """"持"""" có nghĩa là """"giữ/cầm"""" - biểu thị việc nắm giữ. Hai kanji này kết hợp tạo thành ý nghĩa """"nhận lấy và giữ"""" trách nhiệm hay nhiệm vụ.""",受け持ち(うけもち): phần được giao、担当者(たんとうしゃ): người phụ trách、責任者(せきにんしゃ): người chịu trách nhiệm
従う,したがう,"theo đó, theo, tuân theo",shinkanzen,động từ tự động từ nhóm 1,「非常(ひじょう)の際(さい)は係員(かかりいん)の指示(しじ)に従(したが)って避難(ひなん)してください」,Vào những lúc khẩn cấp hãy nghe theo chỉ thị của nhân viên để lánh nạn.,"""Chữ """"従"""" có bộ """"彳"""" (biểu thị động tác đi) kết hợp với phần chính giữa là """"夂"""" (đi theo sau) - phản ánh ý nghĩa của từ là """"đi theo/tuân theo"""". Cách viết kanji này gợi lên hình ảnh một người đang đi theo sau người khác.""",従業員(じゅうぎょういん): nhân viên、従事する(じゅうじする): tham gia/làm việc、服従(ふくじゅう): sự tuân phục
呟く,つぶやく,"thì thầm, lẩm bẩm, thì thào",shinkanzen,động từ tự động từ nhóm 1,彼女(かのじょ)は下(した)を向(む)いて、何(なに)かぶつぶつつぶやいてた。,Cô ấy cúi đầu xuống và lẩm bẩm điều gì đó.,"""""""呟"""" gồm bộ """"口"""" (miệng) và phần """"云"""" (nói/mây) - ám chỉ lời nói nhẹ như mây, khó nghe rõ. Cách viết kanji này gợi hình ảnh những lời nói khẽ phát ra từ miệng, mơ hồ như mây.""",つぶやき(独り言): lời thì thầm/lẩm bẩm、独り言(ひとりごと): nói một mình、ささやき声(ささやきごえ): giọng thì thầm
述べる,のべる,"bày tỏ, nêu lên, trình bày",shinkanzen,động từ tha động từ nhóm 2,自分(じぶん)の意見(いけん)を述(の)べる。,Phát biểu ý kiến của bản thân.,"""""""述"""" gồm bộ """"辶"""" (đi) và phần """"术"""" (kỹ thuật/phương pháp) - ám chỉ việc đưa ra ý kiến theo một phương pháp có tổ chức. Ý nghĩa của kanji này liên quan đến việc diễn đạt, trình bày một cách hệ thống.""",述懐(じゅっかい): sự bày tỏ cảm xúc、陳述(ちんじゅつ): lời trình bày/khai báo、記述(きじゅつ): sự mô tả/viết ra
目覚める,めざめる,"thức giấc, tỉnh giấc, thức tỉnh",shinkanzen,động từ tự động từ nhóm 2,早朝(そうちょう)、鳥(とり)の声(こえ)で目覚(めざ)めた。,Sáng sớm tôi bị thức giấc bởi tiếng chim.,"""""""目"""" là """"mắt"""" - biểu thị việc mở mắt khi thức giấc. """"覚"""" có nghĩa là """"nhớ/tỉnh"""" - biểu thị trạng thái tỉnh táo. Hai kanji này kết hợp tạo thành ý nghĩa """"mắt tỉnh táo"""" - phản ánh trạng thái thức giấc, tỉnh táo sau giấc ngủ.""",目覚まし時計(めざましどけい): đồng hồ báo thức、早目覚め(はやめざめ): thức dậy sớm、目覚め(めざめ): sự thức giấc
限る,かぎる,"giới hạn, hạn chế, chỉ",shinkanzen,động từ tha động từ nhóm 1,日本(にほん)では漫画(まんが)を読(よ)むのは子供(こども)に限(かぎ)らない。,Ở Nhật Bản không chỉ có trẻ em đọc truyện tranh manga.,"""""""限"""" gồm bộ """"阝"""" (đồi/khu vực) và phần """"艮"""" (giới hạn/cản trở) - biểu thị ý nghĩa giới hạn trong một phạm vi. Kanji này thể hiện sự hạn chế, ngăn cản không cho vượt quá một giới hạn nhất định.""",限り(かぎり): giới hạn/phạm vi、限定(げんてい): sự giới hạn/hạn chế、制限(せいげん): sự hạn chế/khống chế
片寄る・偏る,かたよる,"dồn về một phía, thiên lệch, mất cân bằng",shinkanzen,động từ tự động từ nhóm 1,ボートで客(きゃく)が一方(いっぽう)に片寄(かたよ)ったため、船体(せんたい)が傾(かたむ)いてしまった。,Vì hành khách dồn về một phía nên thuyền bị nghiêng.,"""""""片"""" có nghĩa là """"một phần/một bên"""" và """"寄"""" có nghĩa là """"dồn vào/gần"""". Kết hợp lại biểu thị việc dồn về một phía. """"偏"""" gồm bộ """"亻"""" (người) và phần """"扁"""" (nghiêng/lệch), thể hiện ý nghĩa thiên lệch, thiên vị.""",偏り(かたより): sự thiên lệch/thiên vị、偏見(へんけん): thành kiến、偏食(へんしょく): ăn uống thiếu cân bằng
薄まる,うすまる,"bị nhạt đi, phai nhòa, loãng đi",shinkanzen,động từ tự động từ nhóm 1,凍(こお)りがとけてジュースが薄(うす)まった。,Đá tan ra làm nhạt nước trái cây.,"""""""薄"""" gồm bộ """"艹"""" (cỏ) ở trên, phần """"氵"""" (nước) ở bên trái và phần """"溥"""" (mỏng/rộng) - biểu thị ý nghĩa mỏng, nhạt. Kanji này thể hiện trạng thái vật chất loãng, không đặc, hoặc những gì nhạt nhòa, không rõ nét.""",薄め(うすめ): loãng/nhạt、希薄(きはく): loãng/thiếu đặc tính、濃度(のうど): nồng độ
薄める,うすめる,"pha loãng, làm nhạt đi",shinkanzen,động từ tha động từ nhóm 2,水(みず)を足(た)して味(あじ)を薄(うす)めた。,Tôi đã thêm nước vào để làm nhạt vị.,"""""""薄"""" gồm bộ """"艹"""" (cỏ) ở trên, phần """"氵"""" (nước) ở bên trái và phần """"溥"""" (mỏng/rộng) - biểu thị ý nghĩa mỏng, nhạt. Đây là dạng nhân quả của """"薄まる"""", thể hiện hành động chủ động làm cho một thứ trở nên mỏng, nhạt đi.""",薄め液(うすめえき): dung dịch pha loãng、希釈(きしゃく): sự pha loãng、薄化粧(うすげしょう): trang điểm nhẹ
薄れる,うすれる,"mất dần đi, mỏng dần, nhạt đi",shinkanzen,động từ tự động từ nhóm 2,霧(きり)が薄(うす)れ、見通(みとお)しが良(よ)くなった。,"Sương mờ dần, tầm nhìn trở nên rõ ràng hơn.","""""""薄"""" gồm bộ """"艹"""" (cỏ) ở trên và phần chứa """"氵"""" (nước) - biểu thị ý nghĩa mỏng, nhạt. Kanji này thể hiện trạng thái dần dần mất đi đặc tính ban đầu, như màu sắc hay ký ức phai mờ theo thời gian.""",薄れゆく(うすれゆく): dần dần phai nhạt、色褪せる(いろあせる): phai màu、薄明り(うすあかり): ánh sáng mờ
認める,みとめる,"thừa nhận, công nhận, chứng nhận, nhận ra",shinkanzen,động từ nhóm 2 (る),彼(かれ)は犯行(はんこう)を認(みと)めた。,Anh ấy đã nhận là phạm tội.,"""認 gồm bộ """"言"""" (ngôn) nghĩa là lời nói và """"忍"""" (nhẫn) là chịu đựng, nhẫn nại. Khi kết hợp lại, nó mang ý nghĩa """"chấp nhận hay thừa nhận điều gì đó sau khi đã suy xét"""". Kanji này liên quan đến việc xác nhận sự thật một cách chính thức.""",認可(にんか): sự cho phép、認定(にんてい): công nhận、認識(にんしき): nhận thức
見直す,みなおす,"nhìn lại, cân nhắc lại, xem xét lại, đánh giá lại",shinkanzen,động từ nhóm 1 (五段),テストを出(だ)す前(まえ)に、もう一度(いちど)見直(みなお)しなさい。,Trước khi nộp bài hãy nhìn lại một lần nữa.,"""見 nghĩa là """"nhìn, thấy"""", là hành động quan sát bằng mắt. 直 có nghĩa là """"thẳng, trực tiếp, sửa"""". Khi kết hợp lại, 見直す mang ý nghĩa nhìn lại một cách trực tiếp để sửa chữa, điều chỉnh hoặc đánh giá lại. Sự kết hợp này phản ánh chính xác ý nghĩa của từ.""",見直し(みなおし): sự xem xét lại、再検討(さいけんとう): tái xét、再確認(さいかくにん): xác nhận lại
見慣れる,みなれる,"quen nhìn, quen thuộc, nhẵn mặt",shinkanzen,động từ nhóm 2 (る),見慣(みな)れない人(ひと)が教室(きょうしつ)にいる。,Có người lạ trong lớp.,"""見 là """"nhìn, thấy"""" liên quan đến hành động quan sát bằng mắt. 慣 có nghĩa là """"thói quen, quen với"""" (từ bộ phận 貫 """"xuyên qua"""" và 心 """"tâm"""" - thói quen đã """"xuyên qua"""" tâm trí). Khi kết hợp lại, 見慣れる mang ý nghĩa đã quen với việc nhìn thấy cái gì đó đến mức nó trở thành điều bình thường.""",見慣れた光景(みなれたこうけい): cảnh tượng quen thuộc、見慣れた顔(みなれたかお): khuôn mặt quen thuộc
求める,もとめる,"tìm kiếm, yêu cầu, mong muốn, đòi hỏi",shinkanzen,động từ nhóm 2 (る),彼女(かのじょ)は職(しょく)を求(もと)めている。,Cô ấy đang tìm việc.,"Kanji 求 gồm bộ thủ 水 (nước - được biến đổi) ở trên và 大 (lớn) ở dưới. Truyền thống xưa cho rằng hình ảnh này thể hiện người đang tìm kiếm nguồn nước (điều thiết yếu), do đó mang ý nghĩa tìm kiếm, mong muốn. Trong kanji này còn có yếu tố 心 (tâm) biến thể, thể hiện khao khát từ trong tâm.",求人(きゅうじん): tuyển dụng、需要(じゅよう): nhu cầu、求職(きゅうしょく): tìm việc làm
漏れる,もれる,"bị rò rỉ, lọt qua, rỉ ra",shinkanzen,động từ nhóm 2 (る),台所(だいどころ)でガスが漏(も)れている。,Ga rò rỉ ở nhà bếp.,"漏 gồm bộ 氵(nước) ở bên trái và phần 屡 (nhiều lần) ở bên phải. Sự kết hợp này gợi ý về nước hoặc chất lỏng liên tục thoát ra từ một vật chứa qua một kẽ hở. Ý nghĩa ban đầu của kanji này là chỉ sự rò rỉ của chất lỏng, sau đó mở rộng ra thành sự rò rỉ của âm thanh, ánh sáng và thông tin.",ガス漏れ(ガスもれ): rò rỉ khí gas、情報漏れ(じょうほうもれ): rò rỉ thông tin、水漏れ(みずもれ): rò rỉ nước
漏らす,もらす,"làm lộ, làm rò rỉ, để lọt",shinkanzen,động từ nhóm 1 (五段),一滴(いってき)も漏(も)らさず水(みず)をバケツで運(はこ)んだ。,Vận chuyển bình đựng nước không rò rỉ ra dù chỉ một giọt.,"漏 gồm bộ 氵(nước) ở bên trái và phần 屡 (nhiều lần) ở bên phải. Sự kết hợp này gợi ý về việc làm cho nước hoặc chất lỏng thoát ra. Là dạng tha động của 漏れる, từ 漏らす nhấn mạnh vào tác nhân gây ra sự rò rỉ, còn 漏れる nhấn mạnh vào hiện tượng rò rỉ tự xảy ra.",情報漏らし(じょうほうもらし): làm lộ thông tin、聞き漏らす(ききもらす): bỏ sót khi nghe
なる,なる,"ra (hoa), kết (quả)",shinkanzen,động từ nhóm 1 (五段),庭(にわ)に実(み)がなる木(き)を植(う)えた。,Trong vườn cây đã ra quả.,"""Từ này thường được viết bằng hiragana なる, không có kanji riêng. Tuy nhiên, nó liên quan đến khái niệm 結実 (けつじつ) - sự kết quả, trong đó 実 (み) là """"quả"""" và 結 (むす)ぶ là """"kết, buộc"""". Trong ngữ cảnh cây cối, なる mang ý nghĩa là quá trình tự nhiên khi cây phát triển và tạo ra hoa quả.""",実(み)がなる: kết quả、花(はな)がなる: nở hoa、稔(みの)る: kết trái
焦げる,こげる,"bị cháy, bị khét",shinkanzen,động từ nhóm 2 (る),焼(や)き過(す)ぎて、魚(さかな)が真(ま)っ黒(くろ)にこげてしまった。,Do nướng quá nên cá bị cháy đen thui.,"焦 gồm bộ 火 (lửa) ở bên trái và 隹 (chim) ở bên phải. Theo một cách giải thích, hình ảnh này có thể gợi ý về một con chim bị lửa đốt cháy, dẫn đến tình trạng cháy xém, khét. Kanji này liên quan đến việc bị lửa tác động đến mức gây ra sự cháy khét, nhưng không hoàn toàn cháy rụi.",焦げ跡(こげあと): vết cháy、焼け焦げ(やけこげ): vết cháy xém、おこげ: cơm cháy
反する,はんする,"trái lại, đi ngược lại, vi phạm",shinkanzen,động từ đặc biệt (サ変),両親(りょうしん)の期待(きたい)に反(はん)して、大学(だいがく)に進学(しんがく)しなかった。,"Trái với kì vọng của ba mẹ, tôi đã không đi học đại học.","""反 là một kanji đơn giản có nghĩa là """"đối nghịch, ngược lại"""". Nó được miêu tả như một hình vẽ thể hiện sự """"lật ngược"""" hoặc """"quay lại"""". Trong từ 反する, kanji này giữ nguyên ý nghĩa cơ bản là """"đi ngược lại"""" hoặc """"chống đối"""" với một quy tắc, kỳ vọng hoặc tiêu chuẩn nào đó.""",反則(はんそく): vi phạm luật lệ、矛盾(むじゅん): mâu thuẫn、反対(はんたい): đối lập
膨れる,ふくれる,"phồng, sưng, nổi phồng lên",shinkanzen,động từ nhóm 2 (る),網(あみ)の上(うえ)でもちが膨(ふく)れている。,Ở trên lưới bánh giầy đang phồng lên.,"""膨 gồm bộ 月 (thịt, nội tạng) ở bên trái và phần 彭 (âm """"bàng"""") ở bên phải. Bộ 月 liên quan đến cơ thể, trong khi cả kanji mang ý nghĩa """"phồng lên, nở ra"""". Trong từ 膨れる, kanji này thể hiện trạng thái một vật thể tăng kích thước do không khí, chất lỏng hoặc áp suất từ bên trong.""","膨れ上がる(ふくれあがる): phồng lên, tăng lên đột ngột、膨張(ぼうちょう): sự nở ra, sự bành trướng"
引っ掛かる,ひっかかる,"bị mắc vào, bị vướng vào, bị kéo vào, bị lừa",shinkanzen,động từ tự động từ nhóm 5 (godan),山で服が木に引(ひ)っかかって破(やぶ)れてしまった。,"Trên núi, áo bị mắc vào cây rách te tua.","""引 (kéo) + 掛 (móc, treo) + かる (biểu thị trạng thái bị động) → kết hợp lại tạo thành ý nghĩa """"bị kéo và móc vào"""" → bị mắc vào, bị vướng vào, bị lừa.""",引っ掛かり(ひっかかり): sự vướng mắc、詐欺(さぎ)に引っ掛かる(ひっかかる): bị lừa đảo、疑問(ぎもん)に引っ掛かる(ひっかかる): vướng mắc vào điều đáng ngờ
引っ掛ける,ひっかける,"mắc, móc, lừa đảo, ném vào",shinkanzen,động từ tha động từ nhóm 2 (ichidan),釘(くぎ)に服(ふく)をひっかけて破(やぶ)ってしまった。,Mắc áo vào đinh nên bị rách.,"""引 (kéo) + 掛 (móc, treo) + ける (biểu thị hành động chủ động) → kết hợp lại tạo thành ý nghĩa """"chủ động kéo và móc vào"""" → móc vào, lừa người khác.""",服を引っ掛ける(ふくをひっかける): móc/mắc quần áo、言葉を引っ掛ける(ことばをひっかける): gài bẫy bằng lời nói、罠を引っ掛ける(わなをひっかける): đặt bẫy
ひっくり返る,ひっくりかえる,"bị lật, bị đảo ngược, hỗn loạn",shinkanzen,động từ tự động từ nhóm 5 (godan),ボートが波(なみ)でひっくりかえって上下(じょうげ)さかさまになった。,Thuyền bị sóng đánh cứ dập dềnh lên xuống.,"""ひっくり (không có kanji) + 返 (phản/trở lại) → Phần 返 (かえる) có nghĩa là """"trở lại, quay lại"""" nhưng khi kết hợp với """"ひっくり"""" tạo thành ý nghĩa """"đảo ngược, lật úp"""".""",ひっくり返り(ひっくりかえり): sự lật úp、物事(ものごと)がひっくり返る(ひっくりかえる): mọi việc đảo lộn、世界(せかい)がひっくり返る(ひっくりかえる): thế giới đảo lộn
ひっくり返す,ひっくりかえす,"đảo ngược, lật ngửa, lật úp",shinkanzen,động từ tha động từ nhóm 5 (godan),魚(さかな)をひっくり返(かえ)して焼(や)く。,Lật ngược con cá lại và nướng.,"""ひっくり (không có kanji) + 返 (phản/trở lại) + す (biểu thị hành động chủ động) → Phần 返 (かえす) có nghĩa là """"làm cho trở lại"""" nhưng khi kết hợp với """"ひっくり"""" tạo thành ý nghĩa """"chủ động làm cho đảo ngược, lật úp"""".""",物事(ものごと)をひっくり返す(ひっくりかえす): đảo lộn mọi việc、事実(じじつ)をひっくり返す(ひっくりかえす): bóp méo sự thật、現状(げんじょう)をひっくり返す(ひっくりかえす): đảo ngược hiện trạng
ずれる,ずれる,"trượt, đi chệch, lệch lạc",shinkanzen,động từ tự động từ nhóm 2 (ichidan),地震(じしん)で鉄道(てつどう)のレールがずれた。,Do động đất nên đường ray xe lửa bị lệch.,"""Từ này không có kanji, chỉ viết bằng hiragana """"ずれる"""". Tuy nhiên, có thể liên hệ với khái niệm """"ず"""" (không theo, trượt) và """"れる"""" (xảy ra một cách tự nhiên).""",ずれ: sự lệch lạc、時間(じかん)のずれ: sự chênh lệch thời gian、認識(にんしき)のずれ: sự khác biệt trong nhận thức
ずらす,ずらす,"rời ra, lùi ra, hoãn lại, dịch chuyển",shinkanzen,động từ tha động từ nhóm 5 (godan),机(つくえ)を少(すこ)しずらして床(ゆか)を掃除(そうじ)した。,Dịch bàn ra một chút để lau chùi sàn nhà.,"""Từ này không có kanji, chỉ viết bằng hiragana """"ずらす"""". Tuy nhiên, có thể hiểu là """"ず"""" (không theo, trượt) + """"らす"""" (làm cho xảy ra) → làm cho trượt đi, dịch chuyển.""",時間(じかん)をずらす: dời thời gian、予定(よてい)をずらす: hoãn lịch trình、視点(してん)をずらす: thay đổi quan điểm
崩れる,くずれる,"sụp đổ, đổ nát, tan rã",shinkanzen,động từ tự động từ nhóm 2 (ichidan),大雨(おおあめ)で山(やま)が崩(くず)れた。,Do mưa lớn nên núi bị sạt lở.,"崩 (băng) bao gồm bộ 山 (núi) ở bên trái và phần bên phải gợi ý sự tan vỡ → núi đổ sập → sụp đổ, tan rã. Khi kết hợp với れる (biểu thị trạng thái tự nhiên) tạo thành từ chỉ sự sụp đổ tự nhiên không do tác động chủ động.",崩れ去る(くずれさる): sụp đổ hoàn toàn、地盤(じばん)が崩れる(くずれる): nền đất sụp đổ、均衡(きんこう)が崩れる(くずれる): mất cân bằng
崩す,くずす,"phá, làm sụp đổ, làm tan rã",shinkanzen,động từ tha động từ nhóm 5 (godan),山(やま)を崩(くず)して住宅地(じゅうたくち)が造(つく)られている。,Phá núi để làm khu dân cư.,"崩 (băng) bao gồm bộ 山 (núi) ở bên trái và phần bên phải gợi ý sự tan vỡ → chủ động làm cho núi đổ sập → phá hủy, làm sụp đổ. Khi kết hợp với す (biểu thị hành động chủ động) tạo thành từ chỉ hành động chủ động làm sụp đổ.",体調(たいちょう)を崩す(くずす): làm xấu sức khỏe、均衡(きんこう)を崩す(くずす): phá vỡ sự cân bằng、貯金(ちょきん)を崩す(くずす): sử dụng tiền tiết kiệm
荒れる,あれる,"bão bùng, hỗn loạn, trở nên thô ráp",shinkanzen,động từ tự động từ nhóm 2 (ichidan),台風(たいふう)の接近(せっきん)で山(やま)も海(うみ)も荒(あ)れている。,Do sự tiếp cận của bão nên núi và biển đều động.,"荒 (hoang) gợi ý sự hoang dại, không được chăm sóc, thô ráp → khi kết hợp với れる (biểu thị trạng thái tự nhiên) tạo thành từ chỉ trạng thái trở nên hoang dại, thô ráp, hỗn loạn.",肌荒れ(はだあれ): da thô ráp、荒れ地(あれち): đất hoang、大荒(おおあ)れ: sự hỗn loạn lớn
荒らす,あらす,"tàn phá, gây thiệt hại, phá hoại",shinkanzen,động từ tha động từ nhóm 5 (godan),泥棒(どろぼう)が入(はい)られ、部屋(へや)が荒(あ)らされた。,Trộm vào làm loạn tung cả phòng lên.,"荒 (hoang) gợi ý sự hoang dại, không được chăm sóc, thô ráp → khi kết hợp với す (biểu thị hành động chủ động) tạo thành từ chỉ hành động chủ động làm cho thứ gì đó trở nên hoang tàn, hỗn loạn.",畑を荒らす(はたけをあらす): phá hoại ruộng vườn、掲示板を荒らす(けいじばんをあらす): spam diễn đàn、肌を荒らす(はだをあらす): làm hỏng da
除く,のぞく,"trừ, loại trừ",shinkanzen,động từ nhóm 1,この機械(きかい)は空気中(くうきちゅう)の有害(ゆうがい)物質(ぶっしつ)を取(と)り除(のぞ)く作用(さよう)がある。,Loại máy này có tác dụng loại bỏ các chất độc hại trong không khí.,"""Kanji 除 (trừ) có nghĩa là loại bỏ, trừ khử. Khi kết hợp với động từ """"く"""" (のぞく) tạo thành động từ có nghĩa là """"loại trừ"""", """"trừ ra"""" - hành động tách riêng một thứ gì đó ra khỏi nhóm.""",取り除く(とりのぞく): loại bỏ、排除する(はいじょする): loại trừ、除外する(じょがいする): loại trừ
省く,はぶく,"cắt giảm, loại bỏ; lược bớt",shinkanzen,động từ nhóm 1,「表(ひょう)1はあまり関係(かんけい)ないので資料(しりょう)から省(はぶ)きましょう」,Bảng 1 không liên quan lắm nên hãy lược bớt khỏi tài liệu đi.,"""Kanji 省 (tỉnh) có hai nghĩa chính: một là xem xét, tự vấn; hai là tiết kiệm, cắt giảm. Trong từ """"省く"""" nghĩa thứ hai được sử dụng, chỉ hành động lược bớt, cắt giảm những phần không cần thiết.""","省略する(しょうりゃくする): rút gọn, tóm tắt、手間を省く(てまをはぶく): tiết kiệm công sức、時間を省く(じかんをはぶく): tiết kiệm thời gian"
誤る,あやまる,"mắc lỗi, phạm sai lầm",shinkanzen,động từ nhóm 1,運転(うんてん)を誤(あやま)って、事故(じこ)を起(お)こしてしまった。,Phạm lỗi trong lái xe nên gây ra tai nạn.,"""Kanji 誤 (ngộ) có nghĩa là sai lầm, nhầm lẫn. Bộ """"言"""" (ngôn) chỉ lời nói, lời phát biểu, kết hợp với """"吾"""" (ngã) chỉ bản thân, ám chỉ """"lời nói/hành động của bản thân không đúng"""", từ đó hình thành nghĩa """"mắc lỗi"""".""",誤解する(ごかいする): hiểu lầm、誤用する(ごようする): sử dụng sai、誤算(ごさん): tính toán sai
奪う,うばう,"cướp đoạt, trấn lột, chiếm đoạt",shinkanzen,động từ nhóm 1,コンビニで強盗(ごうとう)が入(はい)り、レジから売上(うりあげ)金(きん)を奪(うば)って逃走(とうそう)した。,Tên cướp vào cửa hàng tiện lợi ăn cắp tiền doanh thu ở quầy tính tiền và tẩu thoát.,"Kanji 奪 (đoạt) có nghĩa là cướp đoạt, lấy đi bằng vũ lực. Cấu trúc của chữ này khá phức tạp với nhiều bộ phận, phản ánh ý nghĩa mạnh mẽ của từ, chỉ hành động lấy đi thứ gì đó của người khác một cách cưỡng ép.",奪い取る(うばいとる): cướp lấy、強奪する(ごうだつする): cướp bóc bằng bạo lực、略奪(りゃくだつ): cướp bóc
しまう,しまう,"cất đi, để lại, giữ lại",shinkanzen,động từ nhóm 1,春(はる)になったので、冬物(ふゆもの)をしまった。,Đến mùa xuân nên cất đồ mùa đông.,"""Từ """"しまう"""" thường được viết bằng hiragana, nhưng đôi khi cũng có thể được viết là """"仕舞う"""". Kanji """"仕"""" có nghĩa là làm, phục vụ; """"舞"""" có nghĩa là nhảy múa. Nghĩa gốc của từ này liên quan đến việc kết thúc một buổi biểu diễn và cất đồ đạc đi.""",しまい込む(しまいこむ): cất kỹ、片付ける(かたづける): dọn dẹp、保管する(ほかんする): cất giữ
怠ける,なまける,"lười biếng, trốn việc",shinkanzen,động từ nhóm 2,仕事(しごと)を怠(なま)ける。,Lười biếng công việc.,"""Kanji 怠 (đãi) có nghĩa là lười biếng, chểnh mảng. Bộ """"忄"""" (tâm) chỉ trạng thái tinh thần, còn """"台"""" (đài) là bệ, đài. Kết hợp lại thể hiện một trạng thái tinh thần không muốn hành động, lười nhác, thiếu tích cực.""","怠け者(なまけもの): người lười biếng、怠け癖(なまけぐせ): thói quen lười biếng、サボる(さぼる): trốn việc, trốn học"
失う,うしなう,"mất, đánh mất",shinkanzen,động từ nhóm 1,地震(じしん)で財産(ざいさん)を失(うしな)った。,Mất hết tài sản vì động đất.,"""Kanji 失 (thất) có nghĩa là mất, không còn. Trong chữ Hán cổ, hình dạng của nó giống như một bàn tay đang rơi vật gì đó. Khi kết hợp với """"う"""" (động từ hóa) tạo thành động từ chỉ hành động """"mất đi"""" một thứ gì đó - có thể là vật chất hoặc tinh thần.""",失業(しつぎょう): thất nghiệp、失恋(しつれん): thất tình、失敗(しっぱい): thất bại
攻める,せめる,"tấn công, công kích",shinkanzen,động từ nhóm 2,敵(てき)を攻(せ)める。,Tấn công kẻ thù.,"""Kanji 攻 (công) có nghĩa là tấn công, công kích. Gồm bộ """"攵"""" (phộc) chỉ hành động đánh đập và """"工"""" (công) chỉ công việc, kỹ thuật. Kết hợp lại biểu thị hành động sử dụng kỹ thuật, phương pháp để tấn công đối phương.""","攻め込む(せめこむ): đột kích, xâm nhập、攻め立てる(せめたてる): tấn công liên tục、攻撃(こうげき): cuộc tấn công"
睨む,にらむ,"lườm, nhìn chằm chằm",shinkanzen,động từ nhóm 1,その学生(がくせい)は注意(ちゅうい)されて、逆(ぎゃく)に先生(せんせい)をにらんだ。,Học sinh đó bị nhắc nhở ngược lại còn lườm lại giáo viên.,"""Kanji 睨 (nghễ) có nghĩa là nhìn chằm chằm, lườm. Bộ """"目"""" (mục) chỉ mắt và """"兒"""" (nhi) là hình ảnh của con người. Kết hợp lại biểu thị hành động sử dụng mắt để nhìn người khác với ánh mắt khó chịu, đe dọa.""",にらみつける: nhìn chằm chằm、睨み合う(にらみあう): nhìn trừng trừng vào nhau、睨みつける(にらみつける): nhìn trừng trừng
責める,せめる,"đổ lỗi, trách móc, khiển trách",shinkanzen,động từ nhóm 2,相手(あいて)の失敗(しっぱい)を責(せ)める。,Đổ lỗi thất bại cho đối phương.,"""Kanji 責 (trách) có nghĩa là trách nhiệm, trách móc. Gồm bộ """"朿"""" (thích) chỉ gai nhọn ở trên và """"貝"""" (bối) chỉ tiền, của cải ở dưới. Ý nghĩa ban đầu liên quan đến việc đòi lại tài sản, sau mở rộng thành trách móc, yêu cầu chịu trách nhiệm.""",責め立てる(せめたてる): trách móc dồn dập、自責(じせき): tự trách mình、責任(せきにん): trách nhiệm
裏切る,うらぎる,"phản bội, phản lại",shinkanzen,động từ nhóm 1,彼(かれ)は味方(みかた)を裏切(うらぎ)り、敵(てき)のグループに入(はい)った。,Anh ta phản bội đồng đội gia nhập vào đội kẻ thù.,"""Kanji 裏 (lí) có nghĩa là mặt sau, bên trong; 切 (thiết) có nghĩa là cắt. Kết hợp lại, """"裏切る"""" mang ý nghĩa """"cắt đứt từ bên trong"""", ám chỉ hành động phản bội, phá hoại từ bên trong một mối quan hệ, tổ chức.""",裏切り者(うらぎりもの): kẻ phản bội、裏切り行為(うらぎりこうい): hành vi phản bội、背信(はいしん): hành vi phản bội
頼る,たよる,"nhờ vào, dựa dẫm, dựa vào, phụ thuộc",shinkanzen,động từ nhóm 1,彼(かれ)は学費(がくひ)を親(おや)に頼(たよ)らず、自分(じぶん)で働(はたら)いて払(はら)っている。,Anh ấy không nhờ vào tiền học phí của ba mẹ mà tự đi làm để trả.,"""Kanji 頼 (lại) có nghĩa là nhờ cậy, tin tưởng. Bộ """"頁"""" (hiệt) chỉ cái đầu, phần trên thể hiện hình ảnh con người. Kết hợp lại biểu thị hành động của con người khi cần sự giúp đỡ, nương tựa vào người hay vật khác.""",頼りにする(たよりにする): trông cậy vào、頼り甲斐(たよりがい): đáng tin cậy、依存(いぞん)する: phụ thuộc
遭う,あう,"gặp, bị (thường gặp điều không may)",shinkanzen,động từ nhóm 1,交通(こうつう)事故(じこ)に遭(あ)ってけがをした。,Gặp tai nạn giao thông nên bị thương.,"""Kanji 遭 (tao) có nghĩa là gặp phải, chạm trán. Bộ """"辵/辶"""" (sước) chỉ hành trình, di chuyển, phần """"曹"""" (tào) biểu thị sự gặp gỡ. Kết hợp lại thể hiện việc gặp phải điều gì đó (thường là không may) trong quá trình di chuyển, trong cuộc sống.""",遭遇(そうぐう)する: chạm trán、遭難(そうなん): gặp nạn、災難に遭う(さいなんにあう): gặp tai họa
招く,まねく,"mời, vẫy gọi, dẫn đến",shinkanzen,động từ nhóm 1,自宅(じたく)に友人(ゆうじん)を招(まね)いた。,Mời bạn đến chơi nhà.,"""Kanji 招 (chiêu) có nghĩa là mời, vẫy gọi. Bộ """"扌"""" (thủ) chỉ tay và """"召"""" (triệu) nghĩa là gọi, triệu tập. Kết hợp lại biểu thị hành động dùng tay vẫy gọi, mời ai đó đến, hoặc mở rộng ra thành hành động tích cực mời gọi ai đó tham gia.""",招待(しょうたい)する: mời、手招き(てまねき): vẫy tay gọi、招き猫(まねきねこ): mèo thần tài
JP-VERB-0101,好む,このむ,shinkanzen,[sound:J2TEAM-TTS-1743472763259.mp3],"Thích, ưa thích",一般にお年寄りはあっさりした味を好む。[sound:J2TEAM-TTS-1747019055625.mp3],,"Ưa chuộng, có xu hướng thích"
JP-VERB-0102,嫌う,きらう,shinkanzen,[sound:J2TEAM-TTS-1743472785187.mp3],"Ghét, không thích",彼女は彼を嫌っているようだ。[sound:J2TEAM-TTS-1747021038959.mp3],,"Ghét bỏ, tránh né"
JP-VERB-0103,願う,ねがう,shinkanzen,[sound:J2TEAM-TTS-1743472804410.mp3],"Mong ước, cầu chúc",世界平和を願う。[sound:J2TEAM-TTS-1747021064404.mp3],もう一度お願いします。,"Mong mỏi, hy vọng"
JP-VERB-0104,甘える,あまえる,shinkanzen,[sound:J2TEAM-TTS-1743472823336.mp3],"Nũng nịu, làm spoil",子供が母親に甘える。[sound:J2TEAM-TTS-1747021092189.mp3],,"Nhờ vả, dựa dẫm vào (lịch sự)"
JP-VERB-0105,可愛がる,かわいがる,shinkanzen,[sound:J2TEAM-TTS-1743472835311.mp3],"Yêu mến, yêu thương",息子は姉をとてもかわいがっている。[sound:J2TEAM-TTS-1747022013891.mp3],,"Quý mến, cưng chiều"
JP-VERB-0106,気付く,きづく,shinkanzen,[sound:J2TEAM-TTS-1743472846196.mp3],"Nhận ra, nhận thấy",犯人は刑事に気づいて逃げてしまった。[sound:J2TEAM-TTS-1747022025751.mp3],,"Tỉnh táo, tỉnh lại (sau khi bất tỉnh)"
JP-VERB-0107,疑う,うたがう,shinkanzen,[sound:J2TEAM-TTS-1743472855681.mp3],"Nghi ngờ, hoài nghi",警察は私を犯人ではないかと疑っているらしい。[sound:J2TEAM-TTS-1747022060619.mp3],,"Hoài nghi, không tin tưởng"
JP-VERB-0108,苦しむ,くるしむ,shinkanzen,[sound:J2TEAM-TTS-1743472911241.mp3],"Đau khổ, chịu đựng",学校でいじめられて苦しんでいる子どもが大勢いる。[sound:J2TEAM-TTS-1747022089431 1.mp3],,"Chịu đựng (đau đớn, bệnh tật)"
JP-VERB-0109,悲しむ,かなしむ,shinkanzen,[sound:J2TEAM-TTS-1743472922855.mp3],"Buồn, buồn bã",娘はペットの死を悲しんで、一日中泣いていた。[sound:J2TEAM-TTS-1747022181182.mp3],,
JP-VERB-0110,がっかりする,がっかりする,shinkanzen,[sound:J2TEAM-TTS-1743472932955.mp3],"Thất vọng, chán nản",試験に落ちて、がっかりした。[sound:J2TEAM-TTS-1747022195810.mp3],,"Cảm thấy thất vọng, chán nản"
JP-VERB-0111,励ます,はげます,shinkanzen,[sound:J2TEAM-TTS-1743472941426.mp3],"Động viên, khích lệ",試験に失敗した友人に励ました。[sound:J2TEAM-TTS-1747022244997.mp3],,"Cổ vũ, tiếp thêm động lực"
JP-VERB-0112,頷く,うなずく,shinkanzen,[sound:J2TEAM-TTS-1743472961031.mp3],Gật đầu,祖父は何も言わずにうなずいた。[sound:J2TEAM-TTS-1747022263572.mp3],,"Đồng ý, chấp thuận"
JP-VERB-0113,張り切る,はりきる,shinkanzen,[sound:J2TEAM-TTS-1743472978861.mp3],"Hăng hái, hăm hở",入社第一日目、娘は張り切って出勤した。[sound:J2TEAM-TTS-1747022282334.mp3],,"Nỗ lực hết mình, đầy nhiệt huyết"
JP-VERB-0114,威張る,いばる,shinkanzen,[sound:J2TEAM-TTS-1743472995537.mp3],"Kiêu ngạo, tự cao tự đại",自分ができるからと言って、すぐに威張る人は嫌われる。[sound:J2TEAM-TTS-1747022307241.mp3],,"Khoe khoang, tỏ vẻ trịch thượng"
JP-VERB-0115,怒鳴る,どなる,shinkanzen,[sound:J2TEAM-TTS-1743473008551.mp3],"Hét lên, quát",そんなに大声で怒鳴らなくても聞こえますよ。[sound:J2TEAM-TTS-1747022329029.mp3],,"Mắng, quát mắng"
JP-VERB-0116,暴れる,あばれる,shinkanzen,[sound:J2TEAM-TTS-1743473035880.mp3],"Nổi loạn, làm loạn",弟は気が短く、子供のころはすぐに暴れて、よく物を壊したものだ。[sound:J2TEAM-TTS-1747022417303.mp3],,"Hoành hành, gây rối"
消耗,しょうもう,"tiêu hao, tiêu thụ, hao mòn",shinkanzen,"danh từ, động từ",最近コピーの量が増えて、紙の消耗が厳しい。,Gần đây lượng phô tô tăng lên nên tiêu hao giấy rất nhiều.,"""""""消"""" mang nghĩa xóa bỏ, biến mất. """"耗"""" nghĩa là tiêu hao, hao mòn. Kết hợp lại, từ này mang ý nghĩa về sự tiêu hao, mất đi dần dần của vật chất hoặc năng lượng.""",消耗品(しょうもうひん): vật phẩm tiêu hao、消耗戦(しょうもうせん): cuộc chiến tiêu hao、消耗率(しょうもうりつ): tỷ lệ tiêu hao
欠陥,けっかん,"khuyết điểm, lỗi, thiếu sót",shinkanzen,danh từ,新発売の車のブレーキに欠陥が見つかり、回収されることになった。,Phát hiện khuyết điểm ở phanh của xe ô tô kiểu mới nên đã được thu hồi.,"""""""欠"""" nghĩa là thiếu, không đủ; """"陥"""" mang nghĩa rơi vào, lún xuống. Kết hợp lại, từ này chỉ một sự thiếu sót nghiêm trọng, một phần quan trọng đã bị thiếu hoặc hỏng.""",欠陥商品(けっかんしょうひん): sản phẩm lỗi、欠陥車(けっかんしゃ): xe hơi bị lỗi、設計欠陥(せっけいけっかん): lỗi thiết kế
予備,よび,"dự bị, dự phòng, dự trữ",shinkanzen,"danh từ, tính từ-danh",予備の電池を買っておいた。,Mua sẵn pin dự phòng.,"""""""予"""" mang nghĩa trước, dự đoán; """"備"""" nghĩa là chuẩn bị, trang bị. Kết hợp lại, từ này chỉ sự chuẩn bị trước cho các tình huống có thể xảy ra trong tương lai.""",予備知識(よびちしき): kiến thức chuẩn bị trước、予備校(よびこう): trường luyện thi、予備費(よびひ): ngân sách dự phòng
付属,ふぞく,"phụ thuộc, trực thuộc, đi kèm",shinkanzen,"danh từ, động từ",大きな工場ができ、それに付属して保育園も作られた。,"Sau khi thành lập nhà máy lớn, nhà trẻ cũng được xây dựng trực thuộc vào đó.","""""""付"""" nghĩa là gắn, thêm vào; """"属"""" nghĩa là thuộc về. Kết hợp lại, từ này chỉ thứ gì đó thuộc về, gắn liền với thứ khác trong mối quan hệ phụ thuộc.""",付属品(ふぞくひん): phụ kiện đi kèm、付属学校(ふぞくがっこう): trường trực thuộc、付属病院(ふぞくびょういん): bệnh viện trực thuộc
手当,てあて,"trợ cấp, điều trị, chuẩn bị",shinkanzen,"danh từ, động từ",けがの手当てをする。,Điều trị vết thương.,"""""""手"""" nghĩa là tay, thể hiện hành động; """"当"""" nghĩa là đặt vào, trúng. Kết hợp lại, từ này gợi ý hành động """"đặt tay vào"""" - có thể là để điều trị (đặt tay lên vết thương) hoặc để cung cấp (đặt tiền vào tay người khác).""",家族手当(かぞくてあて): trợ cấp gia đình、住宅手当(じゅうたくてあて): trợ cấp nhà ở、応急手当(おうきゅうてあて): sơ cứu
元,もと,"nguyên, ban đầu, gốc, nguồn",shinkanzen,danh từ,「使ったものは元に戻しておいてください」,Hãy mang đồ đã dùng về lại chỗ cũ.,"""""""元"""" là chữ đơn, mang ý nghĩa cơ bản về nguồn gốc, điểm khởi đầu. Nó được sử dụng để chỉ trạng thái ban đầu của sự vật, nguyên nhân, hay nguồn gốc của mọi thứ.""",火元(ひもと): nguồn lửa、手元(てもと): trong tay、足元(あしもと): dưới chân
面,めん,"mặt, bề mặt, diện",shinkanzen,danh từ,この踊りは面を着けて踊る。,Điệu nhảy này gắn thêm mặt nạ để nhảy.,"""""""面"""" là chữ đơn, biểu thị khái niệm về mặt, bề mặt. Trong hán tự, nó có hình dạng giống như một khuôn mặt nhìn từ phía trước, thể hiện rõ ý nghĩa về mặt hoặc bề mặt của sự vật.""",水面(すいめん): mặt nước、地面(じめん): mặt đất、顔面(がんめん): mặt mũi、全面(ぜんめん): toàn bộ
説,せつ,"thuyết, học thuyết, ý kiến",shinkanzen,danh từ,人類はアフリカから始まったという説がある。,Có thuyết cho rằng con người bắt nguồn từ châu Phi.,"""""""説"""" chứa bộ """"言"""" (ngôn) ở bên trái, biểu thị liên quan đến lời nói, diễn giải; phần bên phải """"兑"""" liên quan đến trao đổi, giải thích. Kết hợp lại, chữ này mang ý nghĩa về sự diễn giải, trình bày ý kiến, học thuyết.""",学説(がくせつ): học thuyết、定説(ていせつ): định thuyết、仮説(かせつ): giả thuyết
差,さ,"khác biệt, sai khác, khoảng cách",shinkanzen,danh từ,テストの結果は、どの学生もほとんど差がなかった。,Kết quả của bài kiểm tra hầu như không có sự khác biệt giữa các học sinh.,"""""""差"""" chứa bộ """"工"""" ở trên và bộ """"左"""" (trái) ở dưới. Bộ """"工"""" liên quan đến công việc, đo lường; """"左"""" chỉ bên trái (khác với bên phải). Kết hợp lại, chữ này gợi ý về sự đo lường sự khác biệt, khoảng cách giữa hai thứ.""",格差(かくさ): chênh lệch、差額(さがく): số tiền chênh lệch、差異(さい): sự khác biệt
間,あいだ,"khoảng, thời gian, không gian giữa",shinkanzen,danh từ,私は来日してまだ間がない。,Tôi mới đến Nhật chưa được bao lâu.,"""""""間"""" chứa bộ """"門"""" (môn, cổng) bao quanh chữ """"日"""" (nhật, mặt trời). Hình ảnh mặt trời lọt qua khe cổng gợi ý về khoảng trống, không gian giữa hai vật. Từ đó mở rộng ra khái niệm về khoảng thời gian, khoảng cách về không gian.""",時間(じかん): thời gian、空間(くうかん): không gian、中間(ちゅうかん): ở giữa
分,ぶん,"phần, phân chia, trạng thái",shinkanzen,danh từ,お菓子を、弟の分まで食べてしまって怒られた。,Tôi ăn mất phần kẹo của em trai tôi nên bị nó nổi nóng.,"""""""分"""" là chữ đơn, mang ý nghĩa cơ bản về sự phân chia, chia tách. Hình dạng của nó gợi ý về một vật bị chia cắt thành các phần khác nhau. Từ đó mở rộng ra các khái niệm về phần, thành phần, trạng thái.""",水分(すいぶん): độ ẩm、成分(せいぶん): thành phần、自分(じぶん): bản thân
傾向,けいこう,"khuynh hướng, xu hướng",shinkanzen,danh từ,最近の若者は仕事より自分の生活を重視する傾向がある。,Giới trẻ gần đây có xu hướng xem trọng đời sống cá nhân hơn là công việc.,"傾 (nghiêng, nghiêng về) + 向 (hướng, phía) = khuynh hướng, xu hướng về một phía nào đó",傾向分析(けいこうぶんせき): phân tích xu hướng、上昇傾向(じょうしょうけいこう): xu hướng tăng lên、減少傾向(げんしょうけいこう): xu hướng giảm xuống
方針,ほうしん,"phương châm, chính sách, đường lối",shinkanzen,danh từ,会社の方針に沿って、働く。,Làm việc theo phương châm của công ty.,"方 (phương, hướng) + 針 (kim, kim chỉ) = phương châm, đường lối chỉ đạo theo một hướng nhất định",基本方針(きほんほうしん): phương châm cơ bản、教育方針(きょういくほうしん): phương châm giáo dục、経営方針(けいえいほうしん): phương châm quản lý
徹底,てってい,"triệt để, quán triệt, tận gốc",shinkanzen,danh từ có thể hoạt động như động từ,指導を徹底する。,Chỉ đạo triệt để.,"徹 (xuyên suốt, thấu) + 底 (đáy, đáy sâu) = đi sâu đến tận cùng, làm việc triệt để, không sót gì",徹底調査(てっていちょうさ): điều tra triệt để、徹底的(てっていてき): một cách triệt để、徹底解明(てっていかいめい): làm rõ triệt để
分析,ぶんせき,phân tích,shinkanzen,danh từ có thể hoạt động như động từ,建物に使われている木を分析して、造られた年代を調べる。,Phân tích cây dùng để xây các tòa nhà có thể điều tra năm đã xây dựng nó.,"分 (chia, phân chia) + 析 (phân giải, tách ra) = phân tích, chia nhỏ để xem xét chi tiết",精神分析(せいしんぶんせき): phân tích tâm lý、成分分析(せいぶんぶんせき): phân tích thành phần、データ分析(データぶんせき): phân tích dữ liệu
維持,いじ,"duy trì, bảo tồn, giữ gìn",shinkanzen,danh từ có thể hoạt động như động từ,親の家を出たら、今の生活レベルを維持するのは難しい。,Sau khi rời gia đình để duy trì một mức độ sống bây giờ là rất khó khăn.,"維 (sợi, dây) + 持 (giữ, nắm) = duy trì, giữ gìn một trạng thái không đổi",維持管理(いじかんり): bảo trì và quản lý、体重維持(たいじゅういじ): duy trì cân nặng、現状維持(げんじょういじ): duy trì hiện trạng
管理,かんり,"quản lý, điều hành, giám sát",shinkanzen,danh từ có thể hoạt động như động từ,私の仕事はビルの管理だ。,Công việc của tôi là quản lý tòa nhà.,"管 (ống, quản) + 理 (lý, tổ chức) = quản lý, điều hành theo nguyên tắc, trật tự",健康管理(けんこうかんり): quản lý sức khỏe、資産管理(しさんかんり): quản lý tài sản、品質管理(ひんしつかんり): quản lý chất lượng
行方,ゆくえ,"tung tích, hướng đi, nơi đến",shinkanzen,danh từ,娘が家でした。今、行方を探しているところだ。,Con gái ra khỏi nhà bây giờ đang truy tìm tung tích.,"行 (đi, hành động) + 方 (phương, hướng) = tung tích, hướng đi của ai đó hoặc điều gì đó",行方不明(ゆくえふめい): mất tích、行方捜索(ゆくえそうさく): tìm kiếm tung tích、行方調査(ゆくえちょうさ): điều tra tung tích
端,はし,"cạnh, lề, mép, đầu",shinkanzen,danh từ,道の端を歩く。,Đi bộ ở cạnh đường.,"""Kanji 端 không phân tách rõ ràng, nhưng có thể hiểu là mô tả một vật thể với phần nhô ra ở trên (立) và một cái cây ở dưới (木), tạo thành ý nghĩa là """"điểm cực đoan"""" hoặc """"phần cuối""""""","端っこ(はしっこ): góc, rìa、先端(せんたん): đầu mút, mũi nhọn、両端(りょうたん): hai đầu"
場,ば,"chỗ, nơi, địa điểm, trường hợp",shinkanzen,danh từ,山田さんは、高橋さんの申し出をその場で断った。,Yamada đã từ chối tại chỗ đề nghị của Takahashi.,"場 bao gồm chữ 土 (đất, đất đai) và chữ 昜 (mặt trời, ánh sáng) tạo thành ý nghĩa là nơi chốn, địa điểm",場所(ばしょ): địa điểm、職場(しょくば): nơi làm việc、市場(しじょう): thị trường
分野,ぶんや,"lĩnh vực, ngành, phạm vi",shinkanzen,danh từ,私の専門分野は会計学だ。,Lĩnh vực chuyên môn của tôi là kế toán.,"分 (phân chia, chia) + 野 (đồng ruộng, cánh đồng) = lĩnh vực, một phần được phân chia của một khu vực rộng lớn",専門分野(せんもんぶんや): lĩnh vực chuyên môn、得意分野(とくいぶんや): lĩnh vực sở trường、研究分野(けんきゅうぶんや): lĩnh vực nghiên cứu
需要,じゅよう,"nhu cầu, cầu (kinh tế)",shinkanzen,danh từ,物の値段には、需要と供給の関係が影響している。,"Đối với giá cả đồ vật, mối quan hệ giữa cung và cầu có ảnh hưởng.","需 (cần, đòi hỏi) + 要 (yêu cầu, quan trọng) = nhu cầu, cầu trong quan hệ cung cầu",需要増加(じゅようぞうか): tăng nhu cầu、需要予測(じゅようよそく): dự báo nhu cầu、潜在需要(せんざいじゅよう): nhu cầu tiềm ẩn
供給,きょうきゅう,"cung cấp, cung (kinh tế)",shinkanzen,danh từ có thể hoạt động như động từ,夏の電力の供給が不足しがちだ。,Sự cung cấp điện vào mùa hè thường thiếu.,"供 (cung, dâng) + 給 (cấp, phát) = cung cấp, đáp ứng nhu cầu thị trường",供給過剰(きょうきゅうかじょう): cung cấp dư thừa、電力供給(でんりょくきょうきゅう): cung cấp điện、水供給(みずきょうきゅう): cung cấp nước
物資,ぶっし,"vật tư, hàng hóa, vật phẩm",shinkanzen,danh từ,内戦中のこの国は生活物資がひどく欠乏している。,Đất nước này trong thời kì chiến tranh đời sống vật chất thiếu thốn nghiêm trọng.,"物 (vật, đồ vật) + 資 (tài nguyên, nguồn lực) = vật tư, hàng hóa phục vụ nhu cầu cơ bản",救援物資(きゅうえんぶっし): vật phẩm cứu trợ、生活物資(せいかつぶっし): vật tư sinh hoạt、緊急物資(きんきゅうぶっし): vật tư khẩn cấp
用途,ようと,"mục đích sử dụng, công dụng",shinkanzen,danh từ,海外のスーパーには、用途の分からない道具がたくさん並んでいた。,"Ở siêu thị nước ngoài, bày rất nhiều dụng cụ không biết công dụng.","用 (dùng, sử dụng) + 途 (đường, hướng đi) = mục đích sử dụng, cách thức áp dụng",多用途(たようと): đa dụng、用途別(ようとべつ): theo mục đích sử dụng、特殊用途(とくしゅようと): mục đích sử dụng đặc biệt
関連,かんれん,"liên quan, quan hệ, kết nối",shinkanzen,danh từ có thể hoạt động như động từ,この二つの事件に関連があるかどうか調べてみよう。,Hãy điều tra để biết xem hai vụ án này có mối liên quan hay không.,"関 (liên quan, quan hệ) + 連 (liên tiếp, kết nối) = liên quan, mối quan hệ giữa các yếu tố",関連会社(かんれんがいしゃ): công ty liên kết、関連性(かんれんせい): tính liên quan、密接関連(みっせつかんれん): liên quan chặt chẽ
輪,わ,"vòng tròn, vòng, đường tròn",shinkanzen,danh từ,日本では親指(おやゆび)と人差(ひとさ)し指(ゆび)で輪(わ)を作(つく)ると、OKのサインになる。,"Ở Nhật, ngón cái và ngón trỏ cuộn lại thành vòng tròn là kí hiệu OK.","""Kanji 輪 gồm bộ 車 (xe) và bộ 侖 (thứ tự). Bộ 車 gợi ý về bánh xe - vật có hình tròn. Bánh xe quay theo một thứ tự nhất định (侖), tạo thành một vòng tròn hoàn chỉnh. Sự kết hợp này tạo nên ý nghĩa """"vòng tròn"""" của 輪.""",花輪(はなわ): vòng hoa、指輪(ゆびわ): nhẫn、輪ゴム(わゴム): dây thun
凸凹,でこぼこ,"lồi lõm, gồ ghề, không bằng phẳng, ổ gà",shinkanzen,tính từ thái (な形容詞),凸凹(でこぼこ)の土地(とち)を平(たい)らにする。,Làm bằng phẳng những vùng đất lồi lõm.,"""Kanji """"凸"""" (lồi) có hình dạng như một vật nhô lên, biểu thị cho phần lồi. Kanji """"凹"""" (lõm) có hình dạng như một cái hố, biểu thị cho phần lõm. Kết hợp hai kanji này tạo nên từ miêu tả bề mặt không đều, lồi lõm, gồ ghề.""",凸凹道路(でこぼこどうろ): đường gồ ghề、凸凹地形(でこぼこちけい): địa hình không bằng phẳng、凸凹面(でこぼこめん): bề mặt không đều
跡,あと,"dấu vết, vết tích, di tích",shinkanzen,danh từ,道路(どうろ)にタイヤの跡(あと)がある。,Trên đường có dấu lốp xe.,"""Kanji """"跡"""" bao gồm bộ """"足"""" (chân) và bộ """"亦"""" (cũng). Bộ """"足"""" gợi ý về sự di chuyển, bước đi, còn bộ """"亦"""" gợi ý về việc lặp lại. Khi chúng ta di chuyển và lặp lại hành động bước đi, chúng ta để lại dấu vết. Ý nghĩa này phản ánh đúng nghĩa của từ """"跡"""" - dấu vết còn lại sau khi có điều gì đó xảy ra.""",足跡(あしあと): dấu chân、傷跡(きずあと): vết sẹo、城跡(しろあと): di tích lâu đài
手間,てま,"thời gian, công sức, công đoạn",shinkanzen,danh từ,和食(わしょく)を作(つく)るのは手間(てま)がかかる。,Để làm món ăn kiểu Nhật mất thời gian.,"""Kanji """"手"""" (thủ) có nghĩa là """"tay"""", biểu thị cho công việc, hành động làm bằng tay. Kanji """"間"""" (gian) có nghĩa là """"khoảng"""", """"thời gian"""". Sự kết hợp này tạo ra nghĩa """"thời gian và công sức bỏ ra để làm việc gì đó"""", phản ánh đúng ý nghĩa của từ """"手間"""".""",手間暇(てまひま): thời gian và công sức、手間賃(てまちん): tiền công、片手間(かたてま): việc làm thêm
能率,のうりつ,"hiệu quả, năng suất, hiệu suất",shinkanzen,danh từ,仕事(しごと)の能率(のうりつ)を上(あ)げよう。,Hãy tăng năng suất công việc.,"""Kanji """"能"""" (năng) có nghĩa là """"khả năng"""", """"tài năng"""", thường liên quan đến việc có thể làm được điều gì đó. Kanji """"率"""" (suất) có nghĩa là """"tỷ lệ"""", """"dẫn dắt"""". Kết hợp lại, """"能率"""" mang ý nghĩa """"tỷ lệ hiệu quả của khả năng"""", hay nói cách khác là """"hiệu suất"""" - mức độ mà khả năng được sử dụng hiệu quả trong công việc.""",能率的(のうりつてき): có hiệu quả、能率主義(のうりつしゅぎ): chủ nghĩa hiệu quả、非能率的(ひのうりつてき): không hiệu quả
性能,せいのう,"tính năng, hiệu suất, đặc tính kỹ thuật",shinkanzen,danh từ,この車(くるま)はエンジンの性能(せいのう)がいい。,Tính năng động cơ xe ô tô này khá tốt.,"""Kanji """"性"""" (tính) biểu thị đặc tính, bản chất, tính chất của sự vật. Kanji """"能"""" (năng) biểu thị khả năng, năng lực. Kết hợp lại, """"性能"""" mang ý nghĩa """"đặc tính về khả năng"""" của một vật, thiết bị hay hệ thống, tức là những gì nó có thể làm được và làm tốt đến mức nào.""",高性能(こうせいのう): hiệu suất cao、性能テスト(せいのうテスト): kiểm tra tính năng、性能評価(せいのうひょうか): đánh giá hiệu suất
操作,そうさ,"thao tác, điều khiển, vận hành",shinkanzen,"danh từ, động từ (khi kết hợp với する)",機械(きかい)を操作(そうさ)する。,Vận hành máy móc.,"""Kanji """"操"""" (thao) có bộ """"扌"""" (thủ - tay) ở bên trái, biểu thị hành động dùng tay, và bộ """"品"""" (phẩm - vật phẩm) ở bên phải, gợi ý về sự cẩn thận, có phương pháp. Kanji """"作"""" (tác) có nghĩa là """"làm ra"""". Kết hợp lại, """"操作"""" mang ý nghĩa """"dùng tay điều khiển một cách có phương pháp để làm ra kết quả"""" - chính là hành động thao tác, vận hành.""",操作方法(そうさほうほう): phương pháp vận hành、遠隔操作(えんかくそうさ): điều khiển từ xa、操作ミス(そうさミス): lỗi thao tác
発揮,はっき,"phát huy, thể hiện, bộc lộ (tài năng, khả năng)",shinkanzen,"danh từ, động từ (khi kết hợp với する)",日本(にほん)チームは実力(じつりょく)を発揮(はっき)して優勝(ゆうしょう)した。,Đội tuyển Nhật Bản đã phát huy thực lực của mình và đã chiến thắng.,"""Kanji """"発"""" (phát) có nghĩa là """"phát ra"""", """"bắt đầu"""", thường liên quan đến việc làm cho điều gì đó bắt đầu hoặc xuất hiện. Kanji """"揮"""" (huy) có bộ """"扌"""" (tay) ở bên trái, và có nghĩa là """"vẫy"""", """"phất"""", gợi ý về hành động làm cho điều gì đó trở nên rõ ràng. Kết hợp lại, """"発揮"""" mang ý nghĩa """"làm cho tài năng, khả năng xuất hiện và trở nên rõ ràng"""", chính là """"phát huy"""".""",能力発揮(のうりょくはっき): phát huy khả năng、実力発揮(じつりょくはっき): phát huy thực lực、発揮能力(はっきのうりょく): khả năng được phát huy
頂点,ちょうてん,"đỉnh, điểm cao nhất, đỉnh điểm",shinkanzen,danh từ,三角形(さんかくけい)の頂点(ちょうてん),Đỉnh của tam giác,"""Kanji """"頂"""" (đỉnh) có bộ """"頁"""" (đầu) ở dưới, gợi ý về phần trên cùng, và chữ """"丁"""" ở trên có thể gợi nhớ đến hình dạng của đỉnh. Kanji """"点"""" (điểm) biểu thị một điểm cụ thể. Kết hợp lại, """"頂点"""" mang ý nghĩa """"điểm ở trên cùng"""", chỉ vị trí cao nhất của một vật thể hoặc trạng thái cao nhất của một quá trình.""",頂点角(ちょうてんかく): góc đỉnh、山頂点(さんちょうてん): đỉnh núi、頂点位置(ちょうてんいち): vị trí đỉnh
周辺,しゅうへん,"xung quanh, lân cận, vùng phụ cận",shinkanzen,danh từ,山火事(やまかじ)が起(お)こり、周辺(しゅうへん)の住民(じゅうみん)たちは避難(ひなん)した。,"Xảy ra cháy rừng, người dân xung quanh đã lánh nạn.","""Kanji """"周"""" (chu) có nghĩa là """"xung quanh"""", """"chu vi"""", gợi ý về việc đi vòng quanh. Kanji """"辺"""" (biên) có nghĩa là """"cạnh"""", """"biên giới"""", biểu thị ranh giới giữa các khu vực. Kết hợp lại, """"周辺"""" mang ý nghĩa """"khu vực nằm xung quanh biên giới của một địa điểm trung tâm"""", chỉ vùng lân cận hoặc vùng phụ cận.""",周辺地域(しゅうへんちいき): khu vực xung quanh、空港周辺(くうこうしゅうへん): vùng lân cận sân bay、市街地周辺(しがいちしゅうへん): vùng ven đô thị
現場,げんば,"hiện trường, nơi làm việc, hiện tại",shinkanzen,danh từ,交通(こうつう)事故(じこ)の現場(げんば)を目撃(もくげき)した。,Chứng kiến hiện trường vụ tai nạn giao thông.,"""Kanji """"現"""" (hiện) có nghĩa là """"xuất hiện"""", """"hiện tại"""", """"thực tế"""", gợi ý về điều gì đó đang diễn ra. Kanji """"場"""" (trường) có nghĩa là """"địa điểm"""", """"nơi chốn"""". Kết hợp lại, """"現場"""" mang ý nghĩa """"địa điểm thực tế nơi điều gì đó đang diễn ra"""", chỉ hiện trường của sự việc hoặc nơi thực hiện công việc.""",工事現場(こうじげんば): công trường xây dựng、事故現場(じこげんば): hiện trường tai nạn、現場検証(げんばけんしょう): khám nghiệm hiện trường
状況,じょうきょう,"trạng thái, tình trạng, tình hình, hoàn cảnh",shinkanzen,danh từ,今(いま)、経済(けいざい)の状況(じょうきょう)が良(よ)くない。,Tình hình kinh tế bây giờ không tốt.,"""Kanji """"状"""" (trạng) có nghĩa là """"hình dạng"""", """"trạng thái"""", thường liên quan đến việc mô tả tình trạng. Kanji """"況"""" (huống) có bộ """"氵"""" (thủy - nước) ở bên trái, gợi ý về dòng chảy, sự thay đổi, và có nghĩa là """"tình hình"""", """"hoàn cảnh"""". Kết hợp lại, """"状況"""" mang ý nghĩa """"trạng thái của tình hình"""", chỉ tình trạng tổng thể của một vấn đề đang diễn ra.""",状況判断(じょうきょうはんだん): đánh giá tình hình、社会状況(しゃかいじょうきょう): tình hình xã hội、状況報告(じょうきょうほうこく): báo cáo tình hình
組織,そしき,"tổ chức, cơ quan, cấu trúc (của cơ thể)",shinkanzen,"danh từ, động từ (khi kết hợp với する)",ユニセフは国際(こくさい)連(れん)合(ごう)の組織(そしき)だ。,UNICEF là một tổ chức của Liên Hợp Quốc.,"""Kanji """"組"""" (tổ) có nghĩa là """"nhóm"""", """"phối hợp"""", gợi ý về việc sắp xếp mọi người vào các nhóm. Kanji """"織"""" (chức) có nghĩa là """"dệt"""", gợi ý về việc kết nối các thành phần lại với nhau. Kết hợp lại, """"組織"""" mang ý nghĩa """"sắp xếp và kết nối các thành phần thành một cấu trúc thống nhất"""", phản ánh đúng bản chất của một tổ chức.""",組織的(そしきてき): có tổ chức、国際組織(こくさいそしき): tổ chức quốc tế、組織化(そしきか): sự tổ chức hóa
制度,せいど,"chế độ, hệ thống, thể chế",shinkanzen,danh từ,日本(にほん)に郵便(ゆうびん)の制度(せいど)ができたのは明治(めいじ)時代(じだい)だ。,Chế độ bưu điện ở Nhật có từ thời Minh Trị.,"""Kanji """"制"""" (chế) có nghĩa là """"quy định"""", """"kiểm soát"""", gợi ý về việc thiết lập quy tắc. Kanji """"度"""" (độ) có nghĩa là """"mức độ"""", """"lần"""", """"chế độ"""". Kết hợp lại, """"制度"""" mang ý nghĩa """"hệ thống quy định được thiết lập ở một mức độ nhất định"""", chỉ các chế độ, hệ thống chính thức trong xã hội.""",制度化(せいどか): thể chế hóa、教育制度(きょういくせいど): hệ thống giáo dục、選挙制度(せんきょせいど): chế độ bầu cử
構成,こうせい,"cấu thành, cấu trúc, tổ chức",shinkanzen,"danh từ, động từ (khi kết hợp với する)",論文(ろんぶん)の構成(こうせい)を考(かんが)える。,Suy nghĩ về cấu trúc của bài luận văn.,"""Kanji """"構"""" (cấu) có bộ """"木"""" (mộc - gỗ) ở bên trái, gợi ý về vật liệu xây dựng, và có nghĩa là """"xây dựng"""", """"thiết kế"""". Kanji """"成"""" (thành) có nghĩa là """"hoàn thành"""", """"thành tựu"""". Kết hợp lại, """"構成"""" mang ý nghĩa """"xây dựng và hoàn thiện"""", chỉ quá trình hình thành cấu trúc hoặc cách các thành phần được sắp xếp để tạo thành một tổng thể.""",家族構成(かぞくこうせい): cấu trúc gia đình、社会構成(しゃかいこうせい): cấu trúc xã hội、文章構成(ぶんしょうこうせい): cấu trúc văn bản
形式,けいしき,"hình thức, kiểu mẫu, kiểu cách",shinkanzen,danh từ,日本語(にほんご)で手紙(てがみ)を書(か)きたいのだが、形式(けいしき)が分(わ)からない。,Tôi muốn viết thư bằng tiếng Nhật nhưng không hiểu hình thức.,"""Kanji """"形"""" (hình) có nghĩa là """"hình dạng"""", """"hình thức"""", liên quan đến cách mà một thứ trông như thế nào. Kanji """"式"""" (thức) có nghĩa là """"nghi thức"""", """"công thức"""", """"phương pháp"""". Kết hợp lại, """"形式"""" mang ý nghĩa """"phương pháp thể hiện hình thức"""", chỉ cách thức, mẫu mã, khuôn khổ theo đó một việc được thực hiện.""","形式的(けいしきてき): hình thức, không thực chất、書式(しょしき): định dạng văn bản、様式(ようしき): kiểu dáng, phong cách"
害,がい,"hại, tác hại, thiệt hại, nguy hại",shinkanzen,danh từ,この虫(むし)は人間(にんげん)に害(がい)を与(あた)えることはない。,Loại côn trùng này không gây hại cho con người.,"""Chữ 害 bao gồm bộ """"宀"""" (mái nhà) phía trên và """"丯"""" (cái chày) phía dưới. Ý nghĩa gốc là điều gì đó gây hại xâm nhập vào không gian an toàn của bạn. Trong chữ Hán cổ, """"害"""" thường liên quan đến tai họa hoặc điều bất lợi xảy ra với con người.""",害虫(がいちゅう): côn trùng gây hại、加害者(かがいしゃ): người gây hại、公害(こうがい): ô nhiễm môi trường、有害(ゆうがい): có hại、無害(むがい): vô hại、食害(しょくがい): thiệt hại do côn trùng gây ra
伝染,でんせん,"truyền nhiễm, lây lan",shinkanzen,"danh từ, động từ tự thể (する)",この病気(びょうき)は動物(どうぶつ)から人(ひと)に伝染(でんせん)する。,Loại bệnh này truyền nhiễm từ động vật sang người.,"""""""伝"""" có nghĩa là """"truyền, truyền đạt"""" (như trong 伝言 - truyền lời) và """"染"""" có nghĩa là """"nhuộm, nhiễm"""" (như trong 染料 - thuốc nhuộm). Khi kết hợp lại, """"伝染"""" mang ý nghĩa """"truyền và nhiễm vào"""" - chính là quá trình lây lan của bệnh tật hoặc hành vi từ người này sang người khác.""",伝染病(でんせんびょう): bệnh truyền nhiễm、伝染経路(でんせんけいろ): con đường lây nhiễm、伝染力(でんせんりょく): khả năng lây nhiễm
対策,たいさく,"đối sách, biện pháp đối phó, kế hoạch",shinkanzen,danh từ,少子化(しょうしか)を止(と)める有効(ゆうこう)な対策(たいさく)を立(た)てる必要(ひつよう)がある。,Cần thiết để xây dựng đối sách có hiệu quả ngăn chặn tình trạng giảm tỷ lệ sinh.,"""""""対"""" có nghĩa là """"đối diện, đối mặt"""" (như trong 対面 - đối diện) và """"策"""" có nghĩa là """"kế hoạch, sách lược"""" (như trong 政策 - chính sách). Khi kết hợp lại, """"対策"""" mang ý nghĩa """"kế hoạch để đối phó"""" với một vấn đề hoặc tình huống.""",緊急対策(きんきゅうたいさく): biện pháp khẩn cấp、地震対策(じしんたいさく): đối sách phòng chống động đất、防災対策(ぼうさいたいさく): biện pháp phòng chống thiên tai
処置,しょち,"xử trí, điều trị, đối xử, xử lý",shinkanzen,"danh từ, động từ tự thể (する)",問題(もんだい)に対(たい)して適切(てきせつ)な処置(しょち)を取(と)る。,Cần có cách xử trí hợp lý đối với vấn đề.,"""""""処"""" có nghĩa là """"xử lý, đối phó"""" (như trong 処理 - xử lý) và """"置"""" có nghĩa là """"đặt, để"""" (như trong 配置 - bố trí). Khi kết hợp lại, """"処置"""" mang ý nghĩa """"xử lý và sắp xếp"""" - ám chỉ việc đưa ra các biện pháp xử lý thích hợp cho một tình huống.""",応急処置(おうきゅうしょち): sơ cứu、緊急処置(きんきゅうしょち): xử lý khẩn cấp、医療処置(いりょうしょち): điều trị y tế
処分,しょぶん,"xử phân, tiêu hủy, xử lý, thủ tiêu",shinkanzen,"danh từ, động từ tự thể (する)",引(ひ)っ越(こ)しする時(とき)、不用品(ふようひん)を全部(ぜんぶ)処分(しょぶん)した。,Khi chuyển nhà tôi đã tiêu hủy tất cả những thứ không cần thiết.,"""""""処"""" có nghĩa là """"xử lý, đối phó"""" và """"分"""" có nghĩa là """"phân chia, chia tách"""". Khi kết hợp lại, """"処分"""" mang ý nghĩa """"xử lý bằng cách phân loại hoặc tách rời"""" - phản ánh cả hai nghĩa: loại bỏ đồ vật không cần thiết và tách người vi phạm ra khỏi tổ chức (xử phạt).""","処分品(しょぶんひん): hàng thanh lý、廃棄処分(はいきしょぶん): xử lý rác thải、退学処分(たいがくしょぶん): xử phạt đuổi học、懲戒処分(ちょうかいしょぶん): kỷ luật, xử phạt"
処理,しょり,"xử lý, giải quyết, xử trí",shinkanzen,"danh từ, động từ tự thể (する)",たまった仕事(しごと)をてきぱきと処理(しょり)する。,Nhanh chóng xử lý công việc chất đống.,,
"example3_vi: Xử lý áo khoác chống thấm nước.""",処理能力(しょりのうりょく): khả năng xử lý、情報処理(じょうほうしょり): xử lý thông tin、ゴミ処理(ごみしょり): xử lý rác thải、データ処理(でーたしょり): xử lý dữ liệu,取扱(とりあつかい): xử lý、処置(しょち): xử trí、対応(たいおう): đối phó,shinkanzen,"""Hãy liên tưởng """"処理"""" với hình ảnh máy tính đang xử lý (処) dữ liệu theo một quy trình hợp lý (理). Khi nghĩ đến """"処理"""", hãy tưởng tượng một người đang nhanh chóng xử lý từng tài liệu trong đống hồ sơ chất cao.""","""""""処"""" có nghĩa là """"xử lý, đối phó"""" và """"理"""" có nghĩa là """"lý lẽ, nguyên tắc, quản lý"""" (như trong 理由 - lý do, 管理 - quản lý). Khi kết hợp lại, """"処理"""" mang ý nghĩa """"xử lý theo nguyên tắc"""" - nhấn mạnh tính hệ thống và có quy trình trong việc giải quyết vấn đề.""","N2, danh từ, máy tính, hành chính",Kero Mimikaraoboeru_N2_Unit_11,
文明,ぶんめい,văn minh,shinkanzen,danh từ,日本（にほん）は1868年（ねん）に明治（めいじ）維新（いしん）が行（おこな）われて以来（いらい）、西洋（せいよう）文明（ぶんめい）が流行（りゅうこう）してきた。,"Sau khi tổ chức cuộc duy tân Minh Trị ở Nhật, nó đã trở thành trào lưu văn minh ở các nước phương đông.","文 (văn) mang ý nghĩa liên quan đến văn học, chữ viết, văn hóa. 明 (minh) có nghĩa là sáng, rõ ràng. Kết hợp lại, 文明 thể hiện một xã hội đã được thắp sáng bởi tri thức và văn hóa.",文明開化（ぶんめいかいか）: văn minh khai hóa、高度文明（こうどぶんめい）: văn minh cao độ、文明社会（ぶんめいしゃかい）: xã hội văn minh
普及,ふきゅう,"phổ cập, phổ biến",shinkanzen,danh từ &amp; động từ (khi đi với する),携帯（けいたい）電話（でんわ）の普及（ふきゅう）は著（いちじる）しい。,Sự phổ cập của điện thoại di động là rất đáng kể.,"普 (phổ) có nghĩa là phổ biến, rộng khắp, phổ thông. 及 (cập) có nghĩa là đạt tới, tiếp cận. Kết hợp lại, 普及 thể hiện việc đạt đến, tiếp cận một cách rộng rãi, phổ biến đến mọi người.",普及率（ふきゅうりつ）: tỷ lệ phổ cập、普及活動（ふきゅうかつどう）: hoạt động phổ cập、普及版（ふきゅうばん）: phiên bản phổ thông
制限,せいげん,"hạn chế, giới hạn",shinkanzen,danh từ &amp; động từ (khi đi với する),「食（た）べ放題（ほうだい）」は時間（じかん）に制限（せいげん）がある。,Ăn thỏa thích nhưng có giới hạn về thời gian.,"制 (chế) có nghĩa là kiểm soát, quy định. 限 (hạn) có nghĩa là giới hạn, hạn chế. Kết hợp lại, 制限 thể hiện sự kiểm soát bằng cách đặt ra giới hạn.",時間制限（じかんせいげん）: giới hạn thời gian、速度制限（そくどせいげん）: giới hạn tốc độ、年齢制限（ねんれいせいげん）: giới hạn độ tuổi
限度,げんど,"hạn độ, hạn chế, mức giới hạn",shinkanzen,danh từ,「ダイエットもいいけれども、限度（げんど）を考（かんが）えなさい。このままでは体（からだ）を壊（こわ）しますよ」,"Ăn kiêng cũng tốt nhưng phải nghĩ tới mức độ giới hạn, nếu cứ như thế này thì sẽ hại sức khỏe mất.","限 (hạn) có nghĩa là giới hạn, ranh giới. 度 (độ) có nghĩa là mức độ, đơn vị đo lường. Kết hợp lại, 限度 thể hiện mức giới hạn hay ranh giới của một điều gì đó.",借入限度額（かりいれげんどがく）: hạn mức vay、信用限度額（しんようげんどがく）: hạn mức tín dụng、忍耐限度（にんたいげんど）: giới hạn nhẫn nại
限界,げんかい,giới hạn,shinkanzen,danh từ,疲労（ひろう）が限界（げんかい）に達（たっ）した。,Đã chạm tới giới hạn của sự mệt mỏi.,"限 (hạn) có nghĩa là giới hạn, ranh giới. 界 (giới) có nghĩa là biên giới, ranh giới, thế giới. Kết hợp lại, 限界 thể hiện ranh giới cuối cùng hoặc điểm tới hạn mà một thứ không thể vượt qua.",限界点（げんかいてん）: điểm giới hạn、耐久限界（たいきゅうげんかい）: giới hạn độ bền、限界状態（げんかいじょうたい）: trạng thái giới hạn
検討,けんとう,"xem xét, nghiên cứu",shinkanzen,danh từ &amp; động từ (khi đi với する),災害（さいがい）対策（たいさく）について検討（けんとう）を重（かさ）ねた。,Đưa ra nhiều nghiên cứu về đối sách hỏa hoạn.,"検 (kiểm) có nghĩa là kiểm tra, điều tra. 討 (thảo) có nghĩa là thảo luận, tranh luận. Kết hợp lại, 検討 thể hiện việc kiểm tra, phân tích kỹ lưỡng một vấn đề và thảo luận về nó.",検討事項（けんとうじこう）: hạng mục cần xem xét、再検討（さいけんとう）: xem xét lại、詳細検討（しょうさいけんとう）: xem xét chi tiết
選択,せんたく,lựa chọn,shinkanzen,danh từ &amp; động từ (khi đi với する),学校（がっこう）では、授業（じゅぎょう）を自由（じゆう）に選択（せんたく）することができる。,"Ở trường đại học, có thể tự do lựa chọn buổi học, giờ học.","選 (tuyển) có nghĩa là chọn lựa, tuyển chọn. 択 (trạch) cũng có nghĩa là chọn lựa. Kết hợp lại, 選択 nhấn mạnh hành động chọn lựa một cách cẩn thận từ nhiều phương án.","選択肢（せんたくし）: lựa chọn, phương án、職業選択（しょくぎょうせんたく）: lựa chọn nghề nghiệp、自然選択（しぜんせんたく）: chọn lọc tự nhiên"
考慮,こうりょ,"xem xét, cân nhắc",shinkanzen,danh từ &amp; động từ (khi đi với する),スピーチをする時（とき）は、聞（き）き手（て）のことも考慮（こうりょ）に入（い）れなければならない。,Khi hùng biện phải tham khảo ý kiến của người nghe.,"考 (khảo) có nghĩa là suy nghĩ, xem xét. 慮 (lự) có nghĩa là lo lắng, cân nhắc. Kết hợp lại, 考慮 thể hiện việc suy nghĩ cẩn thận và cân nhắc các yếu tố khác nhau.",考慮事項（こうりょじこう）: điều cần cân nhắc、再考慮（さいこうりょ）: cân nhắc lại、特別考慮（とくべつこうりょ）: cân nhắc đặc biệt
重視,じゅうし,"chú trọng, xem trọng",shinkanzen,danh từ &amp; động từ (khi đi với する),この仕事（しごと）は経験（けいけん）が重視（じゅうし）される。,Công việc này xem trọng kinh nghiệm.,"重 (trọng) có nghĩa là nặng, quan trọng. 視 (thị) có nghĩa là nhìn, xem. Kết hợp lại, 重視 thể hiện việc nhìn nhận một cách nghiêm túc, coi là quan trọng.",重視傾向（じゅうしけいこう）: xu hướng coi trọng、利益重視（りえきじゅうし）: coi trọng lợi ích、品質重視（ひんしつじゅうし）: coi trọng chất lượng
見当,けんとう,"đoán, ước tính",shinkanzen,danh từ,この問題（もんだい）はどうやって解（と）いたらいいのか、見当（けんとう）も付（つ）かない。,"Vấn đề này nên giải quyết như thế nào thì tốt, không thể phán đoán được.","見 (kiến) có nghĩa là nhìn, thấy. 当 (đương/đáng) có nghĩa là đúng, trúng, phù hợp. Kết hợp lại, 見当 thể hiện việc nhìn và đưa ra phỏng đoán về một điều gì đó.",見当違い（けんとうちがい）: đoán sai、見当外れ（けんとうはずれ）: sai lệch、見当識（けんとうしき）: khả năng định hướng
訂正,ていせい,đính chính,shinkanzen,danh từ &amp; động từ (khi đi với する),間違（まちが）いを訂正（ていせい）する。,Đính chính lại lỗi sai.,"訂 (đính) có nghĩa là sửa chữa, kiểm tra lại. 正 (chính) có nghĩa là đúng, chính xác. Kết hợp lại, 訂正 thể hiện việc sửa lại cho đúng, làm cho chính xác.",訂正箇所（ていせいかしょ）: chỗ cần đính chính、誤字訂正（ごじていせい）: đính chính lỗi chính tả、訂正印（ていせいいん）: con dấu đính chính
修正,しゅうせい,"chỉnh lý, chỉnh sửa, sửa đổi",shinkanzen,danh từ &amp; động từ (khi đi với する),計画（けいかく）を修正（しゅうせい）する必要（ひつよう）がある。,Cần phải chỉnh sửa kế hoạch.,"修 (tu) có nghĩa là sửa chữa, tu bổ. 正 (chính) có nghĩa là đúng, chính xác. Kết hợp lại, 修正 thể hiện việc sửa chữa, điều chỉnh để làm cho đúng hơn, tốt hơn.",修正案（しゅうせいあん）: đề án sửa đổi、軌道修正（きどうしゅうせい）: điều chỉnh quỹ đạo、修正版（しゅうせいばん）: phiên bản đã chỉnh sửa
反抗,はんこう,"phản kháng, chống đối",shinkanzen,danh từ &amp; động từ (khi đi với する),学生（がくせい）は大学（だいがく）当局（とうきょく）に反抗（はんこう）して団体（だんたい）交渉（こうしょう）を行（おこな）った。,Những học sinh chống đối lại lãnh đạo nhà trường và tổ chức cuộc đàm phán đoàn thể.,"反 (phản) có nghĩa là chống lại, đối nghịch. 抗 (kháng) có nghĩa là kháng cự, chống đỡ. Kết hợp lại, 反抗 thể hiện hành động chống đối, không tuân theo.","反抗期（はんこうき）: thời kỳ nổi loạn, tuổi ương bướng、反抗的（はんこうてき）: có tính chống đối、反抗心（はんこうしん）: tinh thần phản kháng"
抵抗,ていこう,"chống đối, kháng cự",shinkanzen,danh từ &amp; động từ (khi đi với する),彼（かれ）は政府（せいふ）に抵抗（ていこう）して逮捕（たいほ）された。,Anh ta chống đối lại chính phủ nên đã bị bắt.,"抵 (đề) có nghĩa là đẩy lại, chống lại. 抗 (kháng) có nghĩa là chống đỡ, kháng cự. Kết hợp lại, 抵抗 thể hiện hành động hoặc thái độ chống lại một lực tác động.",抵抗力（ていこうりょく）: sức đề kháng、無抵抗（むていこう）: không kháng cự、抵抗運動（ていこううんどう）: phong trào kháng chiến
災難,さいなん,"thiên tai, thảm họa",shinkanzen,danh từ,洪水（こうずい）、山火事（やまかじ）、農作物（のうさくぶつ）の不作（ふさく）と、村（むら）に災難（さいなん）が続（つづ）いた。,"Những thảm họa như lũ lụt, núi lửa, mất mùa cứ tiếp tục xảy ra với làng.","災 (tai) có nghĩa là tai họa, thảm họa. 難 (nan/nạn) có nghĩa là khó khăn, tai nạn. Kết hợp lại, 災難 thể hiện sự kiện gây khó khăn, tổn thất lớn cho con người.",天災地変（てんさいちへん）: thiên tai địa biến、災難防止（さいなんぼうし）: phòng chống thảm họa、災難続き（さいなんつづき）: liên tiếp gặp tai ương
汚染,おせん,ô nhiễm,shinkanzen,danh từ &amp; động từ (khi đi với する),工場（こうじょう）排水（はいすい）で地下水（ちかすい）が汚染（おせん）された。,Nước thải của nhà máy làm ô nhiễm nguồn nước ngầm.,"汚 (ô) có nghĩa là bẩn, dơ. 染 (nhiễm) có nghĩa là nhuộm, nhiễm. Kết hợp lại, 汚染 thể hiện quá trình làm cho một thứ bị nhiễm bẩn, không còn trong sạch.",大気汚染（たいきおせん）: ô nhiễm không khí、水質汚染（すいしつおせん）: ô nhiễm nguồn nước、放射能汚染（ほうしゃのうおせん）: ô nhiễm phóng xạ
食べ放題,たべほうだい,"ăn thỏa thích, ăn buffet",shinkanzen,danh từ,「食べ放題（たべほうだい）」は時間（じかん）に制限（せいげん）がある。,Ăn thỏa thích nhưng có giới hạn về thời gian.,"""食べ (ăn) là động từ cơ bản. 放 trong 放題 có nghĩa là thả, phóng thích. 題 trong 放題 thêm vào để tạo thành cụm từ có nghĩa là """"thỏa thích, không giới hạn"""". Kết hợp lại, 食べ放題 thể hiện việc ăn uống không giới hạn.""",食べ放題コース（たべほうだいコース）: khóa ăn buffet、ランチ食べ放題（ランチたべほうだい）: buffet bữa trưa、寿司食べ放題（すしたべほうだい）: buffet sushi
時間制限,じかんせいげん,giới hạn thời gian,shinkanzen,danh từ,このテストには時間制限（じかんせいげん）がありますので、効率的（こうりつてき）に解答（かいとう）してください。,"Bài kiểm tra này có giới hạn thời gian, vì vậy hãy trả lời một cách hiệu quả.","時間 (thời gian) bao gồm 時 (thời) có nghĩa là giờ, thời gian và 間 (gian) có nghĩa là khoảng, giữa. 制限 (giới hạn) bao gồm 制 (chế) có nghĩa là kiểm soát, quy định và 限 (hạn) có nghĩa là giới hạn. Kết hợp lại, 時間制限 thể hiện sự kiểm soát, hạn chế về mặt thời gian.",厳格時間制限（げんかくじかんせいげん）: giới hạn thời gian nghiêm ngặt、時間制限付き（じかんせいげんつき）: có kèm giới hạn thời gian、時間制限なし（じかんせいげんなし）: không giới hạn thời gian
速度制限,そくどせいげん,giới hạn tốc độ,shinkanzen,danh từ,この道路（どうろ）は速度（そくど）が40キロに制限（せいげん）されている。,Con đường này đã quy định với vận tốc giới hạn là 40km.,"速度 (tốc độ) bao gồm 速 (tốc) có nghĩa là nhanh và 度 (độ) có nghĩa là mức độ. 制限 (giới hạn) bao gồm 制 (chế) có nghĩa là kiểm soát, quy định và 限 (hạn) có nghĩa là giới hạn. Kết hợp lại, 速度制限 thể hiện sự kiểm soát, hạn chế về mức độ tốc độ.",速度制限標識（そくどせいげんひょうしき）: biển báo giới hạn tốc độ、速度制限違反（そくどせいげんいはん）: vi phạm giới hạn tốc độ、法定速度制限（ほうていそくどせいげん）: giới hạn tốc độ theo luật định
年齢制限,ねんれいせいげん,giới hạn độ tuổi,shinkanzen,danh từ,このアトラクションには身長（しんちょう）と年齢制限（ねんれいせいげん）があります。,Trò chơi này có giới hạn về chiều cao và độ tuổi.,"年齢 (tuổi tác) bao gồm 年 (niên) có nghĩa là năm và 齢 (lệ) có nghĩa là tuổi. 制限 (giới hạn) bao gồm 制 (chế) có nghĩa là kiểm soát, quy định và 限 (hạn) có nghĩa là giới hạn. Kết hợp lại, 年齢制限 thể hiện sự kiểm soát, hạn chế dựa trên tuổi tác.",年齢制限付き（ねんれいせいげんつき）: có kèm giới hạn độ tuổi、厳格年齢制限（げんかくねんれいせいげん）: giới hạn độ tuổi nghiêm ngặt、就業年齢制限（しゅうぎょうねんれいせいげん）: giới hạn độ tuổi làm việc
カロリー制限,カロリーせいげん,giới hạn calo,shinkanzen,danh từ,医師（いし）からカロリー制限（せいげん）を指示（しじ）された患者（かんじゃ）は、甘（あま）いものを我慢（がまん）しなければならない。,Bệnh nhân được bác sĩ chỉ định giới hạn calo phải kiềm chế không ăn đồ ngọt.,"""カロリー là từ vựng ngoại lai từ tiếng Anh """"calorie"""". 制限 (giới hạn) bao gồm 制 (chế) có nghĩa là kiểm soát, quy định và 限 (hạn) có nghĩa là giới hạn. Kết hợp lại, カロリー制限 thể hiện sự kiểm soát, hạn chế lượng calo.""",カロリー制限食（カロリーせいげんしょく）: thực phẩm giới hạn calo、厳格カロリー制限（げんかくカロリーせいげん）: giới hạn calo nghiêm ngặt、カロリー制限ダイエット（カロリーせいげんダイエット）: chế độ ăn kiêng giới hạn calo
動機,どうき,"động cơ, nguyên nhân, lý do",shinkanzen,danh từ,我が社の求人に応募(おうぼ)した動機(どうき)は何ですか。,Động cơ ứng tuyển vào công ty chúng tôi là gì vậy?,"""""""動"""" có nghĩa là chuyển động, hành động; """"機"""" có nghĩa là cơ hội, máy móc. Kết hợp lại, """"動機"""" chỉ lực thúc đẩy bên trong khiến một người hành động - giống như một cỗ máy bên trong tạo ra động lực.""","動機付け(どうきづけ): sự thúc đẩy, 入学動機(にゅうがくどうき): động cơ nhập học, 犯行動機(はんこうどうき): động cơ phạm tội"
皮肉,ひにく,"giễu cợt, mỉa mai, châm biếm",shinkanzen,"danh từ, tính từ na-đoạn",田中部長(ぶちょう)はよく皮肉(ひにく)を言(い)う。,Trưởng phòng Tanaka thường nói lời mỉa mai.,"""""""皮"""" nghĩa là da, vỏ bên ngoài; """"肉"""" nghĩa là thịt, phần bên trong. Kết hợp lại, """"皮肉"""" gợi ý về sự tương phản giữa vẻ ngoài và bên trong - đúng với bản chất của lời mỉa mai là nói một đằng nhưng ngụ ý một nẻo.""","皮肉屋(ひにくや): người hay châm biếm, 皮肉る(ひにくる): châm biếm ai đó, 自己皮肉(じこひにく): tự giễu cợt bản thân"
意義,いぎ,"ý nghĩa, giá trị, tầm quan trọng",shinkanzen,danh từ,青年(せいねん)時代(じだい)には人生(じんせい)の意義(いぎ)について考(かんが)える物(もの)だ。,Thời thanh niên mà suy nghĩ về ý nghĩa cuộc sống là điều đương nhiên.,"""""""意"""" nghĩa là ý định, ý nghĩ, tâm trí; """"義"""" nghĩa là lý lẽ, nguyên tắc, điều đúng đắn. Kết hợp lại, """"意義"""" chỉ giá trị nội tại và ý nghĩa sâu sắc của một sự vật, hiện tượng hoặc hành động.""","有意義(ゆういぎ): có ý nghĩa, 教育的意義(きょういくてきいぎ): ý nghĩa giáo dục, 歴史的意義(れきしてきいぎ): ý nghĩa lịch sử"
主義,しゅぎ,"chủ nghĩa, nguyên tắc, tín điều",shinkanzen,danh từ,私(わたし)は、一度(いちど)言(い)ったことは必(かなら)ず最後(さいご)まで貫(つらぬ)く主義(しゅぎ)だ。,Tôi có nguyên tắc là khi đã nói thì nhất định phải làm đến cùng.,"""""""主"""" nghĩa là chủ, chính; """"義"""" nghĩa là lý lẽ, nguyên tắc. Kết hợp lại, """"主義"""" chỉ một nguyên tắc hay hệ tư tưởng chính mà một người hoặc một nhóm người tuân theo.""","資本主義(しほんしゅぎ): chủ nghĩa tư bản, 社会主義(しゃかいしゅぎ): chủ nghĩa xã hội, 平和主義(へいわしゅぎ): chủ nghĩa hòa bình"
精神,せいしん,"tinh thần, tâm trí, tâm linh",shinkanzen,danh từ,精神(せいしん)と肉体(にくたい)は結(むす)び付(つ)いている。,Tinh thần và thể chất có mối liên hệ với nhau.,"""""""精"""" nghĩa là tinh túy, thuần khiết; """"神"""" nghĩa là thần, siêu nhiên. Kết hợp lại, """"精神"""" chỉ phần phi vật chất, tinh túy nhất của con người - tâm trí và linh hồn.""","精神力(せいしんりょく): sức mạnh tinh thần, 精神的(せいしんてき): thuộc về tinh thần, 精神科(せいしんか): khoa tâm thần"
年代,ねんだい,"niên đại, thời kỳ, thời đại",shinkanzen,danh từ,日本(にほん)では、1960年代(ねんだい)は高度(こうど)成長(せいちょう)の時代(じだい)だった。,"Ở Nhật, những năm 60 là thời kỳ phát triển cao độ.","""""""年"""" nghĩa là năm; """"代"""" nghĩa là thời đại, thế hệ, thay thế. Kết hợp lại, """"年代"""" chỉ một khoảng thời gian gồm nhiều năm được gom lại thành một đơn vị, như một thập kỷ hay một thời kỳ lịch sử.""","同年代(どうねんだい): cùng thời đại/thế hệ, 年代順(ねんだいじゅん): theo thứ tự thời gian, 青年時代(せいねんじだい): thời thanh niên"
世代,せだい,"thế hệ, đời",shinkanzen,danh từ,我(わ)が家(や)は三(さん)世代(せだい)が一緒(いっしょ)に住(す)んでいる。,Gia đình tôi có 3 thế hệ cùng sinh sống.,"""""""世"""" nghĩa là đời, thế giới; """"代"""" nghĩa là thay thế, đại diện. Kết hợp lại, """"世代"""" chỉ sự kế tiếp của các đời, các thế hệ trong gia đình hoặc xã hội.""","世代交代(せだいこうたい): sự thay đổi thế hệ, 同世代(どうせだい): cùng thế hệ, 若い世代(わかいせだい): thế hệ trẻ"
基礎,きそ,"cơ sở, nền tảng, cơ bản",shinkanzen,danh từ,何事(なにごと)も、基礎(きそ)が大切(たいせつ)だ。,Bất cứ chuyện gì thì cơ bản vẫn là quan trọng.,"""""""基"""" nghĩa là nền tảng, cơ sở; """"礎"""" nghĩa là đá làm nền. Kết hợp lại, """"基礎"""" chỉ những kiến thức hay yếu tố cơ bản nhất làm nền tảng cho sự phát triển tiếp theo - giống như những viên đá làm nền cho một công trình.""","基礎知識(きそちしき): kiến thức cơ bản, 基礎工事(きそこうじ): công trình nền móng, 基礎練習(きそれんしゅう): luyện tập cơ bản"
基準,きじゅん,"tiêu chuẩn, chuẩn mực, quy chuẩn",shinkanzen,danh từ,この川(かわ)の水(みず)は水質(すいしつ)基準(きじゅん)を満(み)たしていないから、飲(の)まないほうがいい。,Nước của sông này không đạt tới mức độ chuẩn nên không uống thì tốt hơn.,"""""""基"""" nghĩa là nền tảng, cơ sở; """"準"""" nghĩa là chuẩn mực, quy tắc. Kết hợp lại, """"基準"""" chỉ một tiêu chuẩn cơ bản và chính xác được dùng làm căn cứ để đánh giá hoặc so sánh.""","基準値(きじゅんち): giá trị chuẩn, 安全基準(あんぜんきじゅん): tiêu chuẩn an toàn, 評価基準(ひょうかきじゅん): tiêu chuẩn đánh giá"
標準,ひょうじゅん,"tiêu chuẩn, chuẩn mực, mẫu mực",shinkanzen,"danh từ, tính từ na-đoạn",オリンピックの標準(ひょうじゅん)記録(きろく)を上回(うわまわ)り、出場(しゅつじょう)できることになった。,Vượt qua kỷ lục tiêu chuẩn của Olympic thì được tham dự.,"""""""標"""" nghĩa là dấu hiệu, biển báo; """"準"""" nghĩa là chuẩn mực, quy tắc. Kết hợp lại, """"標準"""" chỉ một mẫu mực được chỉ rõ và được công nhận rộng rãi mà mọi người có thể tham khảo và tuân theo.""","標準語(ひょうじゅんご): tiếng phổ thông, 標準時(ひょうじゅんじ): giờ chuẩn, 標準的(ひょうじゅんてき): tiêu chuẩn, điển hình"
典型,てんけい,"điển hình, mẫu mực, tiêu biểu",shinkanzen,"danh từ, tính từ na-đoạn",この寺(てら)は江戸(えど)時代(じだい)の仏教(ぶっきょう)建築(けんちく)の典型(てんけい)だと言(い)われている。,Người ta nói rằng ngôi chùa này là kiến trúc Phật giáo điển hình thời kỳ Edo.,"""""""典"""" nghĩa là sách gốc, quy tắc; """"型"""" nghĩa là mẫu, khuôn. Kết hợp lại, """"典型"""" chỉ một mẫu chuẩn mực, điển hình được công nhận và thường được sử dụng làm tham chiếu.""","典型的(てんけいてき): điển hình, tiêu biểu, 典型例(てんけいれい): ví dụ điển hình, 典型像(てんけいぞう): hình ảnh tiêu biểu"
方言,ほうげん,"phương ngữ, tiếng địa phương, phương ngôn",shinkanzen,danh từ,方言(ほうげん)を聞(き)くと、ふるさとを思(おも)い出(だ)す。,Khi nghe giọng địa phương tôi lại nghĩ về quê hương.,"""""""方"""" nghĩa là phương hướng, cách thức, vùng; """"言"""" nghĩa là lời nói, ngôn ngữ. Kết hợp lại, """"方言"""" chỉ cách nói đặc trưng của một vùng địa phương nhất định, khác với ngôn ngữ chuẩn được sử dụng trên toàn quốc.""","方言学(ほうげんがく): phương ngữ học, 方言話者(ほうげんわしゃ): người nói phương ngữ, 地方方言(ちほうほうげん): phương ngữ địa phương"
分布,ぶんぷ,"phân bố, phân phối, sự phân bổ",shinkanzen,"danh từ, động từ suru",この植物(しょくぶつ)は、西(にし)日本(にほん)に広(ひろ)く分布(ぶんぷ)している。,Loại thực vật này phân bố rộng ở phía tây Nhật Bản.,"""""""分"""" nghĩa là chia, phân chia; """"布"""" nghĩa là vải, trải rộng. Kết hợp lại, """"分布"""" chỉ sự phân tán hoặc sắp xếp các đối tượng trên một khu vực địa lý hoặc trong một phạm vi nào đó.""","分布図(ぶんぷず): bản đồ phân bố, 人口分布(じんこうぶんぷ): sự phân bố dân số, 正規分布(せいきぶんぷ): phân phối chuẩn"
発展,はってん,"phát triển, mở rộng, tiến bộ",shinkanzen,"danh từ, động từ suru",アジアは現在(げんざい)大(おお)きく発展(はってん)している。,"Hiện nay, châu Á đang phát triển mạnh.","""""""発"""" nghĩa là phát ra, xuất phát, khởi đầu; """"展"""" nghĩa là mở rộng, triển khai. Kết hợp lại, """"発展"""" chỉ quá trình phát triển từ nhỏ đến lớn, từ đơn giản đến phức tạp, từ thấp đến cao.""","経済発展(けいざいはってん): phát triển kinh tế, 発展途上国(はってんとじょうこく): nước đang phát triển, 発展性(はってんせい): tính phát triển"
人物,じんぶつ,"nhân vật, con người",shinkanzen,danh từ,これは歴史(れきし)上(じょう)の人物(じんぶつ)を描(えが)いた小説(しょうせつ)だ。,Đây là cuốn tiểu thuyết miêu tả về nhân vật trong lịch sử.,"人 (người) + 物 (vật) = con người được coi là một chủ thể, một nhân vật cụ thể trong bối cảnh nào đó, không chỉ là một cá nhân bình thường.",登場人物(とうじょうじんぶつ): nhân vật xuất hiện trong tác phẩm、重要人物(じゅうようじんぶつ): nhân vật quan trọng、歴史人物(れきしじんぶつ): nhân vật lịch sử
者,もの,"người, kẻ",shinkanzen,"danh từ, hậu tố",うちの者(もの)と相談(そうだん)してからお返事(へんじ)いたします。,Sau khi bàn bạc với người nhà tôi sẽ trả lời lại.,"""Kanji """"者"""" có nghĩa là người, nhưng thường mang ý nghĩa chuyên biệt hơn so với """"人"""" (người nói chung), chỉ người có một đặc điểm, vị trí, hoặc vai trò cụ thể trong xã hội.""",若者(わかもの): người trẻ、初心者(しょしんしゃ): người mới bắt đầu、高齢者(こうれいしゃ): người cao tuổi
各自,かくじ,"mỗi người, từng người",shinkanzen,danh từ,パスポートは各自(かくじ)でお持(も)ちください。,Mỗi người hãy mang theo hộ chiếu.,"各 (mỗi, từng cái) + 自 (bản thân, tự) = ý nghĩa chỉ mỗi cá nhân riêng biệt phải tự thực hiện một việc nào đó, nhấn mạnh vào tính độc lập và trách nhiệm cá nhân.",各自責任(かくじせきにん): trách nhiệm cá nhân、各自確認(かくじかくにん): mỗi người tự xác nhận、各自準備(かくじじゅんび): mỗi người tự chuẩn bị
気分,きぶん,"tâm trạng, cảm xúc, tình cảm",shinkanzen,danh từ,緊張(きんちょう)過(す)ぎて気分(きぶん)が悪(わる)くなった。,Vì quá căng thẳng nên tâm trạng trở nên không tốt.,"気 (khí, tinh thần, cảm xúc) + 分 (phân chia, phần) = sự phân chia hay biểu hiện của trạng thái tinh thần, cảm xúc, chỉ tâm trạng hay cảm giác trong một khoảng thời gian.",気分転換(きぶんてんかん): thay đổi tâm trạng、気分一新(きぶんいっしん): đổi mới tâm trạng、気分屋(きぶんや): người thất thường
気配,けはい,"dấu hiệu, cảm giác, linh cảm",shinkanzen,danh từ,暗(くら)くてよく見(み)えないが、人(ひと)のいる気配(けはい)がする。,Mặc dù tối không nhìn thấy rõ nhưng có cảm giác có người ở đó.,"気 (khí, tinh thần, cảm giác) + 配 (phân phối, sắp xếp) = sự hiện diện mơ hồ của một điều gì đó trong không gian, một dấu hiệu không nhìn thấy nhưng có thể cảm nhận được.",気配感(けはいかん): cảm giác về dấu hiệu、殺気(さっき): sát khí、人気配(ひとけはい): dấu hiệu của con người
生きがい,いきがい,"lẽ sống, mục đích sống, ý nghĩa cuộc sống",shinkanzen,danh từ,私(わたし)は今(いま)の仕事(しごと)に生(い)きがいを感(かん)じている。,Tôi cảm thấy công việc hiện tại là lẽ sống của mình.,"""""""生"""" (sống) + """"き"""" (hiện tại phân từ của động từ sống) + """"がい"""" (từ """"甲斐"""" nghĩa là giá trị, ý nghĩa) = tạo thành một khái niệm chỉ giá trị hay ý nghĩa của việc sống, điều khiến cuộc sống đáng sống.""",生きがい探し(いきがいさがし): tìm kiếm lẽ sống、生きがい喪失(いきがいそうしつ): mất đi lẽ sống、人生の生きがい(じんせいのいきがい): ý nghĩa của cuộc đời
行儀,ぎょうぎ,"lễ nghi, cách cư xử, phép tắc",shinkanzen,danh từ,音(おと)を立(た)てて食(た)べるのは行儀(ぎょうぎ)が悪(わる)い。,Ăn phát ra tiếng là cách cư xử không tốt.,"行 (hành, đi) + 儀 (nghi thức, lễ nghi) = chỉ cách thức hành xử, cách ứng xử phù hợp với các quy tắc xã hội, nhấn mạnh vào hành vi tuân theo nghi thức.","行儀作法(ぎょうぎさほう): phép tắc, nghi thức、行儀見習い(ぎょうぎみならい): học tập phép tắc、行儀見習(ぎょうぎならし): rèn luyện phép tắc"
品,ひん,"phẩm chất, phẩm cách, phong thái",shinkanzen,danh từ,女王(じょおう)は姿(すがた)にも話(はな)し方(かた)にも品(ひん)がある。,Nữ hoàng từ vóc dáng đến cách nói chuyện đều có phẩm chất tốt.,"""Kanji """"品"""" gồm ba chữ """"口"""" (miệng) xếp chồng lên nhau, biểu thị sự tinh tế, trật tự và phẩm chất. Trong ngữ cảnh này, nó chỉ phẩm cách, sự thanh lịch và phong thái của một người.""",品格(ひんかく): phẩm cách、品性(ひんせい): phẩm hạnh、上品(じょうひん): thanh lịch
姿,すがた,"hình dáng, vóc dáng, hình ảnh, bóng dáng",shinkanzen,danh từ,姉(あね)の後(うし)ろ姿(すがた)は、母(はは)にそっくりだ。,"Nhìn từ phía sau, chị gái tôi giống hệt mẹ.","""姿 gồm bộ """"女"""" (phụ nữ) và phần bên phải có nghĩa là """"tự nhiên, nguồn gốc"""", chỉ hình dáng, vóc dáng tự nhiên của một người hoặc vật, thể hiện diện mạo, hình ảnh bên ngoài.""","後ろ姿(うしろすがた): hình dáng nhìn từ phía sau、全姿(ぜんすがた): toàn bộ hình dáng、姿形(すがたかたち): hình dáng, vóc dáng"
姿勢,しせい,"tư thế, dáng điệu, thái độ",shinkanzen,danh từ,彼女(かのじょ)はダンスをやっているので、いつも姿勢(しせい)がいい。,Cô ấy tập múa nên lúc nào tư thế cũng đẹp.,"姿 (hình dáng, vóc dáng) + 勢 (sức mạnh, thế lực) = chỉ tư thế, dáng điệu, cách mà cơ thể được giữ hoặc thể hiện, cũng như thái độ, lập trường tinh thần đối với một vấn đề.",姿勢正し(しせいただし): tư thế đúng、姿勢制御(しせいせいぎょ): kiểm soát tư thế、低姿勢(ていしせい): tư thế khiêm tốn
見かけ,みかけ,"vẻ ngoài, hình thức bên ngoài",shinkanzen,danh từ,うちの犬(いぬ)は見(み)かけは強(つよ)そうだが、実(じつ)は怖(こわ)がりだ。,Con chó nhà tôi nhìn có vẻ khỏe mạnh nhưng thực ra rất nhút nhát.,"""見 (nhìn, thấy) + かけ (từ động từ """"かける"""" - treo lên, đặt lên) = vẻ bề ngoài, điều mà người khác nhìn thấy đầu tiên, thường không phản ánh hết bản chất bên trong.""",見かけ倒し(みかけだおし): hào nhoáng bên ngoài nhưng rỗng tuếch bên trong、見かけの価値(みかけのかち): giá trị bề ngoài、見かけ上(みかけじょう): về mặt bề ngoài
振り,ふり,"giả vờ, giả bộ, làm như thể",shinkanzen,danh từ,田中(たなか)さんの欠席(けっせき)の理由(りゆう)を知(し)っていたが、知(し)らないふりをした。,"Tôi biết lý do anh Tanaka vắng mặt, nhưng tôi đã giả vờ không biết.","""振 (lắc, rung, cử động) + り (hậu tố danh từ) = chỉ hành động giả vờ, diễn xuất, tạo ra vẻ bề ngoài khác với thực tế bên trong. Kanji """"振"""" cũng được dùng trong từ """"振る舞い"""" (cách cư xử).""",知らんぷり(しらんぷり): giả vờ không biết、居留守(いるす)を使う: giả vờ không có nhà、見て見ぬふり(みてみぬふり): giả vờ không thấy
苦情,くじょう,"phàn nàn, than phiền, khiếu nại",shinkanzen,danh từ,駅(えき)が汚(きたな)いので、駅員(えきいん)に苦情(くじょう)を言(い)った。,Vì nhà ga bẩn nên tôi đã phàn nàn với nhân viên nhà ga.,"苦 (khổ, đau khổ, khó khăn) + 情 (tình cảm, cảm xúc) = biểu đạt cảm xúc không hài lòng, sự phàn nàn về điều gì đó làm cho người ta cảm thấy không thoải mái.",苦情処理(くじょうしょり): giải quyết khiếu nại、苦情申し立て(くじょうもうしたて): đệ đơn khiếu nại、苦情電話(くじょうでんわ): cuộc gọi phàn nàn
口実,こうじつ,"lý do ngụy biện, cái cớ, lý do giả tạo",shinkanzen,danh từ,気(き)が進(すす)まなかったので、風邪(かぜ)を口実(こうじつ)にして飲(の)み会(かい)を欠席(けっせき)した。,Vì không muốn đi nên tôi đã lấy lý do bị cảm để vắng mặt buổi nhậu.,"口 (miệng, lời nói) + 実 (thực, thật, quả) = lời nói có vẻ hợp lý nhưng thực chất là giả tạo, một lý do được tạo ra để che đậy ý định thật hoặc để tránh làm điều gì đó.",口実作り(こうじつづくり): tạo ra lý do giả、口実探し(こうじつさがし): tìm kiếm cái cớ、口実を設ける(こうじつをもうける): đưa ra cái cớ
活発,かっぱつ,"hoạt bát, năng động, sôi nổi",shinkanzen,形容動詞 (tính từ đuôi na),うちの娘(むすめ)はとても活発(かっぱつ)だ。,Con gái nhà tôi rất hoạt bát.,"""活 (かつ): nghĩa là sống động, hoạt động. 発 (はつ): nghĩa là phát ra, bùng phát. Kết hợp lại thành từ chỉ trạng thái luôn luôn năng động, tràn đầy sức sống được """"phát ra"""" bên ngoài.""",活発性(かっぱつせい): tính năng động、活発化(かっぱつか): sự tăng cường hoạt động、活発化する(かっぱつかする): trở nên sôi nổi hơn
的確,てきかく,"rõ ràng, chính xác, đúng đắn",shinkanzen,形容動詞 (tính từ đuôi na),上司(じょうし)は部下(ぶか)に的確(てきかく)な指示(しじ)を与(あた)えることが大切(たいせつ)だ。,Cấp trên đưa ra những chỉ đạo rõ ràng đối với cấp dưới là điều quan trọng.,"的 (てき): nghĩa là mục tiêu, đích đến. 確 (かく): nghĩa là chắc chắn, xác thực. Kết hợp tạo nên từ chỉ sự chính xác, đúng đắn - giống như bắn trúng đích một cách chắc chắn.",的確性(てきかくせい): tính chính xác、的確判断(てきかくはんだん): phán đoán chính xác、的確指示(てきかくしじ): chỉ đạo rõ ràng
確実,かくじつ,"chính xác, chắc chắn, đáng tin cậy",shinkanzen,形容動詞 (tính từ đuôi na),この点数(てんすう)なら合格(ごうかく)は確実(かくじつ)だ。,Với điểm như thế này thì chắc chắn đậu rồi.,"確 (かく): nghĩa là xác nhận, chắc chắn. 実 (じつ): nghĩa là thật, thực tế. Kết hợp tạo thành từ chỉ sự chắc chắn có thực, đáng tin cậy - giống như một sự thật đã được kiểm chứng.",確実性(かくじつせい): tính chắc chắn、当選確実(とうせんかくじつ): chắc chắn đắc cử、確実保証(かくじつほしょう): sự bảo đảm chắc chắn
明らか,あきらか,"rõ ràng, hiển nhiên, sáng tỏ",shinkanzen,形容動詞 (tính từ đuôi na),事故(じこ)の原因(げんいん)は明(あき)らかではない。,Nguyên nhân vụ tai nạn không rõ ràng.,"明 (あ/あき): nghĩa là sáng, rõ ràng. Từ này biểu thị trạng thái giống như khi ánh sáng (日: mặt trời) chiếu vào cửa sổ (月: mặt trăng/cửa sổ) làm mọi thứ trở nên nhìn thấy rõ ràng.",明らか性(あきらかせい): tính rõ ràng、明らか化(あきらかか): làm rõ ràng hóa、明白(めいはく): minh bạch rõ ràng
曖昧,あいまい,"mơ hồ, không rõ ràng, lờ mờ",shinkanzen,形容動詞 (tính từ đuôi na),社長(しゃちょう)は辞任(じにん)について曖昧(あいまい)な態度(たいど)を取(と)った。,Giám đốc tỏ thái độ không rõ ràng về việc từ chức.,"曖 (あい): có nghĩa là u ám, không rõ. 昧 (まい): có nghĩa là tối tăm, mờ mịt. Kết hợp tạo thành từ chỉ trạng thái không rõ ràng, mơ hồ - giống như cố gắng nhìn xuyên qua một bức màn sương mù.",曖昧さ(あいまいさ): tính mơ hồ、曖昧模糊(あいまいもこ): mơ hồ không rõ ràng、曖昧表現(あいまいひょうげん): cách diễn đạt mơ hồ
具体的,ぐたいてき,"cụ thể, rõ ràng, chi tiết",shinkanzen,形容動詞 (tính từ đuôi na),「分(わ)かりにくいので、もっと具体的(ぐたいてき)に説明(せつめい)してください」,Khó hiểu nên hãy giải thích cụ thể hơn đi ạ.,"具 (ぐ): nghĩa là công cụ, dụng cụ. 体 (たい): nghĩa là cơ thể, thể. 的 (てき): nghĩa là mục tiêu. Kết hợp tạo thành từ chỉ điều cụ thể, có thể nhận biết rõ ràng, không mơ hồ hay trừu tượng.",具体性(ぐたいせい): tính cụ thể、具体例(ぐたいれい): ví dụ cụ thể、具体案(ぐたいあん): đề xuất cụ thể
抽象的,ちゅうしょうてき,"trừu tượng, không cụ thể",shinkanzen,形容動詞 (tính từ đuôi na),名詞(めいし)は形(かたち)のない抽象的(ちゅうしょうてき)な物事(ものごと)も表(あらわ)す。,Danh từ cũng chỉ những sự việc không có hình dạng mang tính trừu tượng.,"抽 (ちゅう): nghĩa là rút ra, trích xuất. 象 (しょう): nghĩa là hình tượng, biểu tượng. 的 (てき): nghĩa là mục tiêu. Kết hợp tạo thành từ chỉ sự trừu tượng, không cụ thể, khái quát hóa từ thực tế.",抽象性(ちゅうしょうせい): tính trừu tượng、抽象画(ちゅうしょうが): tranh trừu tượng、抽象化(ちゅうしょうか): sự trừu tượng hóa
等しい,ひとしい,"bằng nhau, giống nhau, tương đương",shinkanzen,形容詞 (tính từ đuôi i),この二本(にほん)の直線(ちょくせん)は長(なが)さが等(ひと)しい。,Chiều dài hai đường thẳng này là bằng nhau.,"等 (とう/ひと): nghĩa là đẳng, bằng nhau. Kanji này có cấu trúc giống như nhiều thanh đứng cạnh nhau với độ cao bằng nhau, thể hiện ý nghĩa của sự đồng đều, bằng nhau.",等しさ(ひとしさ): sự bằng nhau、等価(とうか): giá trị tương đương、均等(きんとう): đồng đều
平等,びょうどう,"bình đẳng, công bằng, ngang bằng",shinkanzen,形容動詞 (tính từ đuôi na),法(ほう)の下(もと)では誰(だれ)でも平等(びょうどう)だ。,Dưới pháp luật thì ai cũng bình đẳng như nhau.,"平 (へい): nghĩa là bằng phẳng, yên bình. 等 (とう): nghĩa là đẳng, bằng nhau. Kết hợp tạo thành từ chỉ trạng thái mọi người đều bằng nhau, không có sự phân biệt hay cao thấp.",男女平等(だんじょびょうどう): bình đẳng nam nữ、平等主義(びょうどうしゅぎ): chủ nghĩa bình đẳng、機会平等(きかいびょうどう): bình đẳng cơ hội
公平,こうへい,"công bằng, vô tư, không thiên vị",shinkanzen,形容動詞 (tính từ đuôi na),教師(きょうし)が学生(がくせい)によって態度(たいど)を変(か)えるのは公平(こうへい)ではない。,Giáo viên tùy vào học sinh mà thay đổi thái độ là không công bằng.,"公 (こう): nghĩa là công, công khai, công cộng. 平 (へい): nghĩa là bằng phẳng, yên bình. Kết hợp tạo thành từ chỉ sự công bằng, công chính không thiên vị - giống như một cái cân công khai và cân bằng.",公平性(こうへいせい): tính công bằng、公平判断(こうへいはんだん): phán xét công bằng、公平取引(こうへいとりひき): giao dịch công bằng
合理的,ごうりてき,"hợp lý, logic, có lý",shinkanzen,な形容詞 (tính từ đuôi な),工場(こうじょう)の生産(せいさん)ラインは合理的(ごうりてき)に作(つく)られている。,Đường sản xuất của nhà máy được thiết kế một cách hợp lý.,"合: hợp, kết hợp, phù hợp; 理: lý, lý lẽ, nguyên lý; 的: đích, mục tiêu. Khi kết hợp lại, các chữ này tạo thành một từ chỉ tính chất của việc có sự kết hợp hợp lý, có nguyên lý và hướng đến mục tiêu rõ ràng.",合理性(ごうりせい): tính hợp lý、合理主義(ごうりしゅぎ): chủ nghĩa hợp lý、合理化(ごうりか): hợp lý hóa
器用,きよう,"khéo léo, khéo tay, tài giỏi",shinkanzen,な形容詞 (tính từ đuôi な),彼女(かのじょ)は手先(てさき)が器用(きよう)で、アクセサリーを全部(ぜんぶ)手作(てづく)りしている。,Cô ấy khéo tay nên tự làm toàn bộ trang sức.,"""器: đồ dùng, vật dụng, công cụ, khả năng; 用: sử dụng, ứng dụng. Sự kết hợp của hai chữ này tạo thành ý nghĩa """"khả năng sử dụng đồ vật"""" hay """"tài năng trong việc xử lý công cụ"""" - chính là sự khéo léo.""",器用貧乏(きようびんぼう): giỏi nhiều nghề nhưng không giàu、手先器用(てさききよう): khéo tay
手軽,てがる,"nhẹ nhàng, đơn giản, thuận tiện, dễ dàng",shinkanzen,な形容詞 (tính từ đuôi な),ジョギングは誰(だれ)でも手軽(てがる)にできるスポーツだ。,Chạy bộ là môn thể thao mà ai cũng có thể thực hiện một cách đơn giản.,"""手: tay, công việc liên quan đến tay; 軽: nhẹ, không nặng nề. Kết hợp lại, từ này mang ý nghĩa """"nhẹ tay"""" - ám chỉ công việc không cần nhiều công sức, dễ dàng thực hiện.""",手軽さ(てがるさ): sự đơn giản、手軽食(てがるしょく): thức ăn nhanh、手軽料理(てがるりょうり): món ăn đơn giản
手頃,てごろ,"phù hợp, vừa phải, thích hợp",shinkanzen,な形容詞 (tính từ đuôi な),この店(みせ)では手頃(てごろ)な値段(ねだん)でおいしいフランス料理(りょうり)が食(た)べられる。,Ở cửa hàng này có thể ăn món Pháp ngon với giá cả phải chăng.,"""手: tay, liên quan đến việc cầm nắm; 頃: khoảng, lúc, thời điểm, ám chỉ sự vừa vặn về thời gian. Kết hợp lại, từ này mang ý nghĩa """"vừa vặn với tay"""" - biểu thị điều gì đó có tính chất cân đối, phù hợp.""",手頃さ(てごろさ): sự phù hợp、手頃価格(てごろかかく): giá cả phải chăng、手頃サイズ(てごろサイズ): kích cỡ vừa phải
高価,こうか,"đắt giá, giá cao, có giá trị",shinkanzen,な形容詞 (tính từ đuôi な),この博物館(はくぶつかん)には世界(せかい)一(いち)高価(こうか)な宝石(ほうせき)が展示(てんじ)してある。,Ở bảo tàng này đang trưng bày một viên đá quý đắt giá nhất thế giới.,"""高: cao, trên cao; 価: giá trị, giá cả. Kết hợp lại, từ này mang ý nghĩa """"giá trị cao"""" - chỉ những thứ có giá trị lớn về mặt tiền bạc.""",高価品(こうかひん): hàng hóa đắt tiền、高価買取(こうかかいとり): mua lại với giá cao、高価格(こうかかく): giá cao
贅沢,ぜいたく,"xa xỉ, phung phí, hưởng thụ",shinkanzen,な形容詞 (tính từ đuôi な),贅沢(ぜいたく)な暮(く)らしをしている。,Đang sống cuộc sống xa hoa.,"""贅: thừa thãi, dư thừa, phung phí; 沢: đầm lầy, phong phú, ân huệ. Kết hợp lại, từ này mang ý nghĩa """"phung phí sự phong phú"""" - chỉ lối sống có nhiều thứ dư thừa, không tiết kiệm.""",贅沢品(ぜいたくひん): hàng xa xỉ、贅沢三昧(ぜいたくざんまい): sống xa hoa、贅沢病(ぜいたくびょう): bệnh ham muốn xa xỉ
豪華,ごうか,"hoành tráng, xa hoa, lộng lẫy",shinkanzen,な形容詞 (tính từ đuôi な),客(きゃく)を500人(にん)招(まね)いて豪華(ごうか)な結婚(けっこん)披露宴(ひろうえん)をした。,Mời 500 khách và tổ chức một buổi tiệc cưới hoành tráng.,"""豪: mạnh mẽ, xuất chúng, sang trọng; 華: hoa, rực rỡ, lộng lẫy. Kết hợp lại, từ này mang ý nghĩa """"vẻ đẹp rực rỡ xuất chúng"""" - biểu thị sự sang trọng, hoành tráng và lộng lẫy.""",豪華版(ごうかばん): phiên bản đặc biệt、豪華客船(ごうかきゃくせん): du thuyền sang trọng、豪華セット(ごうかセット): bộ sản phẩm cao cấp
高級,こうきゅう,"cao cấp, chất lượng cao, hạng sang",shinkanzen,な形容詞 (tính từ đuôi な),ツバメの巣(す)は中華(ちゅうか)料理(りょうり)では高級(こうきゅう)な食材(しょくざい)だ。,Tổ yến là nguyên liệu cao cấp trong ẩm thực Trung Hoa.,"""高: cao, trên cao; 級: cấp, bậc, hạng. Kết hợp lại, từ này mang ý nghĩa """"cấp độ cao"""" - chỉ thứ có chất lượng vượt trội, thuộc hạng cao nhất.""",高級品(こうきゅうひん): hàng cao cấp、高級感(こうきゅうかん): cảm giác cao cấp、高級車(こうきゅうしゃ): xe hơi hạng sang
上等,じょうとう,"thượng hạng, cao cấp, ưu tú",shinkanzen,な形容詞 (tính từ đuôi な),上等(じょうとう)なお菓子(かし)をお土産(みやげ)にいただいた。,Tôi được tặng bánh kẹo thượng hạng làm quà.,"""上: trên, cao, thượng; 等: đẳng, hạng, loại, ngang bằng. Kết hợp lại, từ này mang ý nghĩa """"hạng cao nhất"""" - chỉ vật phẩm ở cấp độ chất lượng hàng đầu.""",上等品(じょうとうひん): hàng thượng hạng、上等兵(じょうとうへい): binh nhì、上等意識(じょうとういしき): ý thức về chất lượng cao
上品,じょうひん,"thanh lịch, tao nhã, lịch sự, tinh tế",shinkanzen,な形容詞 (tính từ đuôi な),彼女(かのじょ)はいつも上品(じょうひん)な服(ふく)を着(き)ている。,Cô ấy lúc nào cũng mặc trang phục thanh lịch.,"""上: trên, cao, thượng; 品: phẩm, chất lượng, tư cách. Kết hợp lại, từ này mang ý nghĩa """"phẩm cách cao"""" - biểu thị sự thanh lịch, tao nhã và có giáo dục tốt.""",上品さ(じょうひんさ): sự thanh lịch、上品ぶる(じょうひんぶる): làm ra vẻ thanh lịch、上品気取り(じょうひんきどり): tỏ ra thanh lịch
適度,てきど,"vừa phải, thích hợp, điều độ",shinkanzen,な形容詞 (tính từ đuôi な),健康(けんこう)のためには、適度(てきど)な運動(うんどう)が大切(たいせつ)だ。,"Để có sức khỏe tốt, việc vận động ở mức độ vừa phải là rất quan trọng.","""適: phù hợp, thích hợp, đúng; 度: độ, mức độ, lần. Kết hợp lại, từ này mang ý nghĩa """"mức độ phù hợp"""" - chỉ sự cân bằng và điều độ, không thái quá.""",適度感(てきどかん): cảm giác vừa phải、適度運動(てきどうんどう): vận động vừa phải、適度摂取(てきどせっしゅ): hấp thụ vừa phải
快適,かいてき,"dễ chịu, thoải mái, sảng khoái",shinkanzen,な形容詞 (tính từ đuôi な),新(あたら)しい車(くるま)の乗(の)り心地(ごこち)は快適(かいてき)だ。,Cảm giác lái chiếc xe mới thật thoải mái.,"""快: dễ chịu, vui vẻ, nhanh; 適: phù hợp, thích hợp. Kết hợp lại, từ này mang ý nghĩa """"phù hợp và dễ chịu"""" - chỉ trạng thái hoặc môi trường tạo cảm giác thoải mái.""",快適さ(かいてきさ): sự thoải mái、快適性(かいてきせい): tính thoải mái、快適環境(かいてきかんきょう): môi trường dễ chịu
快い,こころよい,"dễ chịu, thoải mái, vui lòng",shinkanzen,い形容詞 (tính từ đuôi い),草原(そうげん)には快(こころよ)い風(かぜ)が吹(ふ)いていて気持(きも)ちが良(よ)かった。,Những cơn gió dễ chịu thổi trên thảo nguyên tạo cảm giác thật thoải mái.,"""快: dễ chịu, vui vẻ, nhanh. Từ """"快い"""" chỉ dùng một chữ kanji, nhưng cách đọc """"こころよい"""" gợi nhớ đến """"心良い"""" (tâm tốt, tâm dễ chịu), thể hiện trạng thái thoải mái, dễ chịu của tâm trí và cơ thể.""",快さ(こころよさ): sự dễ chịu、快感(かいかん): cảm giác dễ chịu、快諾(かいだく): nhận lời ngay
順調,じゅんちょう,"thuận lợi, suôn sẻ, tiến triển tốt",shinkanzen,な形容詞 (tính từ đuôi な),計画(けいかく)は順調(じゅんちょう)に進(すす)んでいる。,Kế hoạch đang tiến triển một cách thuận lợi.,"""順: thuận, theo thứ tự, vâng lời; 調: điều, điệu, hài hòa, điều chỉnh. Kết hợp lại, từ này mang ý nghĩa """"diễn tiến thuận theo trật tự"""" - chỉ trạng thái mọi việc diễn ra đúng kế hoạch, không gặp trở ngại và đạt được kết quả mong muốn.""",順調さ(じゅんちょうさ): sự thuận lợi、順調回復(じゅんちょうかいふく): phục hồi thuận lợi、順調推移(じゅんちょうすいい): diễn biến thuận lợi
質素,しっそ,"giản dị, đơn giản, tiết kiệm, chất phác",shinkanzen,な形容詞 (tính từ đuôi な),彼(かれ)の生活(せいかつ)は質素(しっそ)だが、必要(ひつよう)なものは全部(ぜんぶ)揃(そろ)っている。,Cuộc sống của anh ấy tuy giản dị nhưng đầy đủ những thứ cần thiết.,"""質: chất, chất lượng, bản chất; 素: tố, nguyên tố, đơn giản, tự nhiên. Kết hợp lại, từ này mang ý nghĩa """"bản chất đơn giản"""" - chỉ lối sống không phô trương, quay về với sự giản dị và tiết kiệm.""",質素倹約(しっそけんやく): tiết kiệm giản dị、質素生活(しっそせいかつ): cuộc sống đơn giản、質素さ(しっそさ): sự giản dị
単純,たんじゅん,"đơn giản, đơn thuần",shinkanzen,形容動詞 (tính từ đuôi na),この機械(きかい)は単純(たんじゅん)な仕掛(しか)けで働(はたら)く。,Máy này có thể hoạt động bằng phương pháp đơn giản.,"""""""単"""" nghĩa là """"đơn, đơn độc"""", """"純"""" nghĩa là """"thuần, tinh khiết"""". Kết hợp lại, từ này mang ý nghĩa """"thuần túy đơn lẻ"""", không phức tạp hay pha trộn - chính là """"đơn giản"""".""",単純作業(たんじゅんさぎょう): công việc đơn giản、単純明快(たんじゅんめいかい): đơn giản và rõ ràng、単純労働(たんじゅんろうどう): lao động đơn giản
純粋,じゅんすい,"thuần túy, trong sáng, thuần khiết",shinkanzen,形容動詞 (tính từ đuôi na),あの人(ひと)は純粋(じゅんすい)な心(こころ)の持(も)ち主(ぬし)だ。,Người ấy có một tâm hồn thuần khiết.,"""""""純"""" mang ý nghĩa """"thuần khiết, không pha trộn"""", """"粋"""" có nghĩa là """"tinh túy, tinh hoa"""". Kết hợp lại, từ này diễn tả trạng thái tinh khiết, không bị pha trộn, tinh túy nhất.""",純粋培養(じゅんすいばいよう): nuôi cấy thuần khiết、純粋理論(じゅんすいりろん): lý thuyết thuần túy、純粋数学(じゅんすいすうがく): toán học thuần túy
透明,とうめい,"trong suốt, thấu minh",shinkanzen,形容動詞 (tính từ đuôi na),水(みず)や空気(くうき)は無色(むしょく)透明(とうめい)だ。,Nước và không khí trong suốt không màu.,"""""""透"""" có nghĩa là """"thấu, đi qua"""", """"明"""" có nghĩa là """"sáng"""". Kết hợp lại, từ này mô tả vật thể mà ánh sáng có thể xuyên qua được, tức là """"trong suốt"""".""",透明感(とうめいかん): cảm giác trong suốt、半透明(はんとうめい): bán trong suốt、透明性(とうめいせい): tính minh bạch
爽やか,さわやか,"dễ chịu, sảng khoái, tươi trẻ",shinkanzen,形容詞 (tính từ đuôi na),朝(あさ)の空気(くうき)はさわやかだ。,Không khí buổi sáng thật dễ chịu.,"""""""爽"""" mang ý nghĩa """"sảng khoái, thoải mái"""". Khi thêm đuôi """"やか"""", từ này diễn tả trạng thái tươi mát, dễ chịu, làm người ta cảm thấy thoải mái.""",爽やか感(さわやかかん): cảm giác sảng khoái、爽やかさ(さわやかさ): sự tươi mát、爽やか青年(さわやかせいねん): chàng trai tươi trẻ
素直,すなお,"ngoan ngoãn, dễ bảo, thẳng thắn",shinkanzen,形容動詞 (tính từ đuôi na),この童話(どうわ)を読(よ)むと、子供(こども)のような素直(すなお)な気持(きも)ちになれる。,"Đọc truyện đồng thoại này, tôi có thể cảm nhận được tâm hồn hồn nhiên như trẻ con.","""""""素"""" nghĩa là """"tố, nguyên chất, đơn giản"""", """"直"""" nghĩa là """"thẳng, ngay thẳng"""". Kết hợp lại, từ này mô tả tính cách đơn giản, không phức tạp, thẳng thắn và chân thành.""",素直さ(すなおさ): sự thẳng thắn、素直心(すなおごころ): tâm hồn ngoan ngoãn、素直者(すなおもの): người nghe lời
率直,そっちょく,"thẳng thắn, trực tính",shinkanzen,形容動詞 (tính từ đuôi na),彼(かれ)は率直(そっちょく)な人(ひと)で、言(い)うべきことをきちんと言(い)う。,Anh ấy là người thẳng thắn nên những lời nên nói sẽ nói một cách nghiêm túc.,"""""""率"""" có nghĩa là """"tỷ lệ, dẫn dắt"""", """"直"""" có nghĩa là """"thẳng, ngay thẳng"""". Kết hợp lại, từ này mô tả thái độ, cách nói chuyện thẳng thắn, trực tiếp, không vòng vo.""",率直さ(そっちょくさ): sự thẳng thắn、率直性(そっちょくせい): tính thẳng thắn、率直意見(そっちょくいけん): ý kiến thẳng thắn
誠実,せいじつ,"thành thật, thật thà, trung thực",shinkanzen,形容動詞 (tính từ đuôi na),男女(だんじょ)とも、「誠実(せいじつ)な人(ひと)と結婚(けっこん)したい」と言(い)う若者(わかもの)が多(おお)い。,"Dù trai hay gái, nhiều người trẻ muốn kết hôn với người trung thực.","""""""誠"""" mang ý nghĩa """"thành thật, chân thành"""", """"実"""" có nghĩa là """"thực tế, chắc chắn"""". Kết hợp lại, từ này mô tả con người có lời nói chân thành và hành động đáng tin cậy.""",誠実さ(せいじつさ): sự trung thực、誠実性(せいじつせい): tính trung thực、誠実義務(せいじつぎむ): nghĩa vụ trung thực
謙虚,けんきょ,"khiêm tốn, khiêm nhường",shinkanzen,形容動詞 (tính từ đuôi na),彼(かれ)は謙虚(けんきょ)な人柄(ひとがら)だ。,Anh ấy có tính cách khiêm tốn.,"""""""謙"""" mang ý nghĩa """"khiêm tốn, nhún nhường"""", """"虚"""" có nghĩa là """"trống rỗng, khiêm tốn"""". Kết hợp lại, từ này mô tả thái độ khiêm nhường, không tự cao tự đại.""",謙虚さ(けんきょさ): sự khiêm tốn、謙虚心(けんきょしん): tâm khiêm tốn、謙虚態度(けんきょたいど): thái độ khiêm tốn
賢い,かしこい,"thông minh, khôn ngoan",shinkanzen,形容詞 (tính từ đuôi i),こんな難(むずか)しい話(はなし)が理解(りかい)できるとは賢(かしこ)い子(こ)だ。,Vấn đề khó như thế mà có thể hiểu được đúng là cậu bé thông minh.,"""""""賢"""" là chữ Hán mang ý nghĩa """"thông minh, khôn ngoan, sáng suốt"""", bao gồm bộ phận """"臣"""" (quan) và """"貝"""" (tiền). Người xưa cho rằng người làm quan phải là người thông minh và biết quản lý tiền bạc.""",賢さ(かしこさ): sự thông minh、賢者(けんじゃ): người khôn ngoan、賢明(けんめい): sáng suốt
慎重,しんちょう,"thận trọng, cẩn thận",shinkanzen,形容動詞 (tính từ đuôi na),私(わたし)は慎重(しんちょう)な性格(せいかく)なので、よく考(かんが)えてからでなければ行動(こうどう)しない。,Tôi là một người thận trọng nên sẽ suy nghĩ kĩ lưỡng mới hành động.,"""""""慎"""" mang ý nghĩa """"cẩn thận, thận trọng"""", """"重"""" có nghĩa là """"nặng nề, quan trọng"""". Kết hợp lại, từ này mô tả thái độ cẩn thận, thận trọng khi đối mặt với vấn đề quan trọng.""",慎重さ(しんちょうさ): sự thận trọng、慎重姿勢(しんちょうしせい): thái độ thận trọng、慎重意見(しんちょういけん): ý kiến thận trọng
穏やか,おだやか,"ôn hòa, điềm tĩnh, yên ả",shinkanzen,形容動詞 (tính từ đuôi na),この辺(あた)りは気候(きこう)が穏(おだ)やかで住(す)みやすい。,Khí hậu vùng này ôn hòa nên dễ sống.,"""""""穏"""" mang ý nghĩa """"yên bình, ôn hòa"""". Khi thêm đuôi """"やか"""", từ này diễn tả trạng thái yên bình, ôn hòa, không có xáo trộn hay kích động.""",穏やかさ(おだやかさ): sự ôn hòa、穏やか笑顔(おだやかえがお): nụ cười hiền hòa、穏やか気候(おだやかきこう): khí hậu ôn hòa
真剣,しんけん,"nghiêm túc, nghiêm chỉnh, chân kiếm",shinkanzen,形容動詞 (tính từ đuôi na),二人(ふたり)は結婚(けっこん)するつもりで真剣(しんけん)に付(つ)き合(あ)っている。,Hai người đang hẹn hò một cách nghiêm túc với ý định kết hôn.,"""""""真"""" mang ý nghĩa """"thật, chân thực"""", """"剣"""" có nghĩa là """"kiếm"""". Kết hợp lại, từ này nghĩa gốc là """"thanh kiếm thật"""", từ đó mở rộng thành ý nghĩa """"nghiêm túc, thực sự"""".""",真剣さ(しんけんさ): sự nghiêm túc、真剣勝負(しんけんしょうぶ): trận đấu thực sự、真剣味(しんけんみ): vẻ nghiêm túc
正式な,せいしきな,"chính thức, trang trọng",shinkanzen,tính từ na,日本(にほん)のお札(さつ)の正式(せいしき)な名称(めいしょう)は「日本(にほん)銀行券(ぎんこうけん)」だ。,"""Tên gọi chính thức của tờ tiền Nhật là """"Tiền giấy Nhật Bản"""".""","""正 nghĩa là """"đúng đắn/đúng quy tắc"""", 式 nghĩa là """"lễ nghi/hình thức"""". Kết hợp lại, từ này có nghĩa là """"đúng theo hình thức quy định"""" hay """"chính thức"""".""",正式名称(せいしきめいしょう): tên gọi chính thức、正式採用(せいしきさいよう): tuyển dụng chính thức、正式発表(せいしきはっぴょう): công bố chính thức
主な,おもな,"chính, chủ yếu",shinkanzen,tính từ na,「今日(きょう)の主(おも)なニュースを五(いつ)つお伝(つた)えします」,Hôm nay chúng tôi sẽ truyền tải 5 tin chính.,"""Kanji 主 có nghĩa là """"chủ, người chủ, điều chính"""". Khi kết hợp với đuôi な, nó tạo thành tính từ chỉ thứ gì đó """"chính"""" hoặc """"chủ yếu"""" trong một nhóm.""",主成分(おもせいぶん): thành phần chính、主目的(おももくてき): mục đích chính、主内容(おもないよう): nội dung chính
主要な,しゅような,"chủ yếu, chính",shinkanzen,tính từ na,会(かい)の主要(しゅよう)な役員(やくいん)が集(あつ)まって今後(こんご)の方針(ほうしん)を議論(ぎろん)した。,Các nhân viên chủ chốt trong cuộc họp tập hợp để thảo luận phương châm sắp tới.,"""主 nghĩa là """"chủ, chính"""", 要 nghĩa là """"cần thiết, quan trọng"""". Khi kết hợp lại, từ này mang ý nghĩa """"quan trọng chính"""" hay """"chủ yếu"""".""",主要都市(しゅようとし): thành phố chính、主要産業(しゅようさんぎょう): ngành công nghiệp chính、主要国(しゅようこく): quốc gia chính
貴重な,きちょうな,"quý giá, có giá trị",shinkanzen,tính từ na,留学(りゅうがく)と言(い)う貴重(きちょう)な体験(たいけん)をした。,Du học là một trải nghiệm quý báu.,"""貴 nghĩa là """"quý, đáng trọng"""", 重 nghĩa là """"nặng, quan trọng"""". Kết hợp lại, từ này có nghĩa là """"có giá trị cao"""" hoặc """"quý giá"""".""",貴重品(きちょうひん): đồ quý giá、貴重資料(きちょうしりょう): tài liệu quý giá、貴重種(きちょうしゅ): loài quý hiếm
偉大な,いだいな,vĩ đại,shinkanzen,tính từ na,アインシュタインは科学(かがく)の分野(ぶんや)で偉大(いだい)な功績(こうせき)をあげた。,Einstein đã gặt hái được thành công vĩ đại trong lĩnh vực khoa học.,"""偉 nghĩa là """"xuất chúng, tuyệt vời"""", 大 nghĩa là """"to lớn"""". Kết hợp lại, từ này có nghĩa là """"vĩ đại"""" hay """"có tầm ảnh hưởng lớn"""".""",偉大さ(いだいさ): sự vĩ đại、偉大性(いだいせい): tính vĩ đại、偉大人物(いだいじんぶつ): nhân vật vĩ đại
偉い,えらい,"đáng nể, đáng ngưỡng mộ, vĩ đại",shinkanzen,tính từ i,卒業式(そつぎょうしき)には市長(しちょう)や大臣(だいじん)など偉(えら)い人(ひと)が来(き)ていた。,"Trong lễ tốt nghiệp, những người vĩ đại như thị trưởng và thủ tướng cũng đã đến dự.","偉 là một kanji ghép từ bộ 亻(nhân) và 韋 (da thuộc). Ý nghĩa gốc liên quan đến sự xuất chúng, vượt trội hơn người thường.",偉さ(えらさ): sự tuyệt vời、偉人(いじん): người vĩ đại、偉業(いぎょう): thành tựu vĩ đại
独特な,どくとくな,"độc nhất, đặc biệt, độc đáo",shinkanzen,tính từ na,ブルーチーズには独特(どくとく)な香(かお)りがある。,Phô mai xanh có hương vị rất độc đáo.,"""独 nghĩa là """"một mình, độc lập"""", 特 nghĩa là """"đặc biệt, đặc điểm"""". Kết hợp lại, từ này mang ý nghĩa """"đặc điểm riêng biệt"""" hay """"độc đáo"""".""",独特さ(どくとくさ): tính độc đáo、独特性(どくとくせい): đặc tính độc đáo、独特風味(どくとくふうみ): hương vị đặc trưng
特殊な,とくしゅな,"đặc thù, đặc biệt",shinkanzen,tính từ na,この仕事(しごと)には特殊(とくしゅ)な技能(ぎのう)が必要(ひつよう)だ。,Công việc này cần một kĩ năng đặc thù.,"""特 nghĩa là """"đặc biệt"""", 殊 nghĩa là """"khác biệt, đặc biệt"""". Kết hợp lại, từ này mang ý nghĩa """"đặc biệt ở mức độ cao"""" hay """"đặc thù"""".""",特殊性(とくしゅせい): tính đặc thù、特殊撮影(とくしゅさつえい): kỹ xảo điện ảnh、特殊教育(とくしゅきょういく): giáo dục đặc biệt
奇妙な,きみょうな,"kỳ lạ, quái dị",shinkanzen,tính từ na,この魚(さかな)は奇妙(きみょう)な形(かた)をしている。,Con cá này có một hình thù kì lạ.,"""奇 nghĩa là """"lạ lùng, kỳ lạ"""", 妙 nghĩa là """"tuyệt vời, kỳ diệu, lạ lùng"""". Kết hợp lại, từ này mang ý nghĩa """"kỳ lạ"""" hoặc """"quái dị"""".""",奇妙さ(きみょうさ): sự kỳ lạ、奇妙奇天烈(きみょうきてれつ): kỳ quặc、奇妙現象(きみょうげんしょう): hiện tượng kỳ lạ
妙な,みょうな,"lạ, tò mò, kỳ quặc",shinkanzen,tính từ na,妙(みょう)なことに、初(はじ)めて来(き)たこの場所(ばしょ)をなんだか知(し)っているような気(き)がする。,"Thật là kì lạ, lần đầu tiên đến nơi này nhưng tôi cứ cảm thấy như đã biết chút gì đó rồi.","""Kanji 妙 bao gồm bộ 女 (nữ) và 少 (ít). Ý nghĩa ban đầu liên quan đến sự tuyệt vời, tinh tế, nhưng trong ngữ cảnh hiện đại thường mang ý nghĩa """"kỳ lạ"""" hoặc """"khó hiểu"""".""",妙技(みょうぎ): kỹ thuật tuyệt vời、妙案(みょうあん): ý tưởng hay、妙味(みょうみ): hương vị đặc biệt
怪しい,あやしい,"đáng ngờ, không bình thường, khả nghi",shinkanzen,tính từ i,家(いえ)の前(まえ)を怪(あや)しい男(おとこ)がうろうろしている。,Có người đàn ông lạ mặt cứ đi vòng vòng trước nhà.,"怪 bao gồm bộ phận 忄(tâm) và phần 圣. Ý nghĩa liên quan đến sự kỳ lạ, bí ẩn hoặc đáng ngờ gây ra cảm giác lo lắng trong lòng.",怪しさ(あやしさ): sự đáng ngờ、怪しげな(あやしげな): có vẻ đáng ngờ、怪しむ(あやしむ): nghi ngờ
異常な,いじょうな,"dị thường, khác thường, bất thường",shinkanzen,tính từ na,今年(ことし)の夏(なつ)の暑(あつ)さは異常(いじょう)だ。,Cái nóng của mùa hè năm nay thật bất thường.,"""異 nghĩa là """"khác, lạ"""", 常 nghĩa là """"thường xuyên, bình thường"""". Kết hợp lại, từ này mang ý nghĩa """"khác với bình thường"""" hay """"bất thường"""".""",異常さ(いじょうさ): sự bất thường、異常気象(いじょうきしょう): thời tiết bất thường、異常性(いじょうせい): tính bất thường
高度な,こうどな,"độ chính xác cao, cao cấp, tiên tiến",shinkanzen,tính từ na,このメーカーは高度(こうど)な半導体(はんどうたい)技術(ぎじゅつ)で知(し)られている。,Nhà sản xuất này được biết đến với kĩ thuật chất bán dẫn cao độ.,"""高 nghĩa là """"cao"""", 度 nghĩa là """"độ, mức độ"""". Kết hợp lại, từ này mang ý nghĩa """"ở mức độ cao"""" hoặc """"độ cao"""".""",高度経済成長(こうどけいざいせいちょう): tăng trưởng kinh tế cao độ、高度技術(こうどぎじゅつ): kỹ thuật cao、高度医療(こうどいりょう): y tế cao cấp
新たな,あらたな,mới,shinkanzen,tính từ na,裁判(さいばん)で新(あら)たな証人(しょうにん)が現(あらわ)れた。,Thẩm phán đã tìm ra một nhân chứng mới.,"""Từ này chỉ sử dụng một kanji là 新 nghĩa là """"mới"""". Kết hợp với đuôi な, nó tạo thành tính từ chỉ điều gì đó """"mới"""" hoặc """"mới mẻ"""".""",新たな発見(あらたなはっけん): phát hiện mới、新たな展開(あらたなてんかい): diễn biến mới、新たな課題(あらたなかだい): vấn đề mới
カット,かっと,"cắt, chia, cắt giảm, loại bỏ",shinkanzen,động từ ngoại lai,ケーキを8つにカットした。,Cắt bánh ra 8 cái.,"""Là từ vựng katakana được vay mượn từ tiếng Anh """"cut"""" với ý nghĩa cắt, chia tách. Không chứa kanji.""","ヘアカット (へあかっと): cắt tóc、ノーカット (のーかっと): không cắt xén, nguyên bản、カットグラス (かっとぐらす): thủy tinh cắt"
カバー,かばー,"bìa, trang bìa, lá chắn, bao phủ, che đậy",shinkanzen,danh từ ngoại lai,ソファーをカバーで覆（おお）う。,Trải bạt phủ lên ghế sofa.,"""Là từ vựng katakana được vay mượn từ tiếng Anh """"cover"""" với ý nghĩa che phủ, bảo vệ. Không chứa kanji.""",ブックカバー (ぶっくかばー): bìa sách、洋服カバー (ようふくかばー): bao áo quần、枕カバー (まくらかばー): vỏ gối
リハビリ,りはびり,"điều trị phục hồi, phục hồi chức năng",shinkanzen,danh từ ngoại lai,骨折（こっせつ）で入院（にゅういん）し、退院後（たいいんご）もしばらくリハビリのため病院（びょういん）に通（かよ）った。,"Bị gãy xương nên nhập viện, sau khi xuất viện vẫn phải đến bệnh viện một thời gian để điều trị phục hồi.","""Là từ vựng katakana được rút gọn từ リハビリテーション (tiếng Anh """"rehabilitation""""). Không chứa kanji.""",リハビリ運動 (りはびりうんどう): vận động phục hồi chức năng、リハビリセンター (りはびりせんたー): trung tâm phục hồi chức năng、在宅リハビリ (ざいたくりはびり): phục hồi chức năng tại nhà
プレッシャー,ぷれっしゃー,"áp lực, sức ép",shinkanzen,danh từ ngoại lai,この仕事（しごと）は、新入（しんにゅう）社員（しゃいん）にはプレッシャーが大（おお）きい。,Công việc này gây áp lực lớn đối với nhân viên mới.,"""Là từ vựng katakana được vay mượn từ tiếng Anh """"pressure"""". Không chứa kanji.""",精神的プレッシャー (せいしんてきぷれっしゃー): áp lực tinh thần、時間的プレッシャー (じかんてきぷれっしゃー): áp lực về thời gian、プレッシャーポイント (ぷれっしゃーぽいんと): điểm gây áp lực
カウンセリング,かうんせりんぐ,"tư vấn, chỉ dẫn, tham vấn tâm lý",shinkanzen,danh từ ngoại lai,学校（がっこう）で子供（こども）たち｛を/に｝カウンセリングする仕事（しごと）をしている。,Tôi đang làm công việc tư vấn cho trẻ em ở trường học.,"""Là từ vựng katakana được vay mượn từ tiếng Anh """"counseling"""". Không chứa kanji.""",心理カウンセリング (しんりかうんせりんぐ): tư vấn tâm lý、就職カウンセリング (しゅうしょくかうんせりんぐ): tư vấn việc làm、キャリアカウンセリング (きゃりあかうんせりんぐ): tư vấn nghề nghiệp
キャラクター,きゃらくたー,"nhân vật, tính cách, đặc điểm",shinkanzen,danh từ ngoại lai,彼（かれ）はちょっと変（か）わったキャラクターの持（も）ち主（ぬし）だ。,Anh ấy là người có tính cách hơi khác lạ.,"""Là từ vựng katakana được vay mượn từ tiếng Anh """"character"""". Không chứa kanji.""",キャラクター商品 (きゃらくたーしょうひん): sản phẩm nhân vật、キャラクターデザイン (きゃらくたーでざいん): thiết kế nhân vật、人気キャラクター (にんききゃらくたー): nhân vật được yêu thích
ユニークな,ゆにーくな,"độc đáo, đặc biệt, độc nhất",shinkanzen,tính từ -na,彼女（かのじょ）はユニークな性格（せいかく）だ。,Cô ấy có tính cách độc đáo.,"""Là từ vựng katakana được vay mượn từ tiếng Anh """"unique"""". Không chứa kanji.""",ユニークさ (ゆにーくさ): sự độc đáo、ユニーク志向 (ゆにーくしこう): xu hướng độc đáo、ユニークデザイン (ゆにーくでざいん): thiết kế độc đáo
ルーズな,るーずな,"lỏng lẻo, không chặt chẽ, không ngăn nắp",shinkanzen,tính từ -na,あの人（ひと）は時間（じかん）にルーズだ。,Người ấy rất lỏng lẻo về thời gian.,"""Là từ vựng katakana được vay mượn từ tiếng Anh """"loose"""". Không chứa kanji.""",ルーズさ (るーずさ): sự lỏng lẻo、ルーズソックス (るーずそっくす): tất dài lỏng lẻo (một kiểu thời trang học sinh Nhật)、タイムルーズ (たいむるーず): không đúng giờ
ロマンチックな,ろまんちっくな,"lãng mạn, mơ mộng",shinkanzen,tính từ -na,デートするならロマンティックな場所（ばしょ）がいい。,Nếu hẹn hò thì chỗ nào lãng mạn là tốt.,"""Là từ vựng katakana được vay mượn từ tiếng Anh """"romantic"""". Không chứa kanji.""",ロマンチックコメディ (ろまんちっくこめでぃ): hài kịch lãng mạn、超ロマンチック (ちょうろまんちっく): cực kỳ lãng mạn、ロマンチックな夜 (ろまんちっくなよる): đêm lãng mạn
センス,せんす,"cảm nhận, giác quan, khả năng thẩm mỹ",shinkanzen,danh từ ngoại lai,彼女（かのじょ）はいつもセンスのいい服（ふく）を着（き）ている。,Cô ấy lúc nào cũng mặc những bộ đồ có gu thẩm mỹ tốt.,"""Là từ vựng katakana được vay mượn từ tiếng Anh """"sense"""". Không chứa kanji.""",ファッションセンス (ふぁっしょんせんす): khả năng thẩm mỹ thời trang、センスオブユーモア (せんすおぶゆーもあ): khiếu hài hước、ビジネスセンス (びじねすせんす): óc kinh doanh
エコロジー,えころじー,"sinh thái học, môi trường sinh thái",shinkanzen,danh từ ngoại lai,最近（さいきん）は、どの国（くに）でもエコロジーの考（かんが）え方（かた）が当（あ）たり前（まえ）になった。,"Gần đây, ở quốc gia nào tư duy về sinh thái cũng trở thành điều đương nhiên.","""Là từ vựng katakana được vay mượn từ tiếng Anh """"ecology"""". Không chứa kanji.""",エコ運動 (えこうんどう): phong trào bảo vệ môi trường、エコ製品 (えこせいひん): sản phẩm thân thiện với môi trường、エコカー (えこかー): xe sinh thái、エコマーク (えこまーく): nhãn sinh thái
ダム,だむ,"đập nước, đê chắn",shinkanzen,danh từ ngoại lai,山奥（やまおく）にダムが建設（けんせつ）された。,Đập nước đã được xây dựng sâu trong núi.,"""Là từ vựng katakana được vay mượn từ tiếng Anh """"dam"""". Không chứa kanji.""",巨大ダム (きょだいだむ): đập nước khổng lồ、多目的ダム (たもくてきだむ): đập đa mục đích、ダム湖 (だむこ): hồ đập
コンクリート,こんくりーと,"bê tông, xi măng",shinkanzen,danh từ ngoại lai,この壁（かべ）はコンクリートでできている。,Bức tường này được làm bằng bê tông.,"""Là từ vựng katakana được vay mượn từ tiếng Anh """"concrete"""". Không chứa kanji.""",鉄筋コンクリート (てっきんこんくりーと): bê tông cốt thép、コンクリート建造物 (こんくりーとけんぞうぶつ): công trình bê tông、コンクリートミキサー (こんくりーとみきさー): máy trộn bê tông
JP-VERB-0117,しゃがむ,しゃがむ,shinkanzen,,"Ngồi xổm, ngồi chồm hổm",子供がしゃがんで地面の虫を見ている。,,Ngồi thấp xuống
JP-VERB-0118,退く,しりぞく,shinkanzen,,"Tránh ra, lùi lại",ちょっとそこをどいてください。,,"Rút lui, thoái lui"
JP-VERB-0119,退ける,しりぞける,shinkanzen,,"Đẩy ra, dọn ra, dịch chuyển",通行の邪魔になるので、自転車を歩道からどけてください。,,"Đẩy lùi, loại bỏ"
JP-VERB-0120,被る,こうむる,shinkanzen,,"Đội (mũ, nón)",帽子をかぶる。,頭から水をかぶる。,"Chịu đựng, gánh chịu"
JP-VERB-0121,被せる,かぶせる,shinkanzen,,"Đậy, phủ lên",ぬれないように、自転車にシートをかぶせておいた。,,"Đổ tội, quy trách nhiệm cho"
JP-VERB-0122,齧る,かじる,shinkanzen,,"Cắn, nhai",リンゴを丸ごとかじる。,若いころ、フランス語をかじったことがある。,"Cắn gặm, làm hư hại"
JP-VERB-0123,撃つ,うつ,shinkanzen,,Bắn,警官が犯人をピストルで撃った。,,"Đánh, tấn công"
JP-VERB-0124,漕ぐ,こぐ,shinkanzen,,Đạp (xe đạp),自転車のペダルをこぐ。,,Chèo (thuyền)
JP-VERB-0125,敷く,しく,shinkanzen,,"Trải, lót",床にふとんを敷く。,この国は軍政を敷いている。,"Thiết lập, xây dựng (đường ray, đường sá)"
JP-VERB-0126,注ぐ,そそぐ,shinkanzen,,"Đổ, rót (chất lỏng)",コップに水を注ぐ。,全力を注いでプロジェクトに取り組んだ。,"Múc (cơm, đồ ăn)"
JP-VERB-0127,配る,くばる,shinkanzen,,"Phân phát, phát tay",先生が生徒にプリントを配った。,服装に気を配る。,"Phân phối, chia"
JP-VERB-0128,放る,ほうる,shinkanzen,,"Ném, vứt",ボールを放る。,私のことに構わないで。ほっといて。,"Vứt bỏ, bỏ mặc"
兼ねる,かねる,"không thể, kiêm nhiệm, vừa… vừa…",shinkanzen,Động từ nhóm 1 (る-verb),取引先の人、待ち合わせを兼ねて食事をした。,Vừa tạo cuộc hẹn với khách hàng vừa cùng khách dùng bữa.,"""Chữ 兼 (kiêm) mang ý nghĩa """"đồng thời"""", """"cùng lúc"""", thể hiện việc làm nhiều việc cùng một lúc. Việc """"không thể"""" trong một số cách dùng thể hiện sự khó khăn khi phải làm nhiều việc cùng lúc.""","居住兼事務所 (きょじゅうけんじむしょ): nơi ở kiêm văn phòng làm việc、分かり兼ねる (わかりかねる): khó hiểu, không thể hiểu được、兼業 (けんぎょう): công việc kiêm nhiệm"
適する,てきする,"hợp, thích hợp, xứng đáng",shinkanzen,Động từ thể する,キャベツは、冷涼な気候に適した野菜だ。,Bắp cải là loại rau thích hợp với thời tiết mát lạnh.,"""Chữ 適 (thích) gồm bộ 亻(nhân) là """"người"""" và bộ 辶 (sước) là """"đi"""", hàm ý """"đi đến nơi phù hợp"""". Điều này liên hệ trực tiếp với ý nghĩa """"thích hợp, phù hợp"""" của từ 適する.""","適切 (てきせつ): thích đáng, phù hợp、適任 (てきにん): người thích hợp cho công việc、適性 (てきせい): năng khiếu, khả năng phù hợp"
相当する,そうとうする,"tương đương, tương thích, tương ứng",shinkanzen,Động từ thể する,月給の3か月分に相当する指輪を婚約者に送った。,Tôi đã gửi chiếc nhẫn cho vị hôn thê tương đương với mức lương 3 tháng.,"""相 (tương/tướng) thể hiện sự tương quan, qua lại giữa các đối tượng. 当 (đương/đáng) có nghĩa là thích đáng, đúng. Kết hợp lại, 相当 mang ý nghĩa """"tương ứng đúng với giá trị"""" hay """"tương đương"""".""",相当額 (そうとうがく): số tiền tương đương、相当数 (そうとうすう): số lượng tương đương、相当分 (そうとうぶん): phần tương đương
伴う,ともなう,"cùng với, đi cùng, kèm theo",shinkanzen,Động từ nhóm 1 (う-verb),この事件には危険が伴う。,Vụ án này kèm theo cả sự nguy hiểm.,"""Chữ 伴 (bạn) gồm bộ 亻(nhân) là """"người"""" và 半 (bán) là """"một nửa"""". Ý nghĩa của kanji này liên quan đến việc """"bạn đồng hành"""" - người cùng đi với mình như một nửa không thể thiếu, từ đó mở rộng thành nghĩa """"đi cùng, kèm theo"""".""","随伴 (ずいはん): đi kèm, đi cùng、伴走 (ばんそう): chạy cùng, đồng hành、伴奏 (ばんそう): đệm nhạc"
響く,ひびく,"vang, vọng, ảnh hưởng",shinkanzen,Động từ nhóm 1 (く-verb),このホールは音が良く響く。,Căn hội trường này âm thanh rất vang.,"""Chữ 響 (hưởng) chứa bộ phận 音 (âm) ở trên, liên quan đến âm thanh. Phần còn lại 郷 (hương) liên quan đến không gian rộng lớn như làng quê. Kết hợp lại, kanji này thể hiện ý nghĩa """"âm thanh vang vọng trong không gian"""" và mở rộng thành """"sự ảnh hưởng lan rộng"""".""","響き渡る (ひびきわたる): vang vọng khắp nơi、反響 (はんきょう): tiếng vang, sự phản hồi、共鳴 (きょうめい): sự cộng hưởng"
次ぐ,つぐ,"tiếp theo, đứng sau, kế tiếp",shinkanzen,Động từ nhóm 1 (ぐ-verb),大阪は東京に次ぐ大都市だ。,Osaka là thành phố lớn tiếp theo sau Tokyo.,"""Chữ 次 (thứ) biểu thị thứ tự, sự kế tiếp. Động từ 次ぐ chuyển tải ý nghĩa """"đứng sau"""", """"xếp sau"""" hoặc """"kém hơn"""" một đối tượng khác về mặt thứ hạng, quy mô hoặc tầm quan trọng.""","次いで (ついで): kế đến, tiếp theo、次席 (じせき): vị trí thứ hai、次点 (じてん): hạng nhì, á quân"
誓う,ちかう,"thề, hứa, cam đoan",shinkanzen,動詞 (Động từ nhóm 1),将来は必ず医者になって病気の人を救おうと心に誓った。,Tôi thề với lòng rằng tương lai nhất định trở thành bác sĩ cứu giúp bệnh nhân.,"""誓 (thệ) gồm chữ 折 (gấp, bẻ) phía trên và chữ 言 (ngôn) phía dưới, ám chỉ lời nói không thể gấp lại hay thay đổi - chính là ý nghĩa của sự """"thề nguyện"""". Khi kết hợp với 言 (ngôn), nó nhấn mạnh tính trang trọng và bất biến của lời hứa.""",宣誓(せんせい): tuyên thệ、誓約(せいやく): cam kết、誓言(せいげん): lời thề
支える,ささえる,"chống đỡ, nâng đỡ, hỗ trợ, làm trụ cột",shinkanzen,動詞 (Động từ nhóm 2),つえで体を支えて歩く。,Chống cơ thể và đi bằng cây gậy.,"""支 (chi) là một chữ Hán biểu thị ý nghĩa """"chống đỡ, phân nhánh"""". Nó gợi hình ảnh về một cái cây và những nhánh được đỡ lấy. Trong từ """"支える"""", nó thể hiện đúng bản chất của hành động làm trụ cột, chống đỡ cho một đối tượng khác, dù là về mặt vật chất hay tinh thần.""",支援(しえん): sự hỗ trợ、支柱(しちゅう): trụ cột、精神的支え(せいしんてきささえ): chỗ dựa tinh thần
費やす,ついやす,"tiêu, tiêu hao, dùng, tốn (thời gian/tiền bạc/công sức)",shinkanzen,動詞 (Động từ nhóm 1),週末の時間のほとんどを趣味に費やしている。,Hầu hết thời gian rảnh vào cuối tuần tôi dùng cho sở thích của mình.,"""費 (phí) gồm bộ 弗 (phất - chỉ tiền) đặt trên 貝 (bối - vỏ sò, biểu tượng của tiền trong thời cổ đại). Sự kết hợp này tạo nên ý nghĩa """"tiêu tốn, chi tiêu"""". Trong từ """"費やす"""", nó thể hiện hành động chủ động tiêu dùng hoặc sử dụng tài nguyên (thời gian, tiền bạc, công sức) cho một mục đích nào đó.""",費用(ひよう): chi phí、消費(しょうひ): tiêu dùng、浪費(ろうひ): phung phí
用いる,もちいる,"thuê, dùng, sử dụng, áp dụng",shinkanzen,動詞 (Động từ nhóm 2),携帯電話は今や広く用いられている。,Điện thoại di động đang được sử dụng rộng rãi hiện nay.,"""用 (dụng) mô tả một dụng cụ có ích, trái với 舟 (thuyền/chu). Kanji này biểu thị ý nghĩa """"sử dụng, áp dụng"""". Trong từ """"用いる"""", nó diễn tả hành động áp dụng hoặc vận dụng một thứ gì đó (phương pháp, công nghệ, tài năng) một cách có mục đích và thường trong bối cảnh chính thức.""",採用(さいよう): tuyển dụng、雇用(こよう): thuê người、任用(にんよう): bổ nhiệm
改まる,あらたまる,"sửa, đổi, cải tiến, trở nên trang trọng",shinkanzen,動詞 (Động từ tự động từ nhóm 1),あの学生は何度注意しても態度が改まらない。,Học sinh đó dù nhiều lần bị nhắc nhở nhưng không thay đổi thái độ.,"""改 (cải) gồm bộ 己 (kỷ - bản thân) và bộ 攵 (phộc - đánh, tác động) ám chỉ việc tác động vào bản thân để thay đổi, cải thiện. Trong từ """"改まる"""", nó thể hiện trạng thái tự nhiên khi có sự thay đổi, cải thiện hoặc trở nên trang trọng, chính thức hơn. Đây là động từ tự động, chỉ trạng thái thay đổi không cần tác nhân bên ngoài.""",改革(かいかく): cải cách、改善(かいぜん): cải thiện、改心(かいしん): hối cải
改める,あらためる,"sửa đổi, cải tiến, đổi lại, làm lại",shinkanzen,動詞 (Động từ tha động từ nhóm 2),その遅刻癖を改めないと、信用を無くしますよ。,"Nếu anh không thay đổi thói quen đi trễ đó, sẽ mất sự tín nhiệm đấy.","""改 (cải) gồm bộ 己 (kỷ - bản thân) và bộ 攵 (phộc - đánh, tác động) ám chỉ việc tác động vào để thay đổi. Trong """"改める"""", nó thể hiện hành động chủ động sửa đổi, cải tiến một thứ gì đó. Khác với """"改まる"""" (tự thay đổi), """"改める"""" là hành động có chủ ý, mang tính tác động từ bên ngoài.""",改正(かいせい): sửa đổi (luật)、改名(かいめい): đổi tên、改訂(かいてい): hiệu đính
収まる・納まる・治まる,おさまる,"thu nạp, chứa vừa, yên ổn, lắng xuống",shinkanzen,動詞 (Động từ tự động từ nhóm 1),本が増えて、本棚に収まらなくなった。,"Sách tăng lên, không còn chứa vừa trong giá sách nữa.","""収 (thu) có nghĩa là thu vào, nhận vào. 納 (nạp) nghĩa là nộp, chấp nhận. 治 (trị) nghĩa là cai trị, làm cho ổn định. Cả ba chữ này khi kết hợp với """"まる"""" đều thể hiện trạng thái tự nhiên khi mọi thứ được đưa vào trật tự, được kiểm soát, được chứa đựng một cách phù hợp.""","収束(しゅうそく): hội tụ, kết thúc、安定(あんてい): ổn định、納得(なっとく): thỏa mãn, đồng ý"
収める・納める・治める,おさめる,"cất giữ, thu vào, nộp, cai trị, đạt được",shinkanzen,動詞 (Động từ tha động từ nhóm 2),貴重品を金庫に収めた。,Cất những đồ quý giá vào trong két sắt.,"""収 (thu) diễn tả hành động thu vào, gom vào. 納 (nạp) thể hiện việc giao nộp, chấp nhận. 治 (trị) mô tả hành động kiểm soát, làm cho ổn định. Cả ba chữ này khi kết hợp với """"める"""" đều thể hiện hành động chủ động đưa mọi thứ vào trật tự, kiểm soát hoặc cất giữ - đối lập với trạng thái tự nhiên của """"収まる/納まる/治まる"""".""",納税(のうぜい): nộp thuế、収益(しゅうえき): thu nhập、統治(とうち): cai trị
沿う・添う,そう,"dọc theo, men theo, đáp ứng, phù hợp với",shinkanzen,動詞 (Động từ nhóm 1),駅を出て線路に沿って歩いた。,"Rời khỏi nhà ga, đi bộ men theo đường ray.","""沿 (duyên) có chứa bộ thủy (氵) ám chỉ nước, thể hiện việc di chuyển dọc theo (như dọc theo dòng nước). 添 (thiêm) có chứa bộ thủy (氵) và chữ 忝 (thiển - khiêm nhường) thể hiện sự gắn kết, đi kèm. Cả hai chữ này khi kết hợp với """"う"""" đều diễn tả hành động đi theo, dọc theo hoặc phù hợp với một đối tượng nào đó.""",沿岸(えんがん): ven biển、川沿い(かわぞい): dọc theo sông、添付(てんぷ): đính kèm
添える,そえる,"thêm vào, kèm theo, gắn với",shinkanzen,動詞 (Động từ tha động từ nhóm 2),花束にカードを添えて送る。,Gửi thiệp kèm theo bó hoa.,"""添 (thiêm) có chứa bộ thủy (氵) và chữ 忝 (thiển - khiêm nhường), thể hiện sự gắn kết, thêm vào. Trong """"添える"""", nó diễn tả hành động chủ động thêm một thứ phụ vào một thứ chính để làm tăng giá trị hoặc hoàn thiện hơn. Đây là động từ tha động, có thể tác động trực tiếp lên đối tượng.""",添付(てんぷ): đính kèm、付け添い(つけそい): người đi kèm、書き添える(かきそえる): viết thêm vào
見つめる,みつめる,"nhìn chăm chú, nhìn chằm chằm, nhìn không rời mắt",shinkanzen,động từ nhóm 1,子供は母親の写真をじっと見つめていた。,Đứa trẻ nhìn chằm chằm vào bức ảnh của người mẹ.,"""見 (kiến): nhìn, thấy + つめる: mang ý nghĩa tập trung, chăm chú. Kết hợp lại, từ này mang ý nghĩa """"nhìn một cách tập trung, chăm chú vào một đối tượng"""".""","見つめ合う (みつめあう): nhìn nhau chăm chú、凝視する (ぎょうし): nhìn chằm chằm、見つめ直す (みつめなおす): nhìn lại, xem xét lại"
眺める,ながめる,"ngắm nhìn, ngắm cảnh, quan sát từ xa",shinkanzen,động từ nhóm 2,母はベンチに座って、子供が遊んでいるのをじっと眺めていた。,Người mẹ ngồi trên ghế dài và nhìn ngắm đứa con đang vui chơi.,"""眺 (thiếu): bao gồm bộ 目 (mắt) và 兆 (điềm, triệu) - hàm ý về việc nhìn xa rộng. Từ """"眺める"""" mang ý nghĩa ngắm nhìn, quan sát từ xa, thường là ngắm cảnh vật rộng lớn hoặc từ vị trí cao.""","眺め (ながめ): cảnh quan, khung cảnh、見渡す (みわたす): nhìn bao quát、遠望する (えんぼうする): ngắm nhìn từ xa"
見合わせる,みあわせる,"nhìn nhau; hoãn lại, tạm ngừng",shinkanzen,động từ nhóm 2,不思議な現象を見て、二人は顔を見合わせた。,"Nhìn hiện tượng quá kì lạ, hai người nhìn nhau.","""見 (kiến): nhìn + 合 (hợp): hợp lại, cùng nhau + わせる: làm cho… Kết hợp lại, từ này có nghĩa """"làm cho nhìn vào nhau"""" hoặc """"hợp nhất việc nhìn"""" - dẫn đến hai nghĩa: nhìn nhau và cùng quyết định hoãn lại (sau khi nhìn vào tình hình).""","見合わせ (みあわせ): sự hoãn lại, tạm ngừng、中止する (ちゅうし): hủy bỏ、延期する (えんき): trì hoãn"
見送る,みおくる,"tiễn đưa, tiễn khách; hoãn lại, không thực hiện; bỏ lỡ (cơ hội)",shinkanzen,động từ nhóm 1,留学する友人を空港で盛大に見送った。,Đến sân bay tiễn bạn đi du học một cách tráng lệ.,"""見 (kiến): nhìn + 送 (tống): gửi đi, đưa đi + る (đuôi động từ). Kết hợp lại, từ này mang ý nghĩa """"nhìn theo khi tiễn đi"""" - từ đó mở rộng ra các nghĩa khác như hoãn lại, không thực hiện (giống như để cho cơ hội trôi qua trước mắt).""",見送り (みおくり): sự tiễn đưa、見送り客 (みおくりきゃく): người tiễn đưa、見送り花火 (みおくりはなび): pháo hoa tiễn biệt
訪れる,おとずれる,"thăm, ghé thăm, đến thăm; (thời gian, mùa) đến, tới",shinkanzen,động từ nhóm 2,北国にも、ようやく春が訪れた。,Cuối cùng thì mùa xuân cũng ghé thăm miền bắc đất nước.,"""訪 (phóng/phỏng): bao gồm bộ 言 (ngôn - lời nói) và phần phụ chỉ sự di chuyển. Từ """"訪れる"""" mang ý nghĩa di chuyển đến một nơi với mục đích giao tiếp, thăm hỏi - từ đó mở rộng ra nghĩa """"đến, ghé thăm"""". Khi dùng với các hiện tượng tự nhiên, từ này mang ý nghĩa """"đến, xuất hiện"""".""",訪問 (ほうもん): sự viếng thăm、来訪 (らいほう): sự đến thăm、訪れ (おとずれ): sự viếng thăm
引き返す,ひきかえす,"quay lại, quay trở về, rút lui",shinkanzen,động từ nhóm 1,定期を忘れたのに気づいて、うちに引き返した。,Nhận ra là quên vé tháng nên đã quay về nhà lấy.,"""引き (dẫn): kéo, lôi + 返 (phản): trả lại, quay lại + す (đuôi động từ). Kết hợp lại, từ này mang ý nghĩa """"kéo trở lại"""", """"quay về"""" - miêu tả hành động quay trở lại điểm xuất phát hoặc một điểm trước đó trong hành trình.""",引き返し (ひきかえし): sự quay lại、引き戻す (ひきもどす): kéo trở lại、立ち返る (たちかえる): quay về
去る,さる,"rời đi, rời khỏi; đã qua, trôi qua (thời gian)",shinkanzen,động từ nhóm 1,冬に去って春になった。,"Mùa đông trôi qua, mùa xuân đã đến.","""去 (khứ): chỉ sự rời đi, rời khỏi. Kanji này đứng một mình đã mang ý nghĩa """"rời đi, đi khỏi"""", kết hợp với đuôi động từ """"る"""" tạo thành động từ """"去る"""" chỉ hành động rời đi hoặc thời gian trôi qua.""",立ち去る (たちさる): bỏ đi、走り去る (はしりさる): chạy đi mất、消え去る (きえさる): biến mất
啜る,すする,"hớp, húp (nước, canh, mì); hít (mũi)",shinkanzen,động từ nhóm 1,そばを音を立ててすする。,Húp mì soba phát ra tiếng.,"啜 (xuyết): bao gồm bộ 口 (khẩu - miệng) và phần phụ bên phải. Kanji này mang ý nghĩa hút vào, húp vào - đặc biệt là các loại thức uống hoặc thức ăn lỏng, kèm theo âm thanh đặc trưng.",啜り泣く (すすりなく): thút thít、啜り上げる (すすりあげる): húp hết、啜り込む (すすりこむ): hút vào
味わう,あじわう,"nếm, thưởng thức; trải nghiệm, cảm nhận",shinkanzen,động từ nhóm 1,久しぶりにふるさとの料理をゆっくり味わうことができた。,Lâu lắm rồi mới có thể thưởng thức món ăn quê hương.,"""味 (vị): vị giác, hương vị + わう (đuôi động từ). Từ """"味わう"""" nghĩa gốc là """"cảm nhận hương vị"""" của thức ăn, từ đó mở rộng ra nghĩa """"thưởng thức, cảm nhận sâu sắc"""" các trải nghiệm trong cuộc sống.""","味わい深い (あじわいぶかい): đậm đà, sâu sắc、味わい (あじわい): hương vị, ý vị、味わい方 (あじわいかた): cách thưởng thức"
匂う,におう,"có mùi, tỏa mùi; có dấu hiệu, có biểu hiện (nghĩa bóng)",shinkanzen,động từ nhóm 1,生ごみに匂う。,Rác sinh hoạt bốc mùi.,"""匂 (mùi): kanji này mang ý nghĩa """"mùi, hương"""". Kết hợp với đuôi động từ """"う"""" tạo thành động từ """"匂う"""" chỉ hành động phát ra mùi hoặc cảm nhận được mùi. Trong tiếng Nhật hiện đại, từ này thường được viết bằng hiragana """"におう"""" hơn là kanji.""",匂い (におい): mùi、香り (かおり): hương thơm、悪臭 (あくしゅう): mùi hôi
飢える,うえる,"đói, bị đói; khao khát, thèm muốn (nghĩa bóng)",shinkanzen,động từ nhóm 2,戦争中は食べ物がなく、皆が飢えていた。,Đang chiến tranh không có thức ăn nên mọi người ai cũng đói khát.,"""飢 (cơ): đói, đói khát + える (đuôi động từ). Kanji """"飢"""" có bộ """"食"""" (thực) liên quan đến ăn uống, biểu thị trạng thái thiếu thức ăn nghiêm trọng. Từ """"飢える"""" chỉ trạng thái đói khát, thiếu thốn nghiêm trọng.""",飢え死に (うえじに): chết đói、飢餓状態 (きがじょうたい): tình trạng đói khát、飢えをしのぐ (うえをしのぐ): chịu đựng cơn đói
問う,とう,"hỏi, chất vấn; đòi hỏi, yêu cầu; quy trách nhiệm",shinkanzen,động từ nhóm 1,あんなことを言った彼の本心を問いたい。,"Tôi muốn hỏi thật tâm của anh ấy, người đã nói những lời như thế.","""問 (vấn): hỏi, vấn đề + う (đuôi động từ). Kanji """"問"""" bao gồm bộ """"門"""" (môn - cổng, cửa) và """"口"""" (khẩu - miệng), gợi ý về việc dùng miệng để hỏi (thông qua cánh cửa), đặc biệt là những câu hỏi quan trọng, mang tính chất chính thống.""","問いかける (といかける): đặt câu hỏi、問い合わせる (といあわせる): hỏi thăm, liên hệ、問い合わせ (といあわせ): sự liên hệ"
語る,かたる,"kể, kể chuyện; nói, trình bày",shinkanzen,động từ nhóm 1,被害者が事件の状況を語った。,Người bị hại nói về tình trạng của vụ án.,"""語 (ngữ): lời nói, tiếng nói, ngôn ngữ + る (đuôi động từ). Kanji """"語"""" bao gồm bộ """"言"""" (ngôn - lời nói) và phần bổ nghĩa, biểu thị hành động sử dụng ngôn ngữ để truyền đạt một thông điệp, câu chuyện có chiều sâu.""",語り (かたり): cách kể chuyện、語り手 (かたりて): người kể chuyện、語り継ぐ (かたりつぐ): kể lại cho thế hệ sau
抱える,かかえる,"mang, cầm, ôm; gánh vác (vấn đề, khó khăn)",shinkanzen,他動詞 (tự động từ),その人は腕に大きな荷物を抱えていた。,Người ấy ôm trên tay hành lí lớn.,"""Từ 抱える gồm kanji 抱 (ôm) kết hợp với える. Kanji 抱 có bộ 扌(thủ) biểu thị """"tay"""" và phần 包 (bao) có nghĩa là """"bọc, gói"""". Kết hợp lại thể hiện hành động dùng tay để ôm, bọc lấy một vật gì đó hoặc gánh vác một vấn đề.""","抱え込む(かかえこむ): ôm trọn, gánh hết、頭を抱える(あたまをかかえる): ôm đầu lo lắng、問題を抱える(もんだいをかかえる): gặp phải vấn đề"
担ぐ,かつぐ,"mang, vác (trên vai); tâng bốc, đề cao (người khác)",shinkanzen,他動詞 (tha động từ),荷物を肩に担ぐ。,Vác hành lí trên vai.,"""Kanji 担 gồm bộ thủ 扌(tay) và phần 旦 (ban mai). Bộ thủ """"tay"""" biểu thị hành động sử dụng tay, trong khi phần 旦 gợi ý về sự nâng đỡ, giống như mặt trời mọc lên vào buổi sáng. Điều này liên hệ với ý nghĩa """"nâng, vác"""" của từ, khi một người phải dùng sức để nâng vật lên vai.""","担ぎ上げる(かつぎあげる): nâng lên vai、肩に担ぐ(かたにかつぐ): vác trên vai、担ぎ手(かつぎて): người khiêng, vác"
剥がす,はがす,"bóc, lột (vỏ), gỡ ra",shinkanzen,他動詞 (tha động từ),プレゼント用に買ったクッキーの値札を剥がす。,Bóc phiếu ghi giá của cái bánh đã mua làm quà.,"""Kanji 剥 gồm phần 彔 (khắc, ghi) và bộ 刂 (dao). Sự kết hợp này gợi ý về hành động dùng vật sắc để tách, bóc một lớp ra khỏi bề mặt. Trong từ 剥がす, kanji 剥 thể hiện hành động """"bóc, lột"""" và がす là phần đuôi động từ.""",皮を剥がす(かわをはがす): bóc vỏ、シールを剥がす(シールをはがす): bóc nhãn dán、壁紙を剥がす(かべがみをはがす): bóc giấy dán tường
描く,かく/えがく,"vẽ, mô tả, hình dung",shinkanzen,他動詞 (tha động từ),この画家はよく町の風景を描く。,Nhà họa sĩ đó thường vẽ phong cảnh của thành phố.,"""Kanji 描 gồm bộ 扌(tay) và phần 苗 (mầm non). Bộ thủ """"tay"""" biểu thị hành động sử dụng tay, trong khi phần 苗 liên quan đến sự phát triển, tạo ra. Sự kết hợp này thể hiện hành động dùng tay để tạo ra một hình ảnh, một bức tranh, hoặc mô tả một điều gì đó, giống như cách mầm non phát triển thành cây.""",絵を描く(えをかく): vẽ tranh、心に描く(こころにえがく): hình dung trong tâm trí、夢に描く(ゆめにえがく): mơ ước
砕ける,くだける,"bị vỡ, vụn, suồng sã, dễ dãi",shinkanzen,自動詞 (tự động từ),落ちたカップがこなごなに砕けた。,Cái cốc bị rớt vỡ tan tành.,"""Kanji 砕 gồm bộ 石 (đá) và phần 卆. Bộ """"đá"""" gợi ý về chất liệu cứng, trong khi phần 卆 (một biến thể của 卒, có nghĩa hoàn thành, kết thúc) ám chỉ sự kết thúc của trạng thái nguyên vẹn. Kết hợp lại, kanji này thể hiện ý nghĩa """"vỡ vụn"""" - khi vật thể cứng như đá bị phá vỡ thành nhiều mảnh nhỏ, hoặc khi thái độ, ngôn ngữ trở nên không còn cứng nhắc, trang trọng nữa.""",粉々に砕ける(こなごなにくだける): vỡ tan tành、砕けた態度(くだけたたいど): thái độ dễ dãi、心が砕ける(こころがくだける): tâm hồn tan vỡ
砕く,くだく,"đập vỡ, nghiền nát, làm tan vỡ",shinkanzen,他動詞 (tha động từ),氷を小さく砕いてグラスに入れる。,Làm nhỏ đá và bỏ vào cốc thủy tinh.,"""Kanji 砕 gồm bộ 石 (đá) và phần 卆. Bộ """"đá"""" gợi ý về vật liệu cứng bị tác động, trong khi phần 卆 (một biến thể của 卒, có nghĩa hoàn thành, kết thúc) ám chỉ kết quả của hành động. Toàn bộ kanji mang ý nghĩa chủ động """"đập vỡ, nghiền nát"""" - biến một khối nguyên vẹn thành nhiều mảnh nhỏ.""","打ち砕く(うちくだく): đập tan、粉々に砕く(こなごなにくだく): nghiền nát、かみ砕く(かみくだく): nhai nhỏ, giải thích dễ hiểu"
塞がる,ふさがる,"bị tắc ngẽn, kín, bít, đầy",shinkanzen,自動詞 (tự động từ),荷物で戸口がふさがっている。,Hành lí trần ngập ở cửa ra vào.,"""Kanji 塞 gồm nhiều thành phần: phần trên là 士 (samurai, chiến sĩ), ở giữa là 冖 (mái che), và phần dưới là 土 (đất). Sự kết hợp này tạo nên hình ảnh một không gian bị bao bọc, che phủ hoàn toàn, thể hiện ý nghĩa """"bị tắc, bít kín, đầy"""" của từ """"塞がる"""".""","道がふさがる(みちがふさがる): đường bị tắc、口がふさがる(くちがふさがる): không nói được、手がふさがる(てがふさがる): bận rộn, không rảnh tay"
塞ぐ,ふさぐ,"bịt, lấp, làm đầy, nhắm (mắt)",shinkanzen,他動詞 (tha động từ),道路の穴をセメントでふさぐ。,Bịt kín lỗ trên đường bằng xi măng.,"""Kanji 塞 gồm nhiều thành phần: phần trên là 士 (samurai, chiến sĩ), ở giữa là 冖 (mái che), và phần dưới là 土 (đất). Cấu trúc nhiều lớp này thể hiện ý nghĩa chủ động """"bịt kín, lấp đầy"""" - như việc dùng nhiều lớp vật liệu để bịt kín một lỗ hổng.""","穴をふさぐ(あなをふさぐ): bịt lỗ、塞ぎこむ(ふさぎこむ): buồn bã, trầm cảm、道をふさぐ(みちをふさぐ): chặn đường"
避ける,さける,"tránh, tránh xa, lảng tránh",shinkanzen,他動詞 (tha động từ),水たまりを避けて歩いた。,Đi bộ tránh những vũng nước.,"""Kanji 避 gồm phần 辟 (phân biệt, tách ra) và bộ 辶 (đi). Sự kết hợp này gợi ý về hành động di chuyển để tách xa khỏi điều gì đó - chính là ý nghĩa """"tránh né, lảng tránh"""" của từ """"避ける"""".""",危険を避ける(きけんをさける): tránh nguy hiểm、人目を避ける(ひとめをさける): tránh sự chú ý của người khác、争いを避ける(あらそいをさける): tránh xung đột
よける,よける,"tránh, tránh né, dịch sang một bên",shinkanzen,他動詞 (tha động từ),飛んでくるボールをよけようとして転んでしまった。,Để tránh quả bóng đang bay tới nên bị ngã mất.,"""""""よける"""" thường được viết bằng hiragana, không có kanji cụ thể. Tuy nhiên, từ này đôi khi có thể được viết là 避ける giống như từ """"さける"""", hoặc 除ける (除 mang nghĩa """"loại bỏ, dọn đi""""), tùy vào ngữ cảnh.""",脇によける(わきによける): dịch sang một bên、体をよける(からだをよける): né người、危険をよける(きけんをよける): tránh nguy hiểm
逸れる,それる,"lệch, trượt, lảng tránh",shinkanzen,自動詞 (tự động từ),台風の進路が北に逸れた。,Đường đi của bão chuyển sang phía bắc.,"""Kanji 逸 gồm phần trên khá phức tạp và bộ 辶 (đi) ở dưới. Phần trên bao gồm 兔 (thỏ) và 丿, gợi ý về sự nhanh nhẹn, thoát khỏi. Kết hợp với bộ """"đi"""", kanji này thể hiện ý nghĩa """"lệch khỏi, thoát ra khỏi đường đi dự định"""" - phản ánh chính xác ý nghĩa của từ """"逸れる"""".""",道を逸れる(みちをそれる): lệch khỏi đường đi、的を逸れる(まとをそれる): trượt mục tiêu、話題が逸れる(わだいがそれる): chủ đề bị lệch hướng
逸らす,そらす,"trốn tránh, lảng tránh, chuyển hướng",shinkanzen,他動詞 (tha động từ),話をそらさないでちゃんと答えてください。,Đừng lảng tránh câu chuyện nữa hãy trả lời nghiêm túc đi.,"""Kanji 逸 gồm phần 兔 (thỏ) phía trên và bộ 辶 (đi) phía dưới. Hình ảnh con thỏ - một loài vật nhanh nhẹn, luôn sẵn sàng chạy trốn - kết hợp với bộ """"đi"""" tạo nên ý nghĩa """"chuyển hướng, lảng tránh"""" của từ """"逸らす"""". Đây là tha động từ, thể hiện hành động chủ động làm cho điều gì đó đi chệch hướng.""",目をそらす(めをそらす): nhìn đi chỗ khác、話題をそらす(わだいをそらす): chuyển chủ đề、注意をそらす(ちゅういをそらす): làm phân tâm
編む,あむ,"đan, tết",shinkanzen,他動詞 (Động từ tha),毛糸でセーターを編んだ。,Tôi đã đan áo len bằng sợi len.,"Kanji 編 gồm bộ 糸 (chỉ) bên trái và 扁 bên phải. Bộ 糸 chỉ các loại sợi, chỉ - nguyên liệu chính để đan. Phần 扁 liên quan đến việc sắp xếp, biên soạn - liên quan đến quá trình đan lát các sợi với nhau theo trật tự.","編み物(あみもの): đồ đan, 三つ編み(みつあみ): tóc tết ba, 編み出す(あみだす): sáng tạo ra"
縫う,ぬう,"may, khâu lại",shinkanzen,他動詞 (Động từ tha),破れたところを縫った。,Tôi đã khâu lại chỗ bị rách.,"Kanji 縫 gồm bộ 糸 (chỉ) bên trái và 逢 (gặp) bên phải. Bộ 糸 chỉ sợi chỉ dùng để may vá. Phần 逢 có nghĩa là gặp gỡ, kết nối - chính là quá trình kết nối các mảnh vải lại với nhau thông qua sợi chỉ.","縫い目(ぬいめ): đường may, 縫い合わせる(ぬいあわせる): khâu nối lại, 手縫い(てぬい): khâu tay"
指す,さす,"chỉ ra, hướng tới, nhắm tới",shinkanzen,他動詞 (Động từ tha),駅の方向を指で指して教えてあげた。,Tôi đã dùng ngón tay chỉ hướng nhà ga để chỉ dẫn.,"Kanji 指 gồm bộ 手 (tay) bên trái và 旨 (ý nghĩa, mục đích) bên phải. Bộ 手 liên quan đến hành động dùng tay, đặc biệt là ngón tay để chỉ. Phần 旨 liên quan đến ý nghĩa, mục đích - khi chỉ tay, ta đang truyền đạt một ý nghĩa hoặc hướng đến một mục đích.","指し示す(さししめす): chỉ ra, 目指す(めざす): nhắm tới, 指し図(さしず): bản phác thảo"
示す,しめす,"chỉ ra, cho xem, thể hiện",shinkanzen,他動詞 (Động từ tha),親が子供に手本を示す。,Bố mẹ làm mẫu cho con cái.,"Kanji 示 là một kanji đơn, có hình dạng giống một bàn thờ, nơi thần linh thể hiện ý chỉ của mình. Từ gốc, nó liên quan đến việc thể hiện, biểu lộ, cho thấy điều gì đó, đặc biệt là những điều thiêng liêng hoặc quan trọng.","示し合わせる(しめしあわせる): thỏa thuận với nhau, 指し示す(さししめす): chỉ rõ, 明示する(めいじする): chỉ rõ ràng"
注ぐ,そそぐ,"chảy vào, đổ vào, dồn vào",shinkanzen,他動詞 (Động từ tha),この川は太平洋に注いでいる。,Con sông này đổ ra Thái Bình Dương.,"Kanji 注 gồm bộ 氵(thủy/nước) bên trái và 主 (chủ) bên phải. Bộ 氵chỉ các chất lỏng như nước, rượu. Phần 主 chỉ điều chính, quan trọng. Kết hợp lại, từ này chỉ việc đổ, rót chất lỏng hoặc dồn sự tập trung vào một việc quan trọng.","注ぎ口(そそぎぐち): miệng rót, 降り注ぐ(ふりそそぐ): đổ xuống (mưa, ánh sáng), 注ぎ込む(そそぎこむ): đổ vào, đầu tư vào"
濯ぐ,すすぐ,"súc, giũ, rửa",shinkanzen,他動詞 (Động từ tha),洗剤で洗った洗濯物を水ですすいだ。,Tôi đã xả áo quần đã giặt bằng xà phòng bằng nước.,"Kanji 濯 gồm bộ 氵(thủy/nước) bên trái và 翟 bên phải. Bộ 氵liên quan đến nước - phương tiện chính để súc rửa. Phần 翟 gồm 羽 (lông vũ) và chữ 隹 (chim) gợi ý việc làm sạch, giũ bỏ những thứ không cần thiết, như chim làm sạch lông vũ của mình.","すすぎ液(すすぎえき): nước xả, 口すすぎ(くちすすぎ): súc miệng, 濯ぎ洗い(すすぎあらい): rửa sạch"
触る,さわる,"chạm, sờ, đụng",shinkanzen,自動詞 (Động từ tự),切れた電線に触ると危ない。,Sờ vào đường dây điện bị đứt là nguy hiểm.,"Kanji 触 gồm bộ 角 (sừng, góc) bên trái và 虫 (côn trùng) bên phải. Bộ 角 gợi ý về việc có góc nhọn, sự tiếp xúc, va chạm. Phần 虫 có thể gợi nhớ đến cảm giác nhột khi côn trùng bò lên da - một cảm giác khi có sự chạm vào.","手触り(てざわり): cảm giác khi chạm vào, 触り心地(さわりごこち): cảm giác khi sờ, 触りたがる(さわりたがる): thích chạm vào"
触れる,ふれる,"chạm, sờ, nhắc đến",shinkanzen,自動詞 (Động từ tự),展示品にお手を触れないでください。,Xin đừng sờ tay vào vật trưng bày.,"""Kanji 触 gồm bộ 角 (sừng, góc) bên trái và 虫 (côn trùng) bên phải. Bộ 角 gợi ý về việc có góc nhọn, sự tiếp xúc, va chạm. Phần 虫 có thể gợi nhớ đến cảm giác khi có vật nhỏ chạm nhẹ vào da - một cảm giác tinh tế hơn so với """"触る"""".""","触れ合い(ふれあい): sự tiếp xúc, 言及する(げんきゅうする): đề cập, 手を触れる(てをふれる): đặt tay vào"
抱く,だく,"ôm, mang, ấp ủ",shinkanzen,他動詞 (Động từ tha),私は大きな夢を抱いて留学した。,Tôi ôm ấp một giấc mơ lớn và đã đi du học.,"Kanji 抱 gồm bộ 扌(thủ/tay) bên trái và 包 (bao bọc) bên phải. Bộ 扌chỉ hành động dùng tay. Phần 包 có nghĩa là bao bọc, gói lại. Kết hợp lại, từ này chỉ hành động dùng tay để bao bọc, ôm lấy một người hoặc vật, hoặc theo nghĩa bóng là ấp ủ một cảm xúc.","抱きしめる(だきしめる): ôm chặt, 抱き枕(だきまくら): gối ôm, 抱き合う(だきあう): ôm nhau"
山々に抱かれた,やまやまにいだかれた,được bao bọc bởi núi non,shinkanzen,慣用句 (Thành ngữ),山々に抱かれた小さな村はとても静かだった。,Ngôi làng nhỏ được bao bọc bởi núi non rất yên tĩnh.,"Cụm từ này gồm: (1) 山々 - là chữ 山 (núi) được lặp lại, chỉ nhiều ngọn núi; (2) 抱かれた - là thể bị động (passive) của động từ 抱く (ôm), chỉ trạng thái được ôm, được bao bọc bởi. Sự kết hợp này tạo nên hình ảnh một nơi được bao quanh, che chở bởi những dãy núi.","大自然に抱かれる(だいしぜんにいだかれる): được bao bọc bởi thiên nhiên, 森に抱かれた(もりにいだかれた): được bao bọc bởi rừng, 自然の懐に抱かれる(しぜんのふところにいだかれる): nằm trong lòng thiên nhiên"
筋,すじ,"cốt truyện, gân, nguồn, mối quan hệ lôgic",shinkanzen,danh từ,昔読んだ小説の筋を忘れてしまった。,Tôi đã quên mất cốt truyện tiểu thuyết đã đọc lúc xưa.,"""筋 được tạo thành từ bộ """"trúc"""" (竹) ở trên và """"cơ"""" (肌) ở dưới. Trúc thẳng và có các đốt liên kết với nhau, giống như các sợi gân trong cơ thể hoặc mối liên kết lôgic trong suy nghĩ và câu chuyện.""","筋肉(きんにく): cơ bắp、一筋(ひとすじ): thành thật, chuyên tâm、筋道(すじみち): lộ trình, mạch lạc"
余裕,よゆう,"thừa, dư ra, thảnh thơi, rảnh rỗi",shinkanzen,danh từ,車を買い替えたいが、その余裕がない。,Muốn mua xe mới nhưng không thừa tiền.,"""余 có nghĩa là """"dư thừa, còn lại"""" và 裕 có nghĩa là """"phong phú, dồi dào"""". Kết hợp lại, từ này mang ý nghĩa về sự dư dả, thoải mái, không bị giới hạn về nguồn lực (tiền bạc, thời gian, không gian, tâm trí).""",時間的余裕(じかんてきよゆう): thời gian rảnh rỗi、金銭的余裕(きんせんてきよゆう): dư dả về tài chính、精神的余裕(せいしんてきよゆう): thoải mái về tinh thần
負担,ふたん,"gánh chịu, gánh nặng, chi phí",shinkanzen,danh từ,送料は当社負担とします。,Công ty chúng tôi sẽ chịu chi phí gửi.,"""負 có nghĩa là """"thua, âm, mang"""" và thường mang nghĩa tiêu cực. 担 có nghĩa là """"vác, gánh"""". Kết hợp lại, 負担 mang ý nghĩa """"gánh vác một thứ gì đó nặng nề hoặc không mong muốn"""" như chi phí, trách nhiệm.""",経済的負担(けいざいてきふたん): gánh nặng về kinh tế、精神的負担(せいしんてきふたん): gánh nặng tinh thần、費用負担(ひようふたん): chịu chi phí
保証,ほしょう,"bảo hành, đảm bảo, bảo đảm",shinkanzen,danh từ,この商品には1年間の保証が付いている。,Sản phẩm này có 1 năm bảo hành.,"""保 có nghĩa là """"bảo vệ, giữ gìn"""" và 証 có nghĩa là """"chứng minh, xác nhận"""". Kết hợp lại, 保証 mang ý nghĩa """"xác nhận sự bảo vệ"""" hay """"cam kết bảo đảm"""" cho một sản phẩm, dịch vụ hoặc lời hứa.""",保証書(ほしょうしょ): phiếu bảo hành、保証期間(ほしょうきかん): thời hạn bảo hành、保証人(ほしょうにん): người bảo lãnh
催促,さいそく,"thúc giục, gợi nhớ, nhắc nhở",shinkanzen,danh từ,貸した金をかえすよう、催促の電話をかけた。,Tôi đã gọi điện để nhắc trả tiền đã mượn.,"""催 có nghĩa là """"tổ chức, thúc đẩy, kích thích"""" và 促 có nghĩa là """"thúc giục, thúc đẩy"""". Kết hợp lại, 催促 mang ý nghĩa mạnh mẽ về việc thúc giục, đốc thúc ai đó làm việc gì đó, nhất là khi việc đó đã quá hạn hoặc cần được hoàn thành gấp.""",催促状(さいそくじょう): thư nhắc nhở、催促電話(さいそくでんわ): cuộc gọi nhắc nhở、支払い催促(しはらいさいそく): nhắc nhở thanh toán
成立,せいりつ,"hình thành, thành lập, thiết lập",shinkanzen,danh từ,条約が成立する。,Hiệp ước được thiết lập.,"""成 có nghĩa là """"thành công, hoàn thành"""" và 立 có nghĩa là """"đứng, thiết lập"""". Kết hợp lại, 成立 mang ý nghĩa """"đứng vững sau khi hoàn thành"""" hay """"được thiết lập thành công"""", chỉ quá trình một thứ gì đó (tổ chức, luật pháp, thỏa thuận) được hình thành một cách chính thức.""",成立条件(せいりつじょうけん): điều kiện thành lập、法律成立(ほうりつせいりつ): sự thành lập luật pháp、予算成立(よさんせいりつ): sự thông qua ngân sách
矛盾,むじゅん,"mâu thuẫn, trái ngược",shinkanzen,danh từ,田中さん言っていることとしていることが矛盾している。,Những lời anh Tanaka nói và làm mâu thuẫn với nhau.,"""矛 nghĩa là """"giáo"""" (vũ khí tấn công) và 盾 nghĩa là """"khiên"""" (vũ khí phòng thủ). Cả hai có chức năng đối lập nhau - một cái để tấn công và một cái để phòng thủ. Kết hợp lại, 矛盾 mang ý nghĩa sâu sắc về sự xung đột hoặc không nhất quán giữa các yếu tố đối lập.""",論理的矛盾(ろんりてきむじゅん): mâu thuẫn logic、内部矛盾(ないぶむじゅん): mâu thuẫn nội tại、自己矛盾(じこむじゅん): tự mâu thuẫn
存在,そんざい,"tồn tại, hiện hữu",shinkanzen,danh từ,世界にはUFOの存在を信じる人が多くいる。,Nhiều người tin rằng có sự tồn tại của UFO trong thế giới.,"""存 có nghĩa là """"tồn tại, duy trì, bảo tồn"""" và 在 có nghĩa là """"ở, hiện diện"""". Kết hợp lại, 存在 mang ý nghĩa """"đang hiện diện và được duy trì"""" hay đơn giản là """"tồn tại, hiện hữu"""" trong thế giới này.""","存在感(そんざいかん): cảm giác hiện diện, sự nổi bật、存在価値(そんざいかち): giá trị tồn tại、存在理由(そんざいりゆう): lý do tồn tại"
筋肉,きんにく,"cơ bắp, cơ thể, bắp thịt",shinkanzen,danh từ,毎日トレーニングをして筋肉を鍛えている。,Tôi tập luyện hàng ngày để rèn luyện cơ bắp.,"""筋 có nghĩa là """"gân, cơ, sợi"""" và 肉 có nghĩa là """"thịt"""". Kết hợp lại, 筋肉 mang ý nghĩa """"thịt có cấu trúc gân sợi"""" hay chính là """"cơ bắp"""" - các mô trong cơ thể có khả năng co giãn để tạo ra chuyển động.""",筋肉痛(きんにくつう): đau cơ、筋肉質(きんにくしつ): cơ bắp rắn chắc、心筋(しんきん): cơ tim
一筋,ひとすじ,"thành thật, chuyên tâm, một mực",shinkanzen,danh từ,父は営業一筋に働いてきた。,Bố tôi đã làm việc chuyên tâm trong lĩnh vực kinh doanh.,"""一 có nghĩa là """"một, duy nhất"""" và 筋 có nghĩa là """"gân, đường, mạch"""". Kết hợp lại, 一筋 mang ý nghĩa """"một đường thẳng"""" hoặc """"một mạch duy nhất"""", từ đó mở rộng sang nghĩa bóng là """"chuyên tâm, một lòng một dạ"""" - chỉ tập trung vào một con đường duy nhất.""",一筋縄(ひとすじなわ): giải pháp đơn giản、商売一筋(しょうばいひとすじ): chuyên tâm vào kinh doanh、研究一筋(けんきゅうひとすじ): chuyên tâm vào nghiên cứu
略す,りゃくす,"lược bớt, viết tắt, tóm gọn",shinkanzen,他動詞 (tha động từ),国際連合を略して国連という。,Liên hợp quốc tế viết tắt là liên hợp quốc.,"""Kanji 略 (lược) có nghĩa là """"đơn giản hóa, rút gọn"""". Khi kết hợp với động từ する tạo thành 略す, nó mang ý nghĩa hành động """"cắt bớt, loại bỏ phần không cần thiết"""" để làm cho nội dung ngắn gọn hơn.""","省略する (しょうりゃくする): rút gọn, lược bớt、略語 (りゃくご): từ viết tắt、略称 (りゃくしょう): tên viết tắt"
迫る,せまる,"tiến sát, thúc giục, cưỡng bức",shinkanzen,自他動詞 (tự tha động từ),後ろのランナーが前のランナーにだんだん迫ってきた。,Người chạy phía sau đã tiến sát người chạy phía trước.,"""Kanji 迫 (bách) gồm bộ 辶 (chỉ sự di chuyển) và 白 (trắng). Khi kết hợp tạo nên hình ảnh """"áp sát"""" hoặc """"thúc đẩy"""", thể hiện việc di chuyển nhanh chóng đến gần một cách gây áp lực. Điều này phản ánh ý nghĩa của từ về sự gần kề về không gian hoặc thời gian, hoặc áp lực thúc ép.""",迫力 (はくりょく): sức mạnh áp đảo、切迫 (せっぱく): khẩn cấp、圧迫 (あっぱく): áp lực
狙う,ねらう,"nhắm đến, nhắm mục tiêu",shinkanzen,他動詞 (tha động từ),的を狙って撃つ。,Tấn công hướng đến mục đích.,"""Kanji 狙 (thư) gồm bộ 犭 (liên quan đến động vật hoang dã) và 且 (thêm nữa). Sự kết hợp này gợi ý hình ảnh một con thú săn mồi đang quan sát và nhắm đến con mồi của nó, phản ánh ý nghĩa """"nhắm đến"""" hoặc """"đặt mục tiêu"""" của từ này.""",狙い (ねらい): mục tiêu、標的 (ひょうてき): mục tiêu、狙撃 (そげき): bắn tỉa
犯す,おかす,"thực hiện (hành vi phạm tội), vi phạm",shinkanzen,他動詞 (tha động từ),罪を犯したら、償わなければならない。,Nếu phạm tội thì phải chuộc tội.,"""Kanji 犯 (phạm) gồm bộ 犭 (liên quan đến động vật hoang dã) và 几 (bàn). Sự kết hợp này gợi ý hình ảnh sự xâm phạm hoặc hành động sai trái. Kanji này mang ý nghĩa cốt lõi là """"vi phạm"""" hoặc """"làm điều sai trái"""", phản ánh ý nghĩa của từ về việc thực hiện một hành vi trái với quy tắc hoặc pháp luật.""","犯罪 (はんざい): tội phạm、犯人 (はんにん): tội phạm, kẻ phạm tội、冒犯 (ぼうはん): xúc phạm"
侵す,おかす,"xâm chiếm, xâm phạm",shinkanzen,他動詞 (tha động từ),他国の領土を侵す。,Xâm phạm lãnh thổ của nước khác.,"""Kanji 侵 (xâm) gồm bộ 亻(người) và phần 㑒 (liên quan đến sự thâm nhập). Sự kết hợp này mang ý nghĩa """"con người xâm nhập vào không gian của người khác"""", phản ánh chính xác ý nghĩa của từ về việc xâm phạm, xâm chiếm trái phép lãnh thổ hoặc quyền lợi của người khác.""",侵略 (しんりゃく): xâm lược、侵害 (しんがい): xâm hại、侵犯 (しんぱん): xâm phạm
偶々,たまたま,"tình cờ, ngẫu nhiên, thỉnh thoảng",shinkanzen,phó từ (副詞),偶々入った喫茶店で友達に会った。,Tình cờ gặp bạn ở quán cà phê mà tôi ghé vào.,"""Kanji 「偶」nghĩa là """"ngẫu nhiên"""", """"tình cờ"""" hoặc """"chẵn"""" (trong số chẵn), và được lặp lại hai lần để nhấn mạnh tính ngẫu nhiên. Bộ """"nhân"""" (亻) bên trái biểu thị liên quan đến con người, ám chỉ những tình huống ngẫu nhiên xảy đến với con người.""",偶々出会う (たまたまであう): tình cờ gặp gỡ、偶々見つける (たまたまみつける): tình cờ tìm thấy、偶々聞く (たまたまきく): tình cờ nghe được
実際,じっさい,"thực tế, thực sự, trong thực tế",shinkanzen,"danh từ (名詞), phó từ (副詞)",簡単そうに見えても、実際にやってみるとうまくできないことが多い。,Nhìn có vẻ đơn giản nhưng trong thực tế khi bắt tay vào làm thì nhiều trường hợp không tiến triển tốt.,"""Kanji 「実」nghĩa là """"thật"""", """"quả"""", """"hạt"""" ám chỉ những thứ cụ thể, có thật. Kanji 「際」nghĩa là """"ranh giới"""", """"lúc"""", """"dịp"""". Kết hợp lại, từ này có nghĩa là """"tại thời điểm thực tế"""" hoặc """"khi đối mặt với thực tế"""".""",実際問題 (じっさいもんだい): vấn đề thực tế、実際的 (じっさいてき): thực tiễn、実際生活 (じっさいせいかつ): cuộc sống thực tế
同様,どうよう,"giống như, tương tự như, cùng kiểu",shinkanzen,"danh từ (名詞), danh từ hình thức (形式名詞)",リサイクルショップには新品同様の物もある。,Ở trong cửa hàng tái chế cũng có cả những sản phẩm giống như sản phẩm mới.,"""Kanji 「同」nghĩa là """"cùng"""", """"giống nhau"""", thường chỉ sự giống nhau về bản chất. Kanji 「様」nghĩa là """"kiểu"""", """"dáng vẻ"""", """"phong cách"""". Kết hợp lại, từ này diễn tả """"cùng một kiểu cách"""" hoặc """"hình thức giống nhau"""".""",新品同様 (しんぴんどうよう): giống như mới、平等同様 (びょうどうどうよう): bình đẳng như nhau、以前同様 (いぜんどうよう): giống như trước đây
元々,もともと,"vốn dĩ, ban đầu, nguyên bản",shinkanzen,phó từ (副詞),元々体が弱かったのだが、最近一層疲れやすかった。,"Vốn dĩ thì cơ thể đã yếu rồi, nhưng gần đây lại càng dễ mệt hơn.","""Kanji 「元」nghĩa là """"nguồn"""", """"gốc"""", """"khởi điểm"""". Việc lặp lại hai lần tạo nên từ 「元々」, nhấn mạnh ý nghĩa về nguồn gốc, trạng thái ban đầu, hoặc tình trạng vốn có của sự vật/sự việc.""",元々の姿 (もともとのすがた): hình dáng ban đầu、元々の目的 (もともとのもくてき): mục đích ban đầu、元々の計画 (もともとのけいかく): kế hoạch ban đầu
本来,ほんらい,"vốn dĩ, từ đầu, nguyên bản, theo lẽ ra",shinkanzen,"danh từ (名詞), phó từ (副詞)",このビルは本来昨年完成の予定だったが、資金不足でまだ完成していない。,Tòa nhà này vốn dĩ dự tính năm ngoái hoàn thành nhưng vì thiếu vốn đầu tư nên vẫn chưa xong.,"""Kanji 「本」nghĩa là """"gốc"""", """"nguồn"""", """"sách"""" - ám chỉ điều cơ bản, nền tảng. Kanji 「来」nghĩa là """"đến"""", """"từ"""", """"nguồn gốc"""". Kết hợp lại, từ này nghĩa là """"từ nguồn gốc"""" hoặc """"ban đầu, nguyên bản"""", chỉ bản chất thực sự hoặc trạng thái ban đầu của một điều gì đó.""",本来の目的 (ほんらいのもくてき): mục đích ban đầu、本来の姿 (ほんらいのすがた): hình dáng nguyên bản、本来なら (ほんらいなら): lẽ ra thì
ある,ある,"có, một số, nào đó (không xác định)",shinkanzen,từ liên thể (連体詞),ある人から、近々人事異動があると聞いた。,Tôi nghe từ một người nào đó rằng sẽ có cải tổ nhân sự trong thời gian tới.,"""Từ này được viết bằng hiragana nhưng có nguồn gốc từ chữ Hán 「有る」, trong đó 「有」nghĩa là """"có"""". Trong tiếng Nhật hiện đại, khi dùng như từ liên thể (để chỉ một thứ không xác định) thì được viết bằng hiragana.""",ある時 (あるとき): một lúc nào đó、ある日 (あるひ): một ngày nọ、ある意味 (あるいみ): theo một nghĩa nào đó
あらゆる,あらゆる,"tất cả, mọi, đủ loại",shinkanzen,từ liên thể (連体詞),あの博物館にはあらゆる種類の昆虫が集められている。,Viện bảo tàng nọ tập hợp tất cả các loại côn trùng.,"""Mặc dù thường được viết bằng hiragana, từ này có nguồn gốc từ chữ Hán 「有る」. Có thể được viết là 「有ゆる」, trong đó 「有」nghĩa là """"có"""", kết hợp với trợ từ 「ゆる」(một dạng cổ của よる), tạo thành nghĩa """"tất cả những gì tồn tại"""".""",あらゆる人 (あらゆるひと): tất cả mọi người、あらゆる場面 (あらゆるばめん): mọi tình huống、あらゆる可能性 (あらゆるかのうせい): mọi khả năng
大した,たいした,"đáng kể, quan trọng, to lớn",shinkanzen,từ liên thể (連体詞),「けがの具合はどうですか」「大したことはありません」,"""""""Tình trạng vết thương thế nào?"""" """"Không có gì đáng kể ạ""""""","""Kanji 「大」nghĩa là """"lớn"""", """"vĩ đại"""". Kết hợp với tiếp đầu ngữ 「した」(từ 為る/する - làm), tạo thành nghĩa """"đã trở nên lớn/quan trọng"""" hoặc """"xứng đáng để nói đến"""".""",大したこと (たいしたこと): điều đáng kể、大した問題 (たいしたもんだい): vấn đề nghiêm trọng、大した人物 (たいしたじんぶつ): nhân vật xuất chúng
所謂,いわゆる,"cái gọi là, cái được biết đến như",shinkanzen,từ liên thể (連体詞),私はいわゆる受験戦争とは無縁の高校時代を過ごした。,"""Tôi đã trải qua thời trung học không liên quan đến cái gọi là """"cuộc chiến thi cử"""".""","""Kanji 「所」nghĩa là """"nơi"""", """"chỗ"""". Kanji 「謂」nghĩa là """"nói"""", """"gọi"""". Kết hợp lại, từ này mang nghĩa """"nơi mà người ta gọi là"""" hoặc """"cái được gọi là"""", dùng để chỉ ra rằng cách gọi này đã được công nhận hoặc phổ biến.""",いわゆる常識 (いわゆるじょうしき): cái gọi là lẽ thường、いわゆる常識人 (いわゆるじょうしきじん): người được gọi là có ý thức thông thường、いわゆる成功者 (いわゆるせいこうしゃ): người được coi là thành công
慣用句,かんようく,"thành ngữ, cụm từ cố định",shinkanzen,danh từ (名詞),「猫の手も借りたい」は忙しさを表す慣用句です。,"""""""Muốn mượn cả tay mèo"""" là thành ngữ biểu thị sự bận rộn.""","""Kanji 「慣」nghĩa là """"quen thuộc"""", """"thói quen"""". Kanji 「用」nghĩa là """"sử dụng"""", """"áp dụng"""". Kanji 「句」nghĩa là """"cụm từ"""", """"câu"""". Kết hợp lại, từ này có nghĩa là """"cụm từ được sử dụng theo thói quen"""" - chỉ những cụm từ cố định có nghĩa đặc biệt trong ngôn ngữ.""",慣用表現 (かんようひょうげん): cách diễn đạt quen thuộc、慣用的 (かんようてき): theo thói quen、日本語慣用句 (にほんごかんようく): thành ngữ tiếng Nhật
所々,ところどころ,"đây đó, rải rác, chỗ này chỗ kia",shinkanzen,"danh từ, phó từ",地震で、併が所々崩れた。,Do động đất mà hàng rào đổ vỡ khắp nơi.,"""Từ gồm kanji 所 (nơi chốn, địa điểm) được lặp lại, thể hiện ý nghĩa """"nhiều nơi khác nhau"""". Khi đọc lên """"ところどころ"""" gợi hình ảnh về sự rải rác, không liên tục.""",所々で(ところどころで): ở nhiều nơi、所々に(ところどころに): ở đây đó、所々に傷(ところどころにきず): có vết xước rải rác
どうか,どうか,"làm ơn, xin hãy, dù sao đi nữa",shinkanzen,phó từ,どうかよろしくお願いします。,Dù sao thì cũng mong anh/chị giúp đỡ.,"Từ này được viết hoàn toàn bằng hiragana, không có kanji.","どうかすると(どうかすると): có khi, đôi khi、どうかしている(どうかしている): có vấn đề gì đó、どうかと思う(どうかとおもう): thấy không ổn"
できれば・できたら,できれば・できたら,"nếu có thể, nếu được",shinkanzen,phó từ điều kiện,この事件、できたら今日中にお願いします。,"Vụ việc này, nếu được nhờ anh trong ngày hôm nay.","""Từ này thường được viết bằng hiragana, từ gốc """"できる"""" (có thể làm được) + trợ từ điều kiện """"れば/たら"""".""",できることなら(できることなら): nếu có thể được、できる限り(できるかぎり): trong khả năng có thể
たいして,たいして,"không lắm, không đáng kể, không mấy",shinkanzen,phó từ,その映画が面白いと聞いて見に行ったのだが、たいして面白くなかった。,Nghe nói bộ phim đó thú vị nên đi xem nhưng mà không thú vị lắm.,"""Có thể viết là 大して, trong đó 大 (đại) có nghĩa là """"lớn"""", nhưng khi dùng với phủ định lại mang ý nghĩa ngược lại - """"không lớn"""", """"không đáng kể"""".""",大したこと(たいしたこと): chuyện đáng kể、大した違い(たいしたちがい): khác biệt đáng kể
恐らく,おそらく,"có lẽ, chắc là, e rằng",shinkanzen,phó từ,大学に行かないと言ったら、父は恐らく反対するだろう。,Nếu nói không đi học đại học e là bố sẽ phản đối.,"""Kanji 恐 (khủng/osore) nghĩa là """"sợ"""", """"e ngại"""" + らく là phần đọc kana. Ý nghĩa gốc liên quan đến sự không chắc chắn, e ngại về một điều gì đó có thể xảy ra.""",恐らくは(おそらくは): có lẽ là、恐らく～だろう(おそらく～だろう): chắc hẳn là
むしろ,むしろ,"thà… còn hơn, đúng hơn là",shinkanzen,phó từ,寒さより、むしろ暑さの方が私には耐え難い。,Tôi chịu nóng kém hơn chịu lạnh.,"Từ này thường được viết bằng hiragana, không có kanji.",むしろ～のほうが(むしろ～のほうが): thà…còn hơn、むしろ～と言える(むしろ～といえる): có thể nói đúng hơn là
果たして,はたして,"quả nhiên, quả thật, thực sự",shinkanzen,phó từ,この実験は果たして成功するだろうか。,Thực nghiệm này quả nhiên là sẽ thành công đúng không.,"""Từ gồm hai kanji: 果 (quả) có nghĩa là """"kết quả"""", """"thành quả"""" và たして (hình thức て của động từ 果たす - hoàn thành). Khi kết hợp lại, từ mang ý nghĩa """"kết quả thực sự xảy ra như dự đoán"""".""",果たして～だろうか(はたして～だろうか): liệu có thực sự…không、果たすべき役割(はたすべきやくわり): vai trò cần thực hiện
かえって,かえって,"ngược lại, trái lại, thay vì thế",shinkanzen,phó từ,遅れそうだったのでタクシーに乗ったら、道が込んで、かえって時間がかかってしまった。,"Có vẻ muộn nên lên tắc xi đi, nhưng đường tắc, ngược lại còn tốn thời gian hơn.","Từ này thường được viết bằng hiragana, không có kanji.",かえって良い(かえってよい): ngược lại lại tốt、かえって悪化(かえってあっか): ngược lại trở nên tệ hơn
必ずしも,かならずしも,"không hẳn, không nhất thiết, không cần thiết",shinkanzen,phó từ,お金があれば幸せとは、必ずしも言えないだろう。,Không thể nói rằng có tiền là có hạnh phúc.,"""Gồm kanji 必 (tất) có nghĩa là """"cần thiết"""", """"bắt buộc"""" nhưng khi kết hợp với ずしも và cấu trúc phủ định, lại mang ý nghĩa """"không nhất thiết"""", """"không bắt buộc"""".""",必ずしも～とは限らない(かならずしも～とはかぎらない): không nhất thiết là…、必ずしも～ない(かならずしも～ない): không hẳn là…
単に,たんに,"chỉ đơn giản là, đơn thuần là",shinkanzen,phó từ,環境問題は単に先進国のみの問題ではない。,Vấn đề môi trường không đơn giản là vấn đề của các nước phát triển.,"""Kanji 単 (đơn) mang ý nghĩa """"đơn giản"""", """"đơn lẻ"""", """"đơn thuần"""" - phản ánh chính xác ý nghĩa của từ này.""",単なる(たんなる): đơn thuần、単純に(たんじゅんに): đơn giản
いまだに,いまだに,"vẫn, vẫn còn, cho đến nay vẫn chưa",shinkanzen,phó từ,3日前に出した手紙がいまだに着かないのはおかしい。,Lá thư gửi từ 3 ngày trước đến giờ vẫn chưa đến thật là kì lạ.,"""Có thể viết là 未だに, trong đó 未 có nghĩa là """"chưa"""", """"chưa hoàn thành"""" - phản ánh ý nghĩa """"vẫn chưa"""" hoặc """"vẫn còn"""" của từ.""",いまだに～ない(いまだに～ない): vẫn chưa…、いまだかつて～ない(いまだかつて～ない): chưa từng có
ついでに,ついでに,"nhân tiện, tiện thể",shinkanzen,phó từ,散歩に行くんだったら、ついでにこの手紙を出してきた。,Nếu đi tản bộ thì nhân tiện gửi lá thư này với nhé.,"""Có thể viết là 序でに, trong đó 序 có nghĩa là """"thứ tự"""", """"dịp"""" - phản ánh ý nghĩa làm việc gì đó nhân một dịp đang có sẵn.""",ついでの時(ついでのとき): lúc tiện、買い物のついで(かいもののついで): nhân tiện đi mua sắm
とりあえず,とりあえず,"trước hết, tạm thời, trước mắt",shinkanzen,phó từ,財布を落としてしまったので、とりあえず警察に届けた。,Làm rơi ví mất nên tạm thời đến báo đồn cảnh sát.,"""Có thể viết là 取り敢えず, trong đó 取り (lấy) và 敢えず (không cần phải) - phản ánh ý nghĩa """"cứ làm trước đã, không cần suy nghĩ quá nhiều"""".""",とりあえずの対応(とりあえずのたいおう): giải pháp tạm thời、とりあえず一杯(とりあえずいっぱい): trước tiên là một ly
万一,まんいち,"trong trường hợp khẩn cấp, nếu tình huống xấu xảy ra",shinkanzen,"danh từ, phó từ",大丈夫だと思うが、万一失敗したらどうしよう。,Tôi nghĩ là không sao nhưng trong trường hợp thất bại thì làm sao?,"""万 (vạn) có nghĩa là """"mười nghìn"""" và 一 (nhất) có nghĩa là """"một"""". Kết hợp lại thành """"một trong mười nghìn"""", ngụ ý về khả năng nhỏ nhưng không thể bỏ qua.""",万一の場合(まんいちのばあい): trong trường hợp khẩn cấp、万一の事態(まんいちのじたい): tình huống khẩn cấp
偶然,ぐうぜん,"tình cờ, ngẫu nhiên, tình cờ",shinkanzen,"danh từ, phó từ",駅で偶然昔の知り合いに会った。,Tình cờ gặp lại người quen ở nhà ga.,"""偶 (cố) có nghĩa là """"ngẫu nhiên"""", """"tình cờ"""" và 然 (nhiên) có nghĩa là """"như vậy"""", """"tự nhiên"""". Kết hợp lại thể hiện một sự việc xảy ra một cách tự nhiên, không có sự sắp đặt.""",偶然の一致(ぐうぜんのいっち): sự trùng hợp ngẫu nhiên、偶然にも(ぐうぜんにも): một cách tình cờ
どっと,どっと,"tất cả cùng lúc, bất thình lình, bất chợt",shinkanzen,副詞 (Trạng từ),その冗談を聞いて、人々はどっと笑った。,"Khi nghe câu chuyện đùa đó, mọi người ùa lên cười.","Đây là từ viết bằng hiragana, không chứa kanji.",どっと出る (どっとでる): bộc phát đột ngột、どっと疲れが出る (どっとつかれがでる): cảm thấy mệt mỏi bất ngờ、どっと笑う (どっとわらう): cười ồ lên
ばったり,ばったり,"đột nhiên (ngã), đột ngột",shinkanzen,副詞 (Trạng từ),隣に立っていた人が突然ばったり倒れたので驚いた。,Tôi giật mình vì người đứng bên cạnh đột nhiên ngã xuống.,"Đây là từ viết bằng hiragana, không chứa kanji.",ばったり倒れる (ばったりたおれる): ngã gục đột ngột、ばったり会う (ばったりあう): tình cờ gặp gỡ、ばったり止まる (ばったりとまる): dừng đột ngột
さっさと,さっさと,nhanh chóng,shinkanzen,副詞 (Trạng từ),早く片付けたいから、さっさと食べて。,Muốn dọn dẹp sớm nên ăn nhanh lên.,"Đây là từ viết bằng hiragana, không chứa kanji.",さっさと片付ける (さっさとかたづける): dọn dẹp nhanh chóng、さっさと終わらせる (さっさとおわらせる): kết thúc nhanh chóng、さっさと行動する (さっさとこうどうする): hành động nhanh chóng
さっと,さっと,"nhanh, đột ngột",shinkanzen,副詞 (Trạng từ),私がコーヒーをこぼすと、店員がさっと拭いてくれた。,Tôi vừa làm đổ cà phê thì nhân viên liền lau giúp.,"Đây là từ viết bằng hiragana, không chứa kanji.",さっと動く (さっとうごく): hành động nhanh nhẹn、さっと拭く (さっとふく): lau nhanh、さっと立ち上がる (さっとたちあがる): đứng dậy nhanh chóng
すっと,すっと,"vươn thẳng, cảm giác thoải mái, sảng khoái",shinkanzen,副詞 (Trạng từ),彼女はすっと立ち上がって、部屋を出ていった。,Cô ấy đứng dậy và lao ra khỏi phòng nhanh như chớp.,"Đây là từ viết bằng hiragana, không chứa kanji.",すっと立つ (すっとたつ): đứng thẳng người、すっと入る (すっとはいる): đi vào nhẹ nhàng、すっとした感覚 (すっとしたかんかく): cảm giác thoải mái
せっせと,せっせと,"siêng năng, cần cù",shinkanzen,副詞 (Trạng từ),彼は若い時にせっせと働いてお金をためた。,Anh ấy lúc còn trẻ đã chăm chỉ làm việc để tích góp tiền.,"Đây là từ viết bằng hiragana, không chứa kanji.",せっせと働く (せっせとはたらく): làm việc chăm chỉ、せっせと貯める (せっせとためる): tích góp cần mẫn、せっせと通う (せっせとかよう): đi lại chăm chỉ
ざっと,ざっと,"khoảng, nháp, qua loa",shinkanzen,副詞 (Trạng từ),ざっと計算したところ、10万円ほどかかりそうだと分かった。,Tính nhanh qua mà thấy tốn khoảng 10 man.,"""Từ này có thể được viết bằng kanji là 「雑と」, trong đó 「雑」(ざつ) có nghĩa là """"hỗn tạp, không có trật tự"""", phản ánh ý nghĩa """"không chi tiết, sơ lược"""" của từ.""",ざっと見る (ざっとみる): xem lướt qua、ざっと計算する (ざっとけいさんする): tính toán sơ bộ、ざっと説明する (ざっとせつめいする): giải thích sơ lược
こっそり,こっそり,"bí mật, lén lút",shinkanzen,副詞 (Trạng từ),先生に見つからないように、こっそりケータイのメールを見た。,Lén xem tin nhắn điện thoại không để giáo viên biết.,"Đây là từ viết bằng hiragana, không chứa kanji.",こっそり見る (こっそりみる): lén nhìn、こっそり出かける (こっそりでかける): lẻn ra ngoài、こっそり教える (こっそりおしえる): lén nói cho biết
生き生き,いきいき,"sinh động, hăng hái, tràn đầy sức sống",shinkanzen,形容動詞 (Tính từ đuôi な),彼女は生き生きと働いている。,Cô ấy làm việc rất hăng hái.,"""「生」(い) có nghĩa là """"sống"""", được lặp lại hai lần trong 「生き生き」, tạo nên ý nghĩa """"tràn đầy sức sống"""". Kanji 「生」cũng hiện diện trong các từ như 「生きる」(いきる - sống), 「生命」(せいめい - sự sống), cho thấy mối liên hệ với sự sống động.""",生き生きとした表情 (いきいきとしたひょうじょう): biểu cảm sinh động、生き生きと活動する (いきいきとかつどうする): hoạt động hăng hái、生き生きとした描写 (いきいきとしたびょうしゃ): miêu tả sinh động
ぼんやり,ぼんやり,"lờ mờ, mơ hồ, lơ đãng",shinkanzen,副詞・形容動詞 (Trạng từ・Tính từ đuôi な),霧の中に、ぼんやり船が見えた。,Trong sương mờ mờ ảo ảo thấy con thuyền.,"Đây là từ viết bằng hiragana, không chứa kanji.",ぼんやり見える (ぼんやりみえる): nhìn thấy mờ mờ、ぼんやりした記憶 (ぼんやりしたきおく): ký ức mơ hồ、ぼんやり考える (ぼんやりかんがえる): suy nghĩ mông lung
不図,ふと,"đột nhiên, tình cờ",shinkanzen,副詞 (Trạng từ),不図窓の外を見ると、雪が降っていた。,Đột nhiên nhìn ra bên ngoài thì thấy tuyết rơi.,"""「不」(ふ) có nghĩa là """"không, bất"""" và 「図」(と) có nghĩa là """"bản đồ, kế hoạch"""". Kết hợp lại, 「不図」có nghĩa là """"không có kế hoạch trước"""", phản ánh tính chất bất ngờ, ngẫu nhiên của từ.""",不図思い出す (ふとおもいだす): chợt nhớ ra、不図気づく (ふときづく): chợt nhận ra、不図見る (ふとみる): tình cờ nhìn thấy
直に,じかに,trực tiếp,shinkanzen,副詞 (Trạng từ),何も敷かないで、直に地面に座った。,Không phủi gì mà ngồi trực tiếp lên đất.,"""「直」(じか) có nghĩa là """"thẳng, trực tiếp"""". Kanji này cũng xuất hiện trong các từ như 「直線」(ちょくせん - đường thẳng), 「直接」(ちょくせつ - trực tiếp), thể hiện ý nghĩa """"trực tiếp, không qua trung gian"""".""",直に触れる (じかにふれる): chạm trực tiếp、直に話す (じかにはなす): nói chuyện trực tiếp、直に会う (じかにあう): gặp trực tiếp
一度に,いちどに,"một lần, cùng lúc",shinkanzen,副詞 (Trạng từ),一度に多くのことを言われても、覚えられない。,Không thể nhớ được những việc được nói cùng một lúc.,"""「一」(いち) có nghĩa là """"một"""" và 「度」(ど) có nghĩa là """"lần, mức độ"""". Kết hợp lại, 「一度に」mang ý nghĩa """"trong một lần duy nhất"""", nhấn mạnh tính đồng thời của hành động.""",一度に処理する (いちどにしょりする): xử lý cùng lúc、一度に済ませる (いちどにすませる): giải quyết một lần、一度に調理する (いちどにちょうりする): nấu cùng một lúc
一斉に,いっせいに,"cùng lúc, đồng loạt",shinkanzen,副詞 (Trạng từ),ピストルの音の同時に、選手たちは一斉にスタートした。,"Đồng thời với tiếng súng, các vận động viên bắt đầu cùng lúc.","""「一」(いち) có nghĩa là """"một"""" và 「斉」(せい) có nghĩa là """"đồng đều, cùng nhau"""". Kết hợp lại, 「一斉に」mang ý nghĩa """"cùng nhau làm một việc một cách đồng bộ"""".""",一斉に立ち上がる (いっせいにたちあがる): đồng loạt đứng dậy、一斉に動き出す (いっせいにうごきだす): cùng bắt đầu di chuyển、一斉に帰宅する (いっせいにきたくする): đồng loạt về nhà
共に,ともに,cùng với,shinkanzen,副詞 (Trạng từ),毎年正月には、家族とともに祖父母の家に行くことになっている。,"Vào dịp tết mỗi năm, gia đình sẽ về thăm nhà ông bà.","""「共」(とも) có nghĩa là """"chung, cùng nhau"""". Kanji này cũng xuất hiện trong các từ như 「共同」(きょうどう - hợp tác), 「共有」(きょうゆう - chia sẻ), thể hiện ý nghĩa """"cùng nhau, chung"""".""",喜びとともに (よろこびとともに): cùng với niềm vui、悲しみとともに (かなしみとともに): cùng với nỗi buồn、皆とともに (みなとともに): cùng với mọi người
相互に,そうごに,"lẫn nhau, cùng nhau",shinkanzen,副詞 (Trạng từ),よく話し合って、相互に理解し合うことが大切だ。,Nói chuyện nhiều với nhau thì việc hiểu nhau hơn là điều quan trọng.,"""「相」(そう) có nghĩa là """"tương, đối diện"""" và 「互」(ご) có nghĩa là """"hỗ trợ lẫn nhau"""". Kết hợp lại, 「相互」thể hiện ý nghĩa """"tương tác qua lại giữa hai bên"""", như trong từ 「相互作用」(そうごさよう - tương tác).""",相互理解 (そうごりかい): hiểu biết lẫn nhau、相互協力 (そうごきょうりょく): hợp tác lẫn nhau、相互依存 (そうごいぞん): phụ thuộc lẫn nhau
一人一人,ひとりひとり,"từng người một, lần lượt",shinkanzen,副詞・名詞 (Trạng từ・Danh từ),出席者は一人一人意見を述べた。,Những người tham gia từng người một phát biểu ý kiến.,"""「一」(いち/ひと) có nghĩa là """"một"""" và 「人」(り/にん) có nghĩa là """"người"""". Kết hợp và lặp lại, 「一人一人」thể hiện ý nghĩa """"từng người một"""", nhấn mạnh đến tính riêng biệt của mỗi cá nhân.""",一人一人確認する (ひとりひとりかくにんする): xác nhận từng người một、一人一人異なる (ひとりひとりことなる): mỗi người một khác、一人一人の意見 (ひとりひとりのいけん): ý kiến của từng người
いちいち,いちいち,"từng thứ một, chi tiết",shinkanzen,副詞 (Trạng từ),母は私のすることにいちいち文句を言う。,Mẹ phàn nàn về từng việc tôi làm.,"""Mặc dù thường được viết bằng hiragana, từ này có thể được viết bằng kanji là 「一々」, trong đó 「一」(いち) có nghĩa là """"một"""" được lặp lại hai lần, thể hiện ý nghĩa """"từng cái một, chi tiết"""".""",いちいち確認する (いちいちかくにんする): kiểm tra từng cái một、いちいち説明する (いちいちせつめいする): giải thích từng điểm、いちいち気にする (いちいちきにする): để ý đến từng chi tiết
生憎,あいにく,"đáng tiếc, tiếc thay, không may",shinkanzen,phó từ,古い友人に電話をかけたが、あいにく彼女は留守だった。,Gọi điện đến nhà bạn thân nhưng tiếc là cô ấy vắng nhà.,"""Từ này bao gồm 2 kanji: 生 (sinh) có nghĩa là """"sống, sinh"""" và 憎 (tăng) có nghĩa là """"ghét"""". Kết hợp lại, hàm ý một tình huống sống không như ý, gây ra cảm xúc tiếc nuối. Mặc dù kanji 憎 thường mang nghĩa """"ghét"""" nhưng trong từ này, nó làm nhiệm vụ biểu thị âm """"niく"""" và góp phần tạo nên nghĩa """"đáng tiếc"""".""",生憎の事(あいにくのこと): chuyện đáng tiếc、生憎の天気(あいにくのてんき): thời tiết không may、生憎ながら(あいにくながら): rất tiếc rằng
案の定,あんのじょう,"như dự đoán, quả nhiên, đúng như mong đợi",shinkanzen,phó từ,怪しいと思っていたが、案の定、彼は犯人だった。,"Tôi thấy đáng nghi rồi, quả nhiên anh ta là tội phạm.","""Từ này kết hợp từ 案 (án) có nghĩa là """"kế hoạch, dự định"""" và 定 (định) có nghĩa là """"xác định, cố định"""". Khi ghép lại, từ này mang ý nghĩa """"đúng như kế hoạch đã định trước"""", thể hiện sự việc xảy ra đúng như dự đoán ban đầu.""",案の定通り(あんのじょうどおり): đúng như dự đoán、予想通り(よそうどおり): như dự đoán
いよいよ,いよいよ,"cuối cùng, đã đến lúc, càng ngày càng, cuối cùng thì",shinkanzen,phó từ,あしたはいよいよ決勝戦だ。,Cuối cùng ngày mai cũng là trận chung kết nhỉ.,"Từ này không có kanji, là từ thuần Nhật viết bằng hiragana.",いよいよ本番(いよいよほんばん): cuối cùng cũng đến lúc chính thức、いよいよ最終日(いよいよさいしゅうび): cuối cùng cũng đến ngày cuối cùng
流石,さすが,"quả là, đúng như dự đoán, thật đúng là, không hổ danh là",shinkanzen,phó từ,有名ブランド品だけあって、さすがに高い。,"Quả đúng là sản phẩm thương hiệu nổi tiếng, giá đắt thật.","""Từ này bao gồm 2 kanji: 流 (lưu) có nghĩa là """"chảy, trôi"""" và 石 (thạch) có nghĩa là """"đá"""". Ban đầu, từ này dùng để chỉ những viên đá đặc biệt có thể nổi trên mặt nước (điều khó tin). Từ đó, nghĩa của từ đã mở rộng để chỉ điều đáng ngưỡng mộ hoặc đạt đến kỳ vọng, xứng đáng với danh tiếng.""",流石のこと(さすがのこと): điều đúng như mong đợi、流石だけある(さすがだけある): quả nhiên không hổ danh
兎に角,とにかく,"dù sao, cách này hay cách khác, dù thế nào đi nữa",shinkanzen,phó từ,できるかどうかわからないが、とにかくやってみよう。,"Có được hay không vẫn không rõ, nhưng dù sao hãy làm thử đi.","""Từ này gồm 3 phần: 兎 (thỏ) có nghĩa là """"con thỏ"""", 角 (giác) có nghĩa là """"góc, sừng"""", và に là trợ từ chỉ phương hướng. Cách viết này mang tính biểu tượng cho """"bất kể hướng nào, góc nào"""" (就使兎子走到角落也会找到出路 - dù con thỏ chạy đến góc nào cũng tìm được lối ra), từ đó mở rộng nghĩa thành """"dù sao đi nữa, cách này hay cách khác"""".""",とにかくまず(とにかくまず): trước hết、とにもかくにも(とにもかくにも): dù thế nào đi nữa
せめて,せめて,"ít nhất, tối thiểu là, chí ít",shinkanzen,phó từ,せめて日曜日くらいはゆっくり休みたい。,Ít nhất thì cũng muốn chủ nhật được nghỉ ngơi.,"Từ này không có kanji, là từ thuần Nhật viết bằng hiragana.",せめてもの(せめての): tối thiểu、せめての望み(せめてのぞみ): hy vọng tối thiểu
せいぜい,せいぜい,"tối đa, nhiều nhất có thể, cùng lắm là",shinkanzen,phó từ,うちから駅までは、歩いてもせいぜい10分ぐらいです。,Từ nhà đi bộ đến nhà ga tối đa mất 10 phút.,"Từ này không có kanji, là từ thuần Nhật viết bằng hiragana.",せいぜいのところ(せいぜいのところ): nhiều nhất thì、せいぜい頑張る(せいぜいがんばる): cố gắng hết sức
どうせ,どうせ,"dù cho, đằng nào thì, dẫu sao",shinkanzen,phó từ,どうせ不合格に決まっているが、やっぱり受けたい。,Dù cho biết không đậu nhưng vẫn muốn dự thi.,"Từ này không có kanji, là từ thuần Nhật viết bằng hiragana.",どうせなら(どうせなら): nếu đằng nào cũng vậy thì、どうせのこと(どうせのこと): đằng nào cũng vậy
ぎっしり,ぎっしり,"lèn chặt, đầy chặt, kín lịch, chật ních",shinkanzen,"phó từ, từ tượng thanh",本棚には本がぎっしり並んでいる。,Sách xếp chật ních trên giá sách.,"Từ này không có kanji, là từ tượng thanh viết bằng hiragana.",ぎっしり詰まる(ぎっしりつまる): lèn chặt、ぎっしり並ぶ(ぎっしりならぶ): xếp chật ních
ずらりと,ずらりと,"trong một dãy, xếp thành hàng, liên tiếp",shinkanzen,"phó từ, từ tượng thanh",息子の本棚にはずらりと漫画が並んでいる。,Đứa con trai xếp truyện tranh một hàng trên giá sách.,"Từ này không có kanji, là từ tượng thanh viết bằng hiragana.",ずらりと並ぶ(ずらりとならぶ): xếp thành hàng、ずらりと揃う(ずらりとそろう): xếp thẳng hàng
あっさり,あっさり,"đơn giản, nhẹ nhàng, giản dị, gọn gàng",shinkanzen,"phó từ, từ tượng thanh",今日は食欲がないので、あっさりしたものが食べたい。,Hôm nay không muốn ăn nên chỉ ăn những thứ đơn giản thôi.,"Từ này không có kanji, là từ tượng thanh viết bằng hiragana.",あっさり食べる(あっさりたべる): ăn nhẹ nhàng、あっさり諦める(あっさりあきらめる): từ bỏ dễ dàng
しんと・しいんと,しんと・しいんと,"yên lặng, lặng lẽ, im phăng phắc",shinkanzen,"phó từ, từ tượng thanh",先生が大声で怒ると、子供たちはしいんとなった。,Giáo viên nổi giận hét lớn lên thì cả lớp im như tờ.,"Từ này không có kanji, là từ tượng thanh viết bằng hiragana.",しんとする(しんとする): trở nên yên lặng、しいんとした空間(しいんとしたくうかん): không gian im lặng
ちゃんと,ちゃんと,"nghiêm túc, cẩn thận, tuyệt đối, đàng hoàng",shinkanzen,phó từ,面接にはちゃんとした服を着ていくこと。,Khi đi phỏng vấn nên ăn mặc chỉnh tề.,"Từ này không có kanji, là từ thuần Nhật viết bằng hiragana.",ちゃんとした人(ちゃんとしたひと): người đàng hoàng、ちゃんとする(ちゃんとする): làm đúng cách
続々,ぞくぞく,"liên tục, cái này sau cái kia, hết đợt này đến đợt khác",shinkanzen,"phó từ, từ tượng thanh",客が続々と詰めかけ、会場はすぐに満員になった。,Khách liên tục vào ngay lập tức hội trường đã chật người.,"""Từ này gồm một kanji được lặp lại: 続 (tục) có nghĩa là """"tiếp tục, nối tiếp"""". Khi lặp lại thành 続々, từ này mang nghĩa """"liên tục, hết cái này đến cái khác"""", nhấn mạnh tính liên tục và lặp đi lặp lại của hành động hoặc sự xuất hiện.""",続々と現れる(ぞくぞくとあらわれる): xuất hiện liên tục、続々と集まる(ぞくぞくとあつまる): tập hợp liên tục
さっぱり,さっぱり,"hoàn toàn, thoải mái, sảng khoái, nhẹ bỗng",shinkanzen,副詞,早くシャワーを浴びて、さっぱりしたい。,Nhanh nhanh muốn đi tắm để cảm thấy sảng khoái trở lại.,"Đây là từ hiragana thuần túy, không chứa kanji.",さっぱりした料理 (さっぱりしたりょうり): món ăn vị nhạt、さっぱりした性格 (さっぱりしたせいかく): tính cách thoải mái、さっぱりわからない (さっぱりわからない): hoàn toàn không hiểu
すっきり,すっきり,"khoan khoái, sảng khoái, dễ chịu, gọn gàng",shinkanzen,副詞,眠かったが、顔を洗うとすっきりした。,Buồn ngủ nhưng rửa mặt thì tỉnh táo ngay.,"Đây là từ hiragana thuần túy, không chứa kanji.","すっきりしたデザイン (すっきりしたデザイン): thiết kế đơn giản, gọn gàng、すっきりした部屋 (すっきりしたへや): căn phòng gọn gàng、すっきりした文章 (すっきりしたぶんしょう): văn bản mạch lạc"
実に,じつに,"thực ra, thực tế, thực sự, quả thật",shinkanzen,副詞,この小説は実に面白かった。,Cuốn tiểu thuyết này thực sự rất thú vị.,"""実 (じつ): có nghĩa là """"thật"""", """"thực"""", """"quả"""" - khi kết hợp với trợ từ に tạo thành một phó từ chỉ mức độ cao, nhấn mạnh tính chân thực của điều được mô tả.""",実に驚くべき (じつにおどろくべき): thật đáng ngạc nhiên、実に残念 (じつにざんねん): thực sự đáng tiếc、実に美しい (じつにうつくしい): thực sự đẹp
思い切り,おもいきり,"hết mình, hết sức, dứt khoát, quyết trí",shinkanzen,副詞,試験が終わったら、思い切り遊びたい。,Kì thi kết thúc tôi muốn chơi hết mình.,"思 (おも): nghĩ, suy nghĩ + 切り (きり): cắt, chặt → khi kết hợp lại có nghĩa là cắt đứt những suy nghĩ lo lắng để hành động dứt khoát, hết mình.","思い切りがいい (おもいきりがいい): dứt khoát, quyết đoán、思い切りが悪い (おもいきりがわるい): do dự, thiếu quyết đoán、思い切りよく (おもいきりよく): một cách dứt khoát"
何となく,なんとなく,"không hiểu sao, không có lý do rõ ràng, mơ hồ",shinkanzen,副詞,今日は何となくいいことがありそうな気がする。,Không hiểu sao hôm nay tôi cảm thấy có điều gì tốt.,"何 (なん): cái gì + と (trợ từ nối) + なく (dạng phủ định của ある) → kết hợp lại có nghĩa là không có lý do rõ ràng, không thể xác định.",何となく感じる (なんとなくかんじる): cảm thấy mơ hồ、何となく分かる (なんとなくわかる): hiểu mơ hồ、何となくの予感 (なんとなくのよかん): linh cảm không rõ ràng
何だか,なんだか,"hơi hơi, một chút, không hiểu sao",shinkanzen,副詞,なんだか寒気がする、風邪を引いたのだろうか。,"Cảm thấy hơi lạnh sống lưng chút, bị cảm hay sao đây.","何 (なん): cái gì + だか (trợ từ biểu thị sự không chắc chắn) → kết hợp lại có nghĩa là cảm giác không chắc chắn, hơi hơi.",何だか変な感じ (なんだかへんなかんじ): cảm giác hơi kỳ lạ、何だか嬉しい (なんだかうれしい): hơi vui、何だか分からない (なんだかわからない): không hiểu sao
どうにか,どうにか,"bằng cách nào đó, cuối cùng cũng, dù sao cũng",shinkanzen,副詞,家から走り続け、どうにか7時の電車に間に合った。,Từ nhà cứ chạy liên tục nhờ thế mà đã kịp chuyến xe điện 7 giờ.,"Đây là từ hiragana thuần túy, không chứa kanji.",どうにかなる (どうにかなる): sẽ ổn thôi、どうにかする (どうにかする): làm bằng cách nào đó、どうにかして (どうにかして): bằng cách nào đó
どうにも,どうにも,"chẳng thể làm gì, không cách nào",shinkanzen,副詞,助けてあげたかったが、私の力ではどうにもできなかった。,Tôi cũng muốn giúp đỡ nhưng với thể lực này thì tôi không thể làm gì cả.,"Đây là từ hiragana thuần túy, không chứa kanji.",どうにもならない (どうにもならない): không thể làm gì được、どうにもできない (どうにもできない): không thể làm gì、どうにも我慢できない (どうにもがまんできない): không thể chịu đựng được nữa
何とか,なんとか,"dù thế nào đi nữa, bằng cách nào đó",shinkanzen,副詞,必死に頑張って、何とか合格することができた。,"Quyết tâm cố gắng, nhờ thế mà đã đậu được.","何 (なん): cái gì + とか (trợ từ chỉ khả năng) → kết hợp lại có nghĩa là bằng cách nào đó, dù thế nào đi nữa.",何とかなる (なんとかなる): rồi sẽ ổn thôi、何とかする (なんとかする): làm bằng cách nào đó、何とかして (なんとかして): bằng cách nào đó
何とも,なんとも,"không… một chút nào, không thể diễn tả được",shinkanzen,副詞,私をいじめた人を、前は恨んでいたが、今は何とも思っていない。,"Trước đây tôi rất ghét người đã bắt nạt tôi, nhưng giờ thì không nghĩ ngợi gì.","何 (なん): cái gì + とも (trợ từ nhấn mạnh) → kết hợp lại có nghĩa là không thể diễn tả được, hoặc hoàn toàn không (có cảm xúc gì).",何とも言えない (なんともいえない): không thể diễn tả được、何とも思わない (なんともおもわない): không nghĩ ngợi gì、何ともない (なんともない): không sao cả
態と,わざと,"cố ý, có chủ đích",shinkanzen,副詞,子供相手にゲームをするときは、時々わざと負けてやったりする。,"Chơi game với đối thủ là con nít, đôi khi tôi cố ý thua.","態 (わざ): thái độ, phong cách + と (trợ từ) → kết hợp lại có nghĩa là làm điều gì đó với thái độ có chủ ý, cố tình.",わざと聞き返す (わざとききかえす): cố ý hỏi lại、わざと見ない (わざとみない): cố ý không nhìn、わざと間違える (わざとまちがえる): cố ý nhầm lẫn
態々,わざわざ,"làm phiền, gây phiền, cất công",shinkanzen,副詞,学校の欠席をしたら、クラスメートがわざわざ宿題をうちまで届けてくれた。,Nghỉ học nên đứa bạn cất công gửi bài tập đến nhà cho tôi.,"態 (わざ): thái độ, phong cách + 態 (わざ): thái độ, phong cách → việc lặp lại chữ 態 nhấn mạnh sự cố gắng, công sức đặc biệt bỏ ra để làm việc gì đó.",わざわざ来る (わざわざくる): cất công đến、わざわざ教える (わざわざおしえる): cất công chỉ dạy、わざわざ言う (わざわざいう): cất công nói
折角,せっかく,"đã mất công, cơ hội tốt",shinkanzen,副詞,せっかく都心の美術館まで行ったのに、満員で入れなかった。,Cất công đến viện bảo tàng thành phố nhưng đông quá không thể vào được.,"""折 (せつ): gập, bẻ gãy + 角 (かく): góc, sừng → nghĩa gốc là """"cẩn thận gấp góc"""", ám chỉ sự quý giá, đáng trân trọng như khi ta cẩn thận đánh dấu một điều quan trọng.""",せっかくの機会 (せっかくのきかい): cơ hội tốt、せっかくのプレゼント (せっかくのプレゼント): món quà quý giá、せっかくの休日 (せっかくのきゅうじつ): ngày nghỉ quý giá
錆びる,さびる,"bị rỉ sét, bị gỉ",shinkanzen,動詞、自動詞 (Động từ tự),雨に濡れて自転車がさびてしまった。,Bị mưa ướt nên xe đạp bị rỉ.,"錆 (さび) là kanji chỉ sự rỉ sét, được cấu tạo từ bộ kim (金) bên trái chỉ kim loại và phần còn lại chỉ trạng thái biến đổi. Chữ này gợi hình ảnh kim loại bị biến đổi màu sắc do thời gian.",さび付く (さびつく): bị rỉ sét、さび (さび): rỉ sét
接する,せっする,"gắn với, tiếp xúc, gặp gỡ",shinkanzen,動詞、他動詞 (Động từ tha),長野県は海に接していない。,Huyện Nagano không tiếp giáp biển.,"接 (せつ) có nghĩa là nối, tiếp, gồm bộ thủ (手) biến thể ở trên, thể hiện hành động và bộ phần còn lại có liên quan đến sự kết nối. Kanji này thể hiện ý nghĩa về việc kết nối, tiếp xúc.",接触する (せっしょくする): tiếp xúc、接近する (せっきんする): tiếp cận、面接する (めんせつする): phỏng vấn
属する,ぞくする,"thuộc về, thuộc vào",shinkanzen,動詞、自動詞 (Động từ tự),クジラは哺乳類に属している。,Cá voi thuộc loài có vú.,"""属 (ぞく) gồm bộ miên (しめすへん) ở bên trái và chữ 尾 (đuôi) ở bên phải. Hình ảnh này gợi ý về việc """"theo sau"""" hay """"thuộc về"""" một nhóm nào đó, giống như cái đuôi luôn gắn với cơ thể.""",所属する (しょぞくする): thuộc về (tổ chức)、属性 (ぞくせい): thuộc tính、帰属 (きぞく): thuộc về
占める,しめる,"chiếm, giữ (vị trí)",shinkanzen,動詞、他動詞 (Động từ tha),この会社の製品は、市場の8割を占めている。,Sản phẩm của công ty này chiếm 80% thị trường.,"""占 (せん、し) có nghĩa là chiếm, bói, gồm bộ khẩu (口) ở trên và bộ trâm (卜) ở dưới. Nguyên gốc liên quan đến việc tiên đoán, bói toán, sau đó mở rộng nghĩa thành """"chiếm giữ"""" một vị trí.""",占有する (せんゆうする): chiếm hữu、独占する (どくせんする): độc quyền、占領する (せんりょうする): chiếm đóng
草臥れる,くたびれる,"bị mệt, bị chán, bị sờn (quần áo)",shinkanzen,動詞、自動詞 (Động từ tự),一日中仕事をしてくたびれた。,Suốt một ngày làm việc nên mệt mỏi.,"""草臥 (くた) là từ ghép giữa 草 (cỏ) và 臥 (nằm). Hình ảnh """"cỏ nằm rạp xuống"""" gợi ý về sự mệt mỏi, không còn sức. Người mệt mỏi giống như cỏ đã đổ xuống, không còn đứng thẳng được nữa.""",くたびれ果てる (くたびれはてる): kiệt sức、待ちくたびれる (まちくたびれる): mệt mỏi vì chờ đợi
恵まれる,めぐまれる,"được yêu thương, được trời phú, được ban tặng",shinkanzen,動詞、自動詞 (Động từ tự),この国は天然資源に恵まれている。,Đất nước này được ban tặng cho tài nguyên thiên nhiên.,"""恵 (めぐ) gồm chữ tâm (心) ở dưới, biểu thị cảm xúc, và phần trên liên quan đến ý nghĩa """"ban cho"""". Chữ này thể hiện ý """"tình cảm được ban cho"""", """"ân huệ từ tâm"""" - tức là điều tốt đẹp được ban tặng.""",恵み (めぐみ): ân huệ、恵み深い (めぐみぶかい): đầy lòng nhân từ、自然の恵み (しぜんのめぐみ): ân huệ từ thiên nhiên
湧く,わく,"sôi lên, trào dâng, sinh sôi",shinkanzen,動詞、自動詞 (Động từ tự),家の土地から温泉が沸いた。,Suối nước nóng từ vùng đất ở nhà sôi lên.,"""湧 (わく) gồm bộ thủy (氵) bên trái, chỉ nước, và phần bên phải liên quan đến sự trồi lên. Hình ảnh này gợi ý về nước phun trào, sôi lên - từ đó mở rộng sang cảm xúc cũng có thể """"trào dâng"""" tương tự.""",湧き上がる (わきあがる): trào lên、湧き出る (わきでる): phun ra、涌水 (わきみず): nước phun
微笑む,ほほえむ,"cười, mỉm cười",shinkanzen,動詞、自動詞 (Động từ tự),彼女は私ににっこりとほほ笑んだ。,Cô ấy mỉm cười với tôi.,"""微笑 (びしょう) gồm chữ 微 (vi) có nghĩa là nhỏ, tinh tế và 笑 (tiếu) có nghĩa là cười. Sự kết hợp tạo thành """"nụ cười nhỏ"""" hay """"mỉm cười"""" - một nụ cười nhẹ nhàng, không phải cười lớn.""",微笑み (ほほえみ): nụ cười、ほほ笑ましい (ほほえましい): đáng yêu、微笑み返す (ほほえみかえす): mỉm cười đáp lại
ふざける,ふざける,"đùa cợt, hiếu động, làm trò",shinkanzen,動詞、自動詞 (Động từ tự),弟はふざけて人を笑わせるのが得意だ。,Em trai tôi giỏi làm trò hề chọc cười người khác.,"""Từ này thường được viết bằng hiragana mặc dù có thể viết là 不山戯る, trong đó 不 (không) + 山 (núi) + 戯 (đùa giỡn) + る (đuôi động từ). Cách viết này ít phổ biến và có ý nghĩa như """"hành động không đúng mực"""" hay """"đùa giỡn quá đà"""".""",ふざけ者 (ふざけもの): người nghịch ngợm、ふざけ回る (ふざけまわる): chạy nhảy đùa giỡn
悔やむ,くやむ,"hối tiếc, tiếc nuối",shinkanzen,動詞、他動詞 (Động từ tha),過ぎたことを今さら悔やんでも遅い。,Chuyện đã qua rồi mà bây giờ hối tiếc cũng muộn rồi.,"""悔 (かい) gồm bộ tâm (心) ở dưới, chỉ cảm xúc, và phần trên có liên quan đến ý nghĩa """"trở lại"""". Kết hợp lại thể hiện cảm giác """"tâm quay lại"""" với việc đã làm - chính là sự hối tiếc, nuối tiếc.""",悔やみ (くやみ): sự nuối tiếc、後悔 (こうかい): hối hận、悔い改める (くいあらためる): hối cải
躊躇う,ためらう,"chần chừ, do dự, lưỡng lự",shinkanzen,動詞、自動詞 (Động từ tự),申し込みをためらっているうちに、締め切りが過ぎてしまった。,Trong khi phân vân việc đăng kí thì qua thời hạn mất.,"""躊躇 (ちゅうちょ) là từ ghép hai chữ Kanji đều có bộ túc (足) bên trái, thể hiện sự liên quan đến chân. Hình ảnh này gợi ý về việc """"chân bước không đều"""", """"bước đi dừng lại"""" - đó chính là biểu hiện của sự do dự, chần chừ.""",ためらい (ためらい): sự do dự、躊躇なく (ちゅうちょなく): không do dự
敬う,うやまう,"tôn trọng, kính trọng",shinkanzen,動詞、他動詞 (Động từ tha),神仏を敬う。,Tôn trọng phật.,"""敬 (けい) gồm phần trên """"苟"""" liên quan đến sự chú ý, cẩn thận và phần dưới """"攵"""" thể hiện hành động. Kết hợp lại, chữ này thể hiện hành động """"đối xử cẩn thận, chu đáo"""" - chính là thái độ tôn kính, kính trọng.""",敬意 (けいい): sự kính trọng、敬語 (けいご): kính ngữ、尊敬する (そんけいする): tôn kính
及ぶ,およぶ,"đạt đến, lan ra, kéo dài",shinkanzen,"他動詞・自動詞 (nội động từ, ngoại động từ)",台風の被害は、九州地方全域に及んだ。,Thiệt hại của bão lan ra đến toàn bộ vùng Kyushu.,"""Kanji 及 (cập) mang nghĩa """"đạt tới, chạm tới"""" - gợi ý về việc một vật đang lan rộng hoặc đạt đến nơi nào đó. Trong từ 及ぶ, ý nghĩa này được thể hiện trực tiếp qua việc """"lan ra"""" hoặc """"đạt đến"""".""","手が及ぶ (てがおよぶ): với tới được, 力の及ぶ限り (ちからのおよぶかぎり): hết sức có thể, 範囲に及ぶ (はんいにおよぶ): lan rộng đến phạm vi"
及ぼす,およぼす,"gây ra, ảnh hưởng, tác động",shinkanzen,他動詞 (ngoại động từ),彼らの音楽は若者に大きな影響を及ぼした。,Âm nhạc của họ đã ảnh hưởng mạnh mẽ đến giới trẻ.,"""Kanji 及 (cập) mang nghĩa """"đạt tới, chạm tới"""". Trong từ 及ぼす, nó mang ý nghĩa """"khiến cho lan rộng, khiến cho đạt tới"""" - đó chính là hàm ý của việc """"gây ảnh hưởng"""" hoặc """"tác động"""".""","影響を及ぼす (えいきょうをおよぼす): gây ảnh hưởng, 被害を及ぼす (ひがいをおよぼす): gây thiệt hại, 効果を及ぼす (こうかをおよぼす): tạo hiệu quả"
至る,いたる,"đi đến, dẫn đến, đạt đến",shinkanzen,自動詞 (nội động từ),山頂に至る道,Con đường dẫn đến đỉnh núi.,"""Kanji 至 (chí) có nghĩa là """"đạt đến, đến nơi"""". Trong từ 至る, nó thể hiện ý nghĩa """"đi đến điểm cuối, dẫn đến kết quả"""" - phản ánh quá trình chuyển động từ nơi này đến nơi khác, hoặc từ trạng thái này sang trạng thái khác.""","至る所 (いたるところ): khắp nơi, 極めて至る (きわめていたる): đạt đến cực điểm, 至る所に (いたるところに): ở mọi nơi"
達する,たっする,"đạt đến, chạm tới, đạt được",shinkanzen,自動詞 (nội động từ),5時間昇って山頂に達した。,5 tiếng leo núi cuối cùng đã lên được đỉnh.,"""Kanji 達 (đạt) mang ý nghĩa """"đến nơi, đạt đến"""". Trong từ 達する, nó thể hiện việc hoàn tất quá trình và đạt được mục tiêu hoặc đến được nơi mong muốn.""","目標に達する (もくひょうにたっする): đạt đến mục tiêu, 限界に達する (げんかいにたっする): đạt đến giới hạn, 結論に達する (けつろんにたっする): đi đến kết luận"
実る,みのる,"kết quả, mang lại kết quả tốt, đơm hoa kết trái",shinkanzen,自動詞 (nội động từ),今年は稲がよく実っている。,Lúa năm nay được mùa.,"""Kanji 実 (thực) mang nghĩa """"trái cây, kết quả, thực tế"""". Trong từ 実る, nó thể hiện quá trình từ hoa đến quả, từ nỗ lực đến thành quả - một quá trình tự nhiên khi mọi điều kiện đã hội đủ.""","実りの秋 (みのりのあき): mùa thu bội thu, 実りある (みのりある): có kết quả, 実り豊か (みのりゆたか): bội thu"
暮れる,くれる,"tối, hết (ngày/năm), kết thúc",shinkanzen,自動詞 (nội động từ),冬は日が早く暮れる。,Mùa đông thì ngày nhanh tối.,"""Kanji 暮 (mộ) gồm bộ """"nhật"""" (日) ở trên và """"thảo"""" (艸) bên dưới, gợi ý hình ảnh mặt trời lặn xuống sau rừng cây, tạo nên ý nghĩa """"chiều tối, kết thúc ngày"""".""","日暮れ (ひぐれ): hoàng hôn, 夕暮れ (ゆうぐれ): chiều tà, 暮れ方 (くれがた): lúc chiều tà"
劣る,おとる,"kém hơn, thua kém",shinkanzen,自動詞 (nội động từ),ベテランのA選手は体力ではB選手に劣るが、テクニックで勝てるだろう。,Tuyển thủ lão thành A có thể lực kém hơn tuyển thủ B nhưng bằng kỹ thuật sẽ chiến thắng.,"""Kanji 劣 (liệt) mang ý nghĩa """"kém, thua kém"""". Trong từ 劣る, nó thể hiện trực tiếp việc một người hoặc vật không đạt được tiêu chuẩn, kỹ năng hoặc chất lượng bằng đối tượng được so sánh.""","見劣りする (みおとりする): trông kém hơn, 劣等感 (れっとうかん): mặc cảm tự ti, 優劣 (ゆうれつ): hơn kém"
異なる,ことなる,"khác nhau, khác biệt",shinkanzen,自動詞 (nội động từ),私はあの人と意見が異なる。,Tôi khác với ý kiến người đó.,"""Kanji 異 (dị) có nghĩa là """"khác lạ, khác thường"""". Trong từ 異なる, nó thể hiện trực tiếp ý nghĩa """"không giống nhau, khác biệt"""" - nhấn mạnh sự khác nhau giữa hai hoặc nhiều đối tượng.""","異なる意見 (ことなるいけん): ý kiến khác nhau, 異なる立場 (ことなるたちば): lập trường khác nhau, 異なる視点 (ことなるしてん): quan điểm khác"
乱れる,みだれる,"hỗn loạn, rối, lộn xộn",shinkanzen,自動詞 (nội động từ),風で髪が乱れた。,Tóc rối do gió.,"""Kanji 乱 (loạn) mang ý nghĩa """"lộn xộn, không trật tự"""". Trong từ 乱れる, nó thể hiện trạng thái khi mọi thứ không còn theo trật tự ban đầu, bị xáo trộn hoặc lộn xộn – như tóc rối hay lịch trình bị đảo lộn.""","心が乱れる (こころがみだれる): tâm trí rối loạn, 乱れた髪 (みだれたかみ): tóc rối, 秩序が乱れる (ちつじょがみだれる): trật tự bị đảo lộn"
乱す,みだす,"làm rối, làm lộn xộn, làm đảo lộn",shinkanzen,他動詞 (ngoại động từ),新人選手は後半ペースを乱して、負けてしまった。,Cầu thủ mới làm loạn nhịp độ hiệp sau nên thua trận.,"""Kanji 乱 (loạn) mang ý nghĩa """"lộn xộn, không trật tự"""". Trong từ 乱す, nó thể hiện hành động chủ động gây ra sự rối loạn, phá vỡ trật tự ban đầu – như làm rối tâm trí hay phá vỡ nhịp độ.""","秩序を乱す (ちつじょをみだす): làm đảo lộn trật tự, 風紀を乱す (ふうきをみだす): phá vỡ kỷ luật, 心を乱す (こころをみだす): làm rối loạn tâm trí"
緩む,ゆるむ,"lỏng lẻo, dịu lại, chậm lại",shinkanzen,自動詞 (nội động từ),靴ひもが緩んで、くつが脱げてしまった。,Giây giày bị lỏng nên giày bị tuột ra.,"""Kanji 緩 (hoãn) gồm bộ """"mịch"""" (糸) bên trái và """"ngoan"""" (爰) bên phải, gợi ý hình ảnh sợi dây đang chùng xuống. Trong từ 緩む, nó thể hiện trạng thái không còn chặt, căng hoặc nghiêm ngặt như trước – giống như dây thừng dần dần lỏng ra.""","規制が緩む (きせいがゆるむ): quy định được nới lỏng, 緊張が緩む (きんちょうがゆるむ): căng thẳng giảm bớt, 気が緩む (きがゆるむ): lơ là cảnh giác"
緩める,ゆるめる,"làm nới lỏng, làm chậm lại, giảm bớt",shinkanzen,他動詞 (ngoại động từ),ネクタイを緩めてゆっくりする。,Nới lỏng cà vạt và thư giản.,"""Kanji 緩 (hoãn) gồm bộ """"mịch"""" (糸) bên trái và """"ngoan"""" (爰) bên phải. Trong từ 緩める, nó thể hiện hành động chủ động làm cho thứ gì đó trở nên lỏng hơn, chậm hơn hoặc bớt nghiêm ngặt – giống như chủ động nới lỏng sợi dây đang thắt chặt.""","規制を緩める (きせいをゆるめる): nới lỏng quy định, 監視を緩める (かんしをゆるめる): giảm bớt giám sát, 力を緩める (ちからをゆるめる): giảm bớt sức lực"
頂戴する,ちょうだいする,"nhận, đồng ý, hài lòng",shinkanzen,動詞,これ、お土産です。ありがとうございます。頂戴します。,"Cái này là quà lưu niệm. Cảm ơn, tôi xin nhận.","""頂 (đỉnh) có nghĩa là """"đỉnh cao nhất"""", và 戴 (đái) có nghĩa là """"đội lên đầu"""", liên kết với việc nhận một thứ gì đó với sự kính trọng, như đội lên đầu mình.""",お頂戴(おちょうだい): xin nhận、頂戴物(ちょうだいもの): vật được nhận、ご頂戴(ごちょうだい): được nhận
学ぶ,まなぶ,"học, nghiên cứu",shinkanzen,他動詞,大学で経済学を学ぶ。,Nghiên cứu kinh tế học tại trường đại học.,"Kanji 学 (học) biểu thị việc học tập, nghiên cứu. Ban đầu, kanji này miêu tả hình ảnh một đứa trẻ (子) đang học dưới mái nhà, tượng trưng cho quá trình tiếp thu kiến thức một cách có hệ thống.",学び舎(まなびや): trường học、独学(どくがく): tự học、学び直す(まなびなおす): học lại
練る,ねる,"nhào trộn, trau chuốt, hoạch định",shinkanzen,他動詞,パンの生地を練る。,Nhào bột mì.,"""Kanji 練 (luyện) có bộ """"糸"""" (chỉ) bên trái, liên quan đến vải vóc, và phần bên phải liên quan đến sự liên tục. Điều này gợi nhớ đến việc liên tục làm một việc gì đó (như nhào trộn) để đạt được kết quả mong muốn.""",練り上げる(ねりあげる): nhào nặn hoàn thiện、練り歩く(ねりあるく): đi diễu hành、練り込む(ねりこむ): nhào trộn vào
負う,おう,"mang, vác, gánh vác, chịu trách nhiệm",shinkanzen,他動詞,背に荷物を負う。,Mang hành lí trên vai.,"""Kanji 負 (phụ) biểu thị hình ảnh một người mang vác gì đó nặng nề. Phần trên là """"貝"""" (bối) nghĩa là tiền, phần dưới là dấu hiệu của sự mang vác. Điều này liên kết với nghĩa của từ là gánh vác trách nhiệm hoặc mang vật gì đó.""",背負う(せおう): vác trên lưng、責任を負う(せきにんをおう): gánh vác trách nhiệm、借金を負う(しゃっきんをおう): mắc nợ
果たす,はたす,"hoàn thành, thực hiện, đóng vai trò",shinkanzen,他動詞,子供が成人して、ようやく親の責任を果たした。,"Bọn trẻ trở thành người lớn, cuối cùng thì bố mẹ cũng hoàn thành nhiệm vụ.","""Kanji 果 (quả) có nghĩa là """"kết quả"""" hoặc """"trái cây"""", gợi ý về kết quả cuối cùng của một quá trình. Liên hệ với nghĩa của từ là """"hoàn thành"""" - đạt được kết quả cuối cùng của một nhiệm vụ hay lời hứa.""",果たし合い(はたしあい): đấu kiếm/súng、役割を果たす(やくわりをはたす): đóng vai trò、使命を果たす(しめいをはたす): hoàn thành sứ mệnh
引き受ける,ひきうける,"nhận, đảm trách, đảm nhận",shinkanzen,他動詞,仕事を引き受けた以上、最後まで責任を持ってやるべきだ。,Một khi đã đảm nhận công việc rồi thì phải chịu trách nhiệm đến cùng.,"引 (dẫn) có nghĩa là kéo, lôi; 受 (thụ) có nghĩa là nhận. Kết hợp lại, từ này mang ý nghĩa chủ động kéo trách nhiệm về phía mình và nhận lấy nó.",身元引受人(みもとひきうけにん): người bảo lãnh、仕事を引き受ける(しごとをひきうける): nhận công việc、役を引き受ける(やくをひきうける): đảm nhận vai trò
増す,ます,"tăng lên, lớn hơn, gia tăng",shinkanzen,自他動詞,現地に行ってさらに興味が増した。,Đến với vùng đất địa phương càng tăng thêm sự cuốn hút hơn nữa.,"""増 (tăng) bao gồm bộ thủy (氵) bên trái, gợi ý về việc thêm nước làm tăng thể tích. Phần bên phải """"曽"""" liên quan đến việc thêm vào. Nghĩa chung của kanji phản ánh ý tưởng về sự gia tăng, thêm vào.""",度合いが増す(どあいがます): mức độ tăng lên、勢いを増す(いきおいをます): tăng thêm động lực、重みを増す(おもみをます): nặng thêm
欠ける,かける,"bỏ lỡ, thiếu sót, mẻ, vỡ",shinkanzen,自動詞,茶碗の縁が欠けてしまった。,Viền bát trà bị nứt.,"""欠 (khiếm) biểu thị sự thiếu vắng, không đầy đủ. Hình dạng kanji gợi nhớ đến một người đang há miệng, thể hiện sự thiếu thốn, khao khát điều gì đó. Điều này trực tiếp liên quan đến ý nghĩa của từ là """"bị thiếu"""" hoặc """"không hoàn chỉnh"""".""",欠けた月(かけたつき): trăng khuyết、歯が欠ける(はがかける): răng bị mẻ、必要性を欠く(ひつようせいをかく): thiếu tính cần thiết
欠かす,かかす,"thiếu, lỡ, bỏ qua",shinkanzen,他動詞,骨の成長にカルシウムは欠かせない。,Không thể thiếu canxi đối với sự phát triển của xương.,"""欠 (khiếm) biểu thị sự thiếu vắng hoặc không đầy đủ. Khi được dùng trong từ """"欠かす"""", nó thể hiện hành động chủ động làm cho cái gì đó bị thiếu hoặc bỏ lỡ, khác với """"欠ける"""" (tự nhiên thiếu).""",欠かさず(かかさず): không thiếu sót、欠かせない(かかせない): không thể thiếu、日課を欠かす(にっかをかかす): bỏ lỡ thói quen hàng ngày
澄む,すむ,"trở nên rõ ràng, trong",shinkanzen,自動詞,山の空気は澄んでいる。,Không khí ở núi trong lành.,"""澄 (trừng) có bộ thủy (氵) bên trái, liên quan đến nước. Phần bên phải """"登"""" liên quan đến sự nổi lên. Kết hợp lại, kanji này gợi nhớ đến hình ảnh những tạp chất trong nước lắng xuống, để lại nước trong suốt phía trên - chính là ý nghĩa của từ """"trở nên trong suốt"""".""",澄み渡る(すみわたる): trong vắt、澄み切る(すみきる): hoàn toàn trong suốt、心が澄む(こころがすむ): tâm hồn thanh thản
濁る,にごる,"dính bùn, đục, không rõ ràng",shinkanzen,自動詞,台風で濁った川の水が激しく流れている。,Do bão nên dòng nước sông đục ngầu chảy xiết.,"""濁 (trọc) có bộ thủy (氵) bên trái, liên quan đến nước. Phần bên phải """"蜀"""" phát âm là """"zoku"""", gợi ý về sự phức tạp hoặc không thuần khiết. Kết hợp lại, kanji này miêu tả nước không trong, đục ngầu, và do đó mở rộng sang ý nghĩa về sự không rõ ràng.""",濁り酒(にごりざけ): rượu sake đục、声が濁る(こえがにごる): giọng khàn đục、目が濁る(めがにごる): mắt đục
濁す,にごす,"làm đục, nói năng mơ hồ",shinkanzen,他動詞,記者に鋭い質問をされた政治家は言葉を濁した。,Nhà chính trị bị nhà báo đặt câu hỏi hóc búa nên ngập ngừng mãi.,"""濁 (trọc) có bộ thủy (氵) bên trái, liên quan đến nước và sự ẩm ướt. Phần còn lại """"蜀"""" gợi ý về sự phức tạp. Kết hợp lại, kanji này biểu thị hành động chủ động làm cho cái gì đó trở nên đục ngầu, không rõ ràng.""",言葉を濁す(ことばをにごす): nói năng mơ hồ、返事を濁す(へんじをにごす): trả lời không rõ ràng、水を濁す(みずをにごす): làm đục nước
生じる,しょうじる,"phát sinh, xảy ra",shinkanzen,自動詞,計画の途中で問題が生じた。,Kế hoạch giữa chừng thì xảy ra vấn đề.,"""生 (sinh) có nghĩa là sống, sinh ra, tạo ra. Trong từ """"生じる"""", nó mang ý nghĩa về sự sinh ra hoặc phát sinh của một sự kiện, tình huống hoặc hiện tượng mới.""",問題が生じる(もんだいがしょうじる): vấn đề phát sinh、差が生じる(さがしょうじる): phát sinh sự khác biệt、混乱を生じる(こんらんをしょうじる): gây ra hỗn loạn
冒す,おかす,"can đảm, đương đầu, chịu đựng (điều nguy hiểm)",shinkanzen,他動詞 (tha động từ),救援隊は危険を冒して遭難者を救助した。,Đội quân cứu trợ chấp nhận nguy hiểm để cứu người bị nạn.,"""Kanji 冒 (mạo) gồm bộ 冃 (mũ) và 目 (mắt). Sự kết hợp này gợi ý hình ảnh """"che đậy"""" hoặc """"đương đầu"""" mạo hiểm. Phần """"mũ"""" che phủ """"mắt"""" tượng trưng cho việc """"chấp nhận không nhìn thấy"""" hay """"chấp nhận mạo hiểm"""", phản ánh ý nghĩa của từ về việc đương đầu với nguy hiểm.""",冒険 (ぼうけん): phiêu lưu、冒頭 (ぼうとう): phần đầu、冒涜 (ぼうとく): xúc phạm (tôn giáo)
脅す,おどす,"bắt nạt, đe dọa, hăm dọa",shinkanzen,他動詞 (tha động từ),ナイフで脅して金を奪う。,Đe dọa bằng dao để cướp đoạt tiền.,"""Kanji 脅 (hiếp) gồm 3 bộ phận """"lực"""" (力) ở hai bên và """"nhục"""" (肉) ở giữa. Cấu trúc này gợi ý hình ảnh sức mạnh đang ép buộc hoặc gây áp lực lên thân thể, phản ánh ý nghĩa của từ về việc sử dụng sức mạnh hoặc đe dọa để kiểm soát người khác.""",脅迫 (きょうはく): đe dọa、脅威 (きょうい): mối đe dọa、恐喝 (きょうかつ): tống tiền
脅かす,おびやかす,"hù dọa, đe dọa, gây sợ hãi",shinkanzen,他動詞 (tha động từ),暗いところで突然大声を出して、友達を脅かした。,"Ở nơi tối tăm, bỗng nhiên tôi hét to để hù bạn tôi.","""Kanji 脅 (hiếp) cũng xuất hiện trong từ 脅す, nhưng khi ghép với かす (形容詞化接尾辞 - hậu tố hóa tính từ), nó tạo ra 脅かす với ý nghĩa nhẹ nhàng hơn, thiên về """"gây sự sợ hãi"""" hoặc """"làm giật mình"""" thay vì đe dọa nghiêm trọng.""",脅威 (きょうい): mối đe dọa、恐怖 (きょうふ): nỗi sợ hãi、戦慄 (せんりつ): rùng mình
逆らう,さからう,"ngược lại, không tuân theo, chống đối",shinkanzen,自動詞 (tự động từ),川の流れに逆らって進む。,Tiến ngược với dòng chảy của con sông.,"""Kanji 逆 (nghịch) gồm bộ 辶 (đi) và 屰 (ngược). Sự kết hợp này rõ ràng thể hiện ý nghĩa """"đi ngược lại"""" hoặc """"đi theo hướng đối lập"""", phản ánh chính xác ý nghĩa của từ về việc hành động trái với hướng chung hoặc không tuân theo chỉ dẫn.""",逆らい (さからい): sự chống đối、反抗 (はんこう): phản kháng、抵抗 (ていこう): kháng cự
妨げる,さまたげる,"ngăn chặn, cản trở, gây trở ngại",shinkanzen,他動詞 (tha động từ),過保護は子供の成長を妨げる。,Sự chăm sóc quá mức sẽ ngăn chặn sự trưởng thành của con cái.,"""Kanji 妨 (phương) gồm bộ 女 (nữ) và 方 (phương hướng). Sự kết hợp này có thể được hiểu là """"người phụ nữ đứng chắn đường"""", gợi ý sự cản trở hoặc ngăn chặn, phản ánh ý nghĩa của từ về việc gây trở ngại cho một quá trình hoặc hành động.""",妨害 (ぼうがい): sự cản trở、妨害工作 (ぼうがいこうさく): hành động phá hoại、障害 (しょうがい): trở ngại
打ち消す,うちけす,"phủ nhận, bác bỏ, hủy bỏ",shinkanzen,他動詞 (tha động từ),良くないうわさが流れると、それを打ち消すのは大変だ。,Một khi những tin đồn không tốt lan truyền thì để phủ nhận nó là rất khó.,"""Từ ghép 打ち消す gồm hai thành phần: 打ち (đánh) và 消す (xóa, dập tắt). Sự kết hợp này tạo ra hình ảnh """"đánh để xóa bỏ"""" hoặc """"dập tắt"""", phản ánh ý nghĩa của từ về việc phủ nhận hoặc bác bỏ một ý kiến, tin đồn.""",打ち消し (うちけし): sự phủ nhận、否定 (ひてい): sự phủ định、反論 (はんろん): phản bác
応じる,おうじる,"đáp lại, đối ứng, phù hợp với",shinkanzen,自動詞 (tự động từ),ボランティア募集の呼びかけに応じて、大勢の若者が集まった。,"Để đáp lại lời kêu gọi tình nguyện, rất nhiều bạn trẻ đã tập hợp.","""Kanji 応 (ứng) gồm bộ 广 (mái nhà) và 心 (tâm). Sự kết hợp này gợi ý hình ảnh """"tâm ở dưới mái nhà"""", thể hiện sự tiếp nhận và phản hồi, phản ánh ý nghĩa của từ về việc đáp ứng hoặc phản hồi lại một yêu cầu hoặc tình huống.""",応対 (おうたい): đón tiếp、対応 (たいおう): đối phó、応答 (おうとう): trả lời
承る,うけたまわる,"hiểu, rõ rồi, lĩnh hội (kính ngữ)",shinkanzen,他動詞 (tha động từ),「ご注文、確かに承りました」,Tôi đã hiểu phần gọi món rồi ạ.,"""Kanji 承 (thừa) mang ý nghĩa """"tiếp nhận"""", """"thừa nhận"""". Trong ngữ cảnh kính ngữ, nó thể hiện sự tiếp nhận một cách khiêm nhường, phản ánh ý nghĩa của từ về việc lĩnh hội hoặc tiếp nhận thông tin từ người có địa vị cao hơn.""",承知 (しょうち): hiểu、了承 (りょうしょう): chấp thuận、承認 (しょうにん): công nhận
Chữ Hán,Âm Hán Việt,Cách đọc,shinkanzen,Câu ví dụ bằng tiếng Nhật,Dịch nghĩa tiếng Việt,,,
相変わらず,Tương biến,あいかわらず,shinkanzen,彼は相変わらず忙しいです。,Anh ấy vẫn bận rộn như thường lệ.,,,
相次いで,Tương thứ,あいついで,shinkanzen,事故が相次いで起こる。,Tai nạn xảy ra liên tiếp.,,,
相手,Tương thủ,あいて,shinkanzen,試合の相手が強いです。,Đối thủ của trận đấu rất mạnh.,,,
-,-,アイデア,shinkanzen,新しいアイ<br>デアが浮かびました。,Một ý tưởng mới đã xuất hiện.,,,
-,-,あいにく,shinkanzen,あいにくですが、予約はいっぱいです。,"Rất tiếc, nhưng lịch hẹn đã đầy.",,,
-,-,あいまい,shinkanzen,彼の説明はあいまいです。,Giải thích của anh ấy không rõ ràng.,,,
遭う,Tao,あう,shinkanzen,事故に遭いました。,Tôi đã gặp tai nạn.,,,
合う,Hợp,あう,shinkanzen,私たちは気が合う。,Chúng tôi rất hợp nhau.,,,
青白い,Thanh bạch,あおじろい,shinkanzen,彼の顔が青白いです。,Mặt anh ấy xanh xao.,,,
赤字,Xích tự,あかじ,shinkanzen,会社は赤字です。,Công ty đang lỗ.,,,
上がる,Thượng,あがる,shinkanzen,試験の前に緊張して上がる。,Tôi căngthẳng trước kỳ thi.,,,
上がる,Thượng,あがる,shinkanzen,宿題が上がりました。,Bài tập đã hoàn thành.,,,
飽きっぽい,Bão,あきっぽい,shinkanzen,彼は飽きっぽい性格です。,Anh ấy có tính dễ chán.,,,
諦める,Đế,あきらめる,shinkanzen,夢を諦めないでください。,Đừng từ bỏ giấc mơ của bạn.,,,
飽きる,Bão,あきる,shinkanzen,彼はすぐに飽きる。,Anh ấy dễ chán.,,,
呆れる,Ngốc,あきれる,shinkanzen,彼の無責任さに呆れ た。,Tôi sốc vì sự vô trách nhiệm của anh ấy.,,,
悪〜,Ác,わる〜,shinkanzen,悪天候のた<br>め、試合が,"Do thời tiết xấu, trận",,,
握手,Ác thủ,あくしゅ,shinkanzen,彼と握手しました。,Tôi đã bắt tay với anh ấy.,,,
-,-,あくび,shinkanzen,彼は大きなあくびをした。,Anh ấy đã ngáp lớn.,,,
-,-,あくまで,shinkanzen,あくまでやり続けます。,Tôi sẽ tiếp tục làm đến cùng.,,,
～明け,Minh,～あけ,shinkanzen,夜明けの空が美しい。,Bầu trời lúc bình minh rất đẹp.,,,
明け方,Minh phương,あけがた,shinkanzen,明け方まで働きました。,Tôi đã làm việc đến lúc tảng sáng.,,,
明ける,Minh,あける,shinkanzen,夜が明け<br>た。,Đêm đã tàn.,,,
揚げる,Dương,あげる,shinkanzen,鶏肉を揚げる。,Rán gà.,,,
上げる,Thượng,あげる,shinkanzen,荷物を上げる。,Nâng hành lý lên.,,,
憧れる,Sung,あこがれる,shinkanzen,彼に憧れています。,Tôi ngưỡng mộ anh ấy.,,,
味付け,Vị phó,あじつけ,shinkanzen,味付けが上手です。,Việc nêm gia vị rất khéo léo.,,,
味わう,Vị,あじわう,shinkanzen,美味しい料理を味わ う。,Thưởngthức món ăn ngon.,,,
足を延ばす,Túc duyên,あしをのばす,shinkanzen,温泉まで足を延ばしました。,Tôi đã đi thêm đến suối nước nóng.,,,
足を運ぶ,Túc vận,あしをはこぶ,shinkanzen,遠くから足を運びました。,Tôi đã cất công đến từ xa.,,,
足を引っ張る,Túc dẫn,あしをひっぱる,shinkanzen,彼は他人の足を引っ張るのが好きです。,Anh ấy thích ngáng chân người khác.,,,
預ける,Dự,あずける,shinkanzen,子供を保育園に預けます。,Tôi gửi con ở nhà trẻ.,,,
汗,Hãn,あせ,shinkanzen,暑くて汗が<br>🎧る。,Nóng nên ra mồ hôi.,,,
遊び回る,Du hồi,あそびまわる,shinkanzen,公園を遊び回る。,Đi chơi khắp công viên.,,,
与える,Dữ,あたえる,shinkanzen,彼にプレゼ<br>ントを与えました。,Tôi đã tặng quà cho anh ấy.,,,
-,-,あたかも,shinkanzen,あたかも自分の家のようにくつろいでいる。,Thoải mái như ở nhà mình.,,,
温かみ,Ôn,あたたかみ,shinkanzen,彼女の笑顔に温かみを感じます。,Cảm thấy ấm áp từ nụ,,,
温まる,Ôn,あたたまる,shinkanzen,部屋が温まる。,Phòng được làm ấm.,,,
暖まる,Noãn,あたたまる,shinkanzen,外は寒い が、部屋の中は暖かい。,Bên ngoài lạnh nhưng trong phòng ấm áp.,,,
温め直す,Ôn trực,あたためなおす,shinkanzen,残り物を温め直しま す。,Hâm nóng lại đồ ănthừa.,,,
温める,Ôn,あたためる,shinkanzen,スープを温めます。,Làm nóng súp.,,,
暖める,Noãn,あたためる,shinkanzen,部屋を暖めます。,Làm ấm phòng.,,,
頭が上がらない,Đầu thượng,あたまがあがらない,shinkanzen,彼には頭が上がりません。,Tôi không thể ngẩng đầu lên trước anh ấy.,,,
頭が痛い,Đầu<br>thống,あたまがいたい,shinkanzen,将来のことを考えると頭が痛いです。,Nghĩ về tương lai tôi thấy đau đầu.,,,
頭が固い+A98,Đầu cố,あたまがかたい,shinkanzen,彼は頭が固<br>いです。,Anh ấy cứng nhắc.,,,
頭に来る,Đầu lai,あたまにくる,shinkanzen,彼の言葉に頭に来た。,Tôi đã điên tiết vì lời nói của anh ấy.,,,
頭を下げる,Đầu hạ,あたまをさげる,shinkanzen,彼に謝るために頭を下げた。,Tôi cúi đầu xin lỗi anh ấy.,,,
頭を冷やす,Đầu lãnh,あたまをひやす,shinkanzen,頭を冷やしてから決めます。,Sẽ quyết định sau khi bình tĩnh lại.,,,
扱い,Tráp,あつかい,shinkanzen,子供扱いしないでください。,Đừng đối xử với tôi như trẻ con.,,,
厚かましい,Hậu,あつかましい,shinkanzen,厚かましい<br>お願いですが、聞いてください。,Yêu cầu không biết xấu hổ nhưng hãy nghe tôi.,,,
集まり,Tập,あつまり,shinkanzen,友達との集まりが楽しい。,Buổi tụ tập với bạn bè rất vui.,,,
厚み,Hậu,あつみ,shinkanzen,この本は厚みがある。,Quyển sách này dày.,,,
当て〜,Đương,あて〜,shinkanzen,当てはまる<br>規則がない。,Không có quy tắc nào phù hợp.,,,
当てはまる,Đương,あてはまる,shinkanzen,条件に当てはまる。,Phù hợp với điều kiện.,,,
当てはめる,Đương,あてはめる,shinkanzen,理論を実践に当てはめる。,Áp dụng lý thuyết vào thực tiễn.,,,
跡,Tích,あと,shinkanzen,足跡が残る。,Để lại dấu chân.,,,
アドレス帳,-,アドレスちょう,shinkanzen,アドレス帳に登録します。,Đăng ký vào sổ địa chỉ.,,,
暴れる,Bạo,あばれる,shinkanzen,子供が暴れる。,Trẻ con quậy phá.,,,
甘み,Cam,あまみ,shinkanzen,この果物の甘みが強 い。,Trái cây này ngọt đậm.,,,
編み上がる,Biên thượng,あみあがる,shinkanzen,セーターが編み上がった。,Đã đan xong áo len.,,,
編み物,Biên vật,あみもの,shinkanzen,編み物が好きです。,Tôi thích đan đồ.,,,
編む,Biên,あむ,shinkanzen,母がセーターを編んでくれまし た。,Mẹ đã đan áo len cho tôi.,,,
危うい,Nguy,あやうい,shinkanzen,命が危ういです。,Tính mạng đang nguy hiểm.,,,
怪しむ,Quái,あやしむ,shinkanzen,彼の行動を怪しむ。,Nghi ngờ hành động của anh ấy.,,,
荒い,Hoang,あらい,shinkanzen,彼の運転は荒いです。,Anh ấy lái xe rất dữ dằn.,,,
粗い,Thô,あらい,shinkanzen,この仕事は粗いです。,Công việc này còn thô sơ.,,,
予め,Dư,あらかじめ,shinkanzen,予め準備をしておきます。,Chuẩn bị trước.,,,
嵐,Lam,あらし,shinkanzen,嵐が近づいている。,Bão đang đến gần.,,,
粗筋,Thô cân,あらすじ,shinkanzen,映画のあらすじを教えてくださ い。,Hãy cho tôi biết tóm tắt nội dung phim.,,,
改めて,Cải,あらためて,shinkanzen,改めて確認します。,Xác nhận lại.,,,
改める,Cải,あらためる,shinkanzen,習慣を改める。,Sửa đổi thói quen.,,,
-,-,あらゆる,shinkanzen,あらゆる可能性を考える。,Nghĩ về mọi khả năng.,,,
ありがたい,-,ありがたい,shinkanzen,ありがたいことに、友達が助けてくれた。,"Thật may mắn, bạn bè đã giúp đỡ tôi.",,,
ありがたさ,-,ありがたさ,shinkanzen,彼のありがたさを感じます。,Cảm nhận được giá trị của anh ấy.,,,
歩き🎧す,Bộ xuất,あるきだす,shinkanzen,公園で歩き<br>🎧します。,Bắt đầu đi bộ trong công viên.,,,
歩き回る,Bộ hồi,あるきまわる,shinkanzen,市内を歩き回ります。,Đi bộ khắp thành phố.,,,
-,-,あれこれ,shinkanzen,あれこれ考える。,Suy nghĩ về nhiều thứ.,,,
荒れる,Hoang,あれる,shinkanzen,冬は肌が荒れる。,Da sần sùi vào mùa đông.,,,
慌ただしい,Hoảng,あわただしい,shinkanzen,慌ただしい日常生活。,Cuộc sống hàng ngày bận rộn.,,,
慌てる,Hoảng,あわてる,shinkanzen,火事で慌てた。,Cuống quýt vì đám cháy.,,,
哀れ,Ai,あわれ,shinkanzen,哀れな子供。,Đứa trẻ đáng thương.,,,
案,Án,あん,shinkanzen,新しい案を考える。,Suy nghĩ ra phương án mới.,,,
案〜,Án,あん〜,shinkanzen,案内のパンフレットを作る。,Làm tờ rơi hướng dẫn.,,,
安易,An dịch,あんい,shinkanzen,安易な方法。,Phương pháp dễ dàng.,,,
案外,Án ngoại,あんがい,shinkanzen,試験が案外難しかった。,Bài thi khó ngoài dự đoán.,,,
暗記,Ám ký,あんき,shinkanzen,漢字を暗記する。,Học thuộc kanji.,,,
安全性,An toàn tính,あんぜんせい,shinkanzen,車の安全性が高い。,Xe có tính an toàn cao.,,,
案の定,Án định,あんのじょう,shinkanzen,案の定、彼は遅刻し た。,"Đúng như dự đoán, anh ấy đã đến muộn.",,,
異〜,Dị,い〜,shinkanzen,異文化交流。,Giao lưu văn hóa khác nhau.,,,
言い合う,Ngôn hợp,いいあう,shinkanzen,友達と意見を言い合う。,Tranh cãi ý kiến với bạn.,,,
言い🎧す,Ngôn xuất,いいだす,shinkanzen,彼が突然言い🎧した。,Anh ấy đột nhiên nói ra.,,,
言いつける,Ngôn phó,いいつける,shinkanzen,彼は先生に言いつけ た。,Anh ấy đã mách lẻo với giáo viên.,,,
言い張る,Ngôn trương,いいはる,shinkanzen,彼は自分の意見を言い張った。,Anh ấy đã khăng khăng giữ ý kiến của mình.,,,
意外,Ý ngoại,いがい,shinkanzen,その結果は<br>意外だった。,Kết quả đó thật bất ngờ.,,,
生かす,Sinh,いかす,shinkanzen,経験を生かす。,Phát huy kinh nghiệm.,,,
生き生き,Sinh sinh,いきいき,shinkanzen,彼女は生き生きしている。,Cô ấy rất sống động.,,,
息が合う,Tức hợp,いきがあう,shinkanzen,彼と私は息が合う。,Tôi và anh ấy rất ăn ý.,,,
息が切れる,Tức thiết,いきがきれる,shinkanzen,走って息が<br>切れた。,Chạy và thở hổn hển.,,,
息が長い,Tức trường,いきがながい,shinkanzen,このプロジェクトは息が長い。,Dự án này dài hơi.,,,
-,-,いきなり,shinkanzen,いきなり雨が降った。,Bỗng dưng trời mưa.,,,
意義深 い,Ý nghĩa sâu,いぎぶかい,shinkanzen,その発言は<br>意義深いです。,Lời phát biểu đó rất có ý nghĩa.,,,
異業種,Dị nghiệp chủng,いぎょうしゅ,shinkanzen,異業種交流会。,Hội giao lưu các ngành nghề khác nhau.,,,
幾分,Kỷ phân,いくぶん,shinkanzen,幾分疲れました。,Có phần mệt mỏi.,,,
-,-,いくら,shinkanzen,いくらですか。,Bao nhiêu tiền?,,,
-,-,いくらか,shinkanzen,いくらか残っていま す。,Còn một chút.,,,
意識,Ý thức,いしき,shinkanzen,意識が高い。,Ý thức cao.,,,
-,-,いずれ,shinkanzen,いずれ分かるでしょ う。,Rồi sẽ hiểu thôi.,,,
依然,Ỷ nhiên,いぜん,shinkanzen,依然として<br>問題が残る。,Vẫn còn vấn đề.,,,
以前,Dĩ tiền,いぜん,shinkanzen,以前はよくここに来ました。,Trước đây tôi thường đến đây.,,,
偉大,Vĩ đại,いだい,shinkanzen,偉大な人物。,Nhân vật vĩ đại.,,,
抱く,Bão,いだく,shinkanzen,赤ちゃんを抱く。,Ôm em bé.,,,
痛み,Thống,いたみ,shinkanzen,心の痛み。,Nỗi đau trong tim.,,,
痛み🎧す,Thống xuất,いたみだす,shinkanzen,頭が痛み🎧す。,Bắt đầu đau đầu.,,,
痛む,Thống,いたむ,shinkanzen,傷が痛む。,Vết thương đau.,,,
位置,Vị trí,いち,shinkanzen,位置を確認する。,Xác định vị trí.,,,
一応,Nhất ứng,いちおう,shinkanzen,一応確認します。,Tạm thời xác nhận.,,,
一時,Nhất thời,いちじ,shinkanzen,一時停止する。,Tạm dừng.,,,
一時間目,Nhất thời gian mục,いちじかんめ,shinkanzen,一時間目の授業。,Tiết học đầu tiên.,,,
一段と,Nhất đoạn,いちだんと,shinkanzen,一段と寒くなる。,Trở nên lạnh hơn một bậc.,,,
一日おき,Nhất nhật,いちにちおき,shinkanzen,一日おきに<br>運動する。,Tập thể dục cách ngày.,,,
一面,Nhất diện,いちめん,shinkanzen,問題の一面。,Một mặt của vấn đề.,,,
一流〜,Nhất lưu,いちりゅう〜,shinkanzen,一流企業。,Doanh nghiệp hàng đầu.,,,
一流企業,Nhất lưu xí nghiệp,いちりゅうきぎょう,shinkanzen,一流企業に勤める。,Làm việc tại doanh nghiệp hàng đầu.,,,
一流校,Nhất lưu giáo,いちりゅうこう,shinkanzen,一流校に入学する。,Nhập học tại trường hàng đầu.,,,
一家,Nhất gia,いっか,shinkanzen,一家で旅行する。,Du lịch cả nhà.,,,
一切,Nhất thiết,いっさい,shinkanzen,一切関係ない。,Không liên quan gì.,,,
一瞬,Nhất thuấn,いっしゅん,shinkanzen,一瞬で終わる。,Kết thúc trong một loáng.,,,
一斉に,Nhất tề,いっせいに,shinkanzen,一斉に立ち上がる。,Đồng loạt đứng dậy.,,,
一層,Nhất tằng,いっそう,shinkanzen,一層の努力<br>が必要です。,Cần nỗ lực hơn nữa.,,,
一体,Nhất thể,いったい,shinkanzen,一体何をしているのか。,Không biết đang làm gì.,,,
一旦,Nhất đán,いったん,shinkanzen,一旦停止する。,Tạm thời dừng lại.,,,
一致,Nhất trí,いっち,shinkanzen,全員一致で<br>決める。,Quyết định nhất trí của tất cả mọi người.,,,
一定,Nhất định,いってい,shinkanzen,一定の温度<br>を保つ。,Giữ nhiệt độ ổn định.,,,
いつでも,-,いつでも,shinkanzen,いつでも連絡してください。,Hãy liên lạc bất cứ lúc nào.,,,
いつの間に,-,いつのまに,shinkanzen,いつの間にか寝てしまった。,Ngủ quên từ lúc nào không hay.,,,
いつまでも,-,いつまでも,shinkanzen,いつまでも元気でいてください。,Hãy giữ gìn sức khỏe mãi mãi.,,,
移転,Di chuyển,いてん,shinkanzen,事務所を移転する。,Chuyển văn phòng.,,,
遺伝,Di truyền,いでん,shinkanzen,病気が遺伝する。,Bệnh di truyền.,,,
遺伝子,Di truyền tử,いでんし,shinkanzen,遺伝子の研究。,Nghiên cứu gen di truyền.,,,
遺伝子組み換え,Di truyền tử tổ hợp hoán,いでんしくみかえ,shinkanzen,遺伝子組み換え作物。,Cây trồng biến đổi gen.,,,
稲,Đạo,いね,shinkanzen,稲を植える。,Trồng lúa.,,,
祈る,Kỳ,いのる,shinkanzen,健康を祈る。,Cầu mong sức khỏe.,,,
威張る,Uy trương,いばる,shinkanzen,彼はいつも威張っている。,Anh ấy lúc nào cũng kiêu căng.,,,
違反,Vi phạm,いはん,shinkanzen,交通違反を<br>する。,Vi phạm giao thông.,,,
衣服,Y phục,いふく,shinkanzen,衣服を整理する。,Sắp xếp quần áo.,,,
今更,Kim canh,いまさら,shinkanzen,今更言われても困る。,Đến bây giờ mới nói thì cũng không được.,,,
未だに,Vị,いまだに,shinkanzen,未だに解決していない。,Vẫn chưa được giải quyết.,,,
今に,Kim,いまに,shinkanzen,今に分かるでしょう。,Rồi sẽ hiểu thôi.,,,
今にも,Kim,いまにも,shinkanzen,今にも雨が降りそうです。,Trời sắp mưa bất cứ lúc nào.,,,
今や,Kim,いまや,shinkanzen,今や世界中が注目しています。,Bây giờ cả thế giới đang chú ý.,,,
異民族,Dị dân tộc,いみんぞく,shinkanzen,異民族との交流。,Giao lưu với các dân tộc khác.,,,
嫌がる,Hiềm,いやがる,shinkanzen,彼は嫌が<br>る。,Anh ấy ghét.,,,
-,-,いよいよ,shinkanzen,いよいよ始まります。,Cuối cùng thì cũng bắt đầu.,,,
依頼,Ỷ lại,いらい,shinkanzen,仕事を依頼する。,Nhờ làm việc.,,,
以来,Dĩ lai,いらい,shinkanzen,卒業以来、会っていない。,"Kể từ khi tốt nghiệp, chưa gặp lại.",,,
-,-,いらいら,shinkanzen,渋滞でいらいらする。,Bồn chồn vì tắc đường.,,,
医療用,Y liệu dụng,いりょうよう,shinkanzen,医療用の機器。,Thiết bị y tế.,,,
煎る,Tiễn,いる,shinkanzen,豆を煎る。,Rang đậu.,,,
色違い,Sắc vi,いろちがい,shinkanzen,色違いのシャツ。,Áo khác màu.,,,
色遣い,Sắc khiển,いろづかい,shinkanzen,上手な色遣い。,Cách sử dụng màu sắc khéo léo.,,,
〜員,Viên,いん,shinkanzen,会社員。,Nhân viên công ty.,,,
印刷機能,Ấn loát cơ năng,いんさつきのう,shinkanzen,印刷機能が付いてい る。,Được trang bị chức năng in.,,,
印象的,Ấn<br>tượng đích,いんしょうてき,shinkanzen,印象的な🎧来事。,Sự kiện ấn tượng.,,,
-,-,インストール,shinkanzen,ソフトをインストールする。,Cài đặt phần mềm.,,,
引退,Dẫn thoái,いんたい,shinkanzen,彼は引退しました。,Anh ấy đã giải nghệ.,,,
-,-,インタビュー,shinkanzen,有名人にインタビューする。,Phỏng vấn người nổi tiếng.,,,
-,-,インフルエンザ,shinkanzen,インフルエンザにかかる。,Bị cúm.,,,
引用,Dẫn dụng,いんよう,shinkanzen,文献を引用する。,Trích dẫn tài liệu.,,,
-,-,ウイルス,shinkanzen,ウイルスに感染する。,Nhiễm virus.,,,
ウイルス対策,-,ウイルスたいさく,shinkanzen,ウイルス対策を行う。,Thực hiện biện pháp chống virus.,,,
-,-,ウェブサイト,shinkanzen,ウェブサイトを作成する。,Tạo trang web.,,,
植える,Thực,うえる,shinkanzen,花を植える。,Trồng hoa.,,,
受け〜,Thụ,うけ〜,shinkanzen,受け取り。,Nhận lấy.,,,
受け入れる,Thụ nhập,うけいれる,shinkanzen,意見を受け入れる。,Chấp nhận ý kiến.,,,
受け継ぐ,Thụ kế,うけつぐ,shinkanzen,伝統を受け継ぐ。,Kế thừa truyềnthống.,,,
受け取る,Thụ thủ,うけとる,shinkanzen,手紙を受け取る。,Nhận được thư.,,,
受け持つ,Thụ trì,うけもつ,shinkanzen,授業を受け持つ。,Phụ trách giảng dạy.,,,
失う,Thất,うしなう,shinkanzen,自信を失う。,Mất tự tin.,,,
薄暗い,Bạc ám,うすぐらい,shinkanzen,部屋が薄暗い。,Phòng mờ tối.,,,
薄まる,Bạc,うすまる,shinkanzen,味が薄まる。,Vị nhạt đi.,,,
薄める,Bạc,うすめる,shinkanzen,スープを薄める。,Làm nhạt súp.,,,
歌い🎧す,Ca xuất,うたいだす,shinkanzen,彼が突然歌い🎧す。,Anh ấy bỗng nhiên bắt đầu hát.,,,
疑う,Nghi,うたがう,shinkanzen,彼の話を疑う。,Nghi ngờ câu chuyện của anh ấy.,,,
打ち〜,Đả,うち〜,shinkanzen,打ち合わせ。,Họp bàn.,,,
打ち合わせ,Đả hợp,うちあわせ,shinkanzen,企画の打ち合わせ。,Họp bàn về kế hoạch.,,,
打ち合わせる,Đả hợp,うちあわせる,shinkanzen,詳細を打ち合わせる。,Họp bàn chi tiết.,,,
内気,Nội khí,うちき,shinkanzen,彼は内気です。,Anh ấy nhút nhát.,,,
打ち消す,Đả tiêu,うちけす,shinkanzen,うわさを打ち消す。,Bác bỏ tin đồn.,,,
宇宙飛行士,Vũ trụ phi hành sĩ,うちゅうひこうし,shinkanzen,宇宙飛行士になる。,Trở thành nhà du hành vũ trụ.,,,
-,-,うっかり,shinkanzen,うっかり忘れる。,Quên mất.,,,
訴えかける,Tố,うったえかける,shinkanzen,彼に助けを訴えかける。,Kêu gọi anh ấy giúp đỡ.,,,
訴える,Tố,うったえる,shinkanzen,不正を訴える。,Tố cáo sự bất chính.,,,
腕が上がる,Uyển thượng,うでがあがる,shinkanzen,料理の腕が上がる。,Tay nghề nấu ăn lên tay.,,,
腕がいい,Uyển,うでがいい,shinkanzen,彼は大工の腕がいい。,Anh ấy có tay nghềthợ mộc giỏi.,,,
腕を上げる,Uyển thượng,うでをあげる,shinkanzen,縫い物の腕を上げる。,Lên tay nghề may vá.,,,
奪う,Đoạt,うばう,shinkanzen,財布を奪う。,Cướp ví.,,,
旨味,Chỉ vị,うまみ,shinkanzen,料理の旨味が増す。,Tăng vị ngọt của món ăn.,,,
生まれる,Sinh,うまれる,shinkanzen,子供が生まれる。,Trẻ con được sinh ra.,,,
生み🎧す,Sinh xuất,うみだす,shinkanzen,新製品を生み🎧す。,Sinh ra sản phẩm mới.,,,
埋める,Mai,うめる,shinkanzen,ごみを埋める。,Chôn rác.,,,
敬う,Kính,うやまう,shinkanzen,先生を敬う。,Kính trọng giáo viên.,,,
裏,Lý,うら,shinkanzen,紙の裏。,Mặt sau của tờ giấy.,,,
裏返す,Lý phản,うらがえす,shinkanzen,カードを裏<br>返す。,Lật ngược thẻ.,,,
裏切る,Lý thiết,うらぎる,shinkanzen,友達を裏切る。,Phản bội bạn bè.,,,
恨む,Hận,うらむ,shinkanzen,彼を恨む。,Oán hận anh ấy.,,,
羨ましい,Tiện,うらやましい,shinkanzen,彼の成功が羨ましい。,Đáng ghen tị với thành công của anh ấy.,,,
羨む,Tiện,うらやむ,shinkanzen,彼の成功を羨む。,Ghen tỵ với thành công của anh ấy.,,,
-,-,うんと,shinkanzen,うんと疲れた。,Rất mệt mỏi.,,,
永遠,Vĩnh viễn,えいえん,shinkanzen,永遠の愛。,Tình yêu vĩnh viễn.,,,
影響,Ảnh hưởng,えいきょう,shinkanzen,環境に影響を与える。,Gây ảnh hưởng đến môi trường.,,,
英国式,Anh quốc thức,えいこくしき,shinkanzen,英国式のマナー。,Phong cách lễ nghi của Anh.,,,
衛生的,Vệ sinh đích,えいせいてき,shinkanzen,衛生的な環境。,Môi trường vệ sinh.,,,
映像,Ánh<br>tượng,えいぞう,shinkanzen,映像を映す。,Chiếu hình ảnh.,,,
英文学科,Anh văn học khoa,えいぶんがっか,shinkanzen,英文学科に入る。,Học vào khoa văn học Anh.,,,
英雄,Anh hùng,えいゆう,shinkanzen,戦争の英雄。,Anh hùng chiến tranh.,,,
栄養,Dinh dưỡng,えいよう,shinkanzen,栄養を摂<br>る。,Hấp thụ dinh dưỡng.,,,
餌,Nhị,えさ,shinkanzen,魚の餌。,Thức ăn cho cá.,,,
-,-,エチケット,shinkanzen,エチケットを守る。,Giữ nghi thức.,,,
エネルギー資源,-,えねるぎーしげん,shinkanzen,エネルギー資源を利用する。,Sử dụng tài nguyên năng lượng.,,,
獲物,Hoạch vật,えもの,shinkanzen,獲物を捕る。,Bắt con mồi.,,,
円,Viên,えん,shinkanzen,円を描く。,Vẽ hình tròn.,,,
〜園,Viên,〜えん,shinkanzen,動物園。,Vườn thú.,,,
宴会,Yến hội,えんかい,shinkanzen,忘年会の宴会。,Tiệc tất niên.,,,
演技,Diễn kỹ,えんぎ,shinkanzen,彼の演技は素晴らし い。,Diễn xuất của anh ấy tuyệt vời.,,,
演劇,Diễn kịch,えんげき,shinkanzen,演劇を観<br>る。,Xem kịch.,,,
園児,Viên nhi,えんじ,shinkanzen,園児の遠足。,Chuyến đi dã ngoại của trẻ em mẫu giáo.,,,
演習,Diễn tập,えんしゅう,shinkanzen,火災演習を行う。,Diễn tập chữa cháy.,,,
援助,Viện trợ,えんじょ,shinkanzen,人道援助を行う。,Thực hiện viện trợ nhân đạo.,,,
援助活動,Viện trợ hoạt động,えんじょかつどう,shinkanzen,災害援助活動。,Hoạt động viện trợthảm họa.,,,
演説,Diễn thuyết,えんぜつ,shinkanzen,政治家の演説。,Diễn thuyết của chính trị gia.,,,
演奏,Diễn Tấu,えんそう,shinkanzen,彼はピアノを演奏します。,Anh ấy biểu diễn piano.,,,
追い〜,Truy ~,おい〜,shinkanzen,彼は犬を追いかけています。,Anh ấyđang đuổi theo con chó.,,,
追いかける,Truy Trục,おいかける,shinkanzen,子供は猫を追いかけました。,Đứa trẻ đã đuổi theo con mèo.,,,
追い越す,Truy Việt,おいこす,shinkanzen,車はバスを追い越しました。,Chiếc xe đã vượt qua chiếc xe buýt.,,,
追い出す,Truy Xuất,おいだす,shinkanzen,彼は家から追い出されました。,Anh ấy bịđuổi ra khỏi nhà.,,,
追いつく,Truy Phó,おいつく,shinkanzen,彼はすぐに<br>私に追いつきました。,Anh ấy ngay lập tức đuổi kịp tôi.,,,
負う,Phụ,おう,shinkanzen,彼は責任を負う。,Anh ấy chịu trách nhiệm.,,,
応援,Ứng Viện,おうえん,shinkanzen,私たちは彼を応援します。,Chúng tôi sẽ ủng hộ anh ấy.,,,
欧州連合,Âu Châu Liên Hợp,おうしゅうれんごう,shinkanzen,欧州連合の本部はブリュッセルに<br>あります。,Trụ sở của Liên minh Châu Âu ở Brussels.,,,
横断,Hoành Đoạn,おうだん,shinkanzen,横断歩道を渡ります。,Tôi sẽ băng qua đường dành chongười đi bộ.,,,
往復,Vãng Phục,おうふく,shinkanzen,東京までの往復切符を買いまし<br>た。,Tôi đã mua vé khứ hồi đi Tokyo.,,,
大〜,Đại ~,おお〜,shinkanzen,大雨が降っています。,Đang có mưa lớn.,,,
大雨洪水警報,Đại Vũ Hồng Thủy Cảnh Báo,おおあめこうずいけいほう,shinkanzen,大雨洪水警報が発令されました。,Cảnh báo mưa lớn và lụt lội đãđược ban hành.,,,
大いに,Đại,おおいに,shinkanzen,大いに楽し<br>みました。,Tôi đã rất vui.,,,
大げさ,Đại,おおげさ,shinkanzen,彼の話はいつも大げさです。,Câu chuyện của anh ấy lúc nào cũng phóng đại.,,,
大手自動車メーカー,Đại Thủ Tự Động Xa,おおてじどうしゃメーカー,shinkanzen,トヨタは日本の大手自動車メーカーです。,Toyota là một hãng ô tô lớn của Nhật Bản.,,,
大通り,Đại Thông,おおどおり,shinkanzen,大通りを渡ります。,Tôi sẽ băng qua đại lộ.,,,
オーバー,Over,オーバー,shinkanzen,予算オーバーしまし た。,Chúng tôiđã vượt quá ngân sách.,,,
大幅,Đại Phúc,おおはば,shinkanzen,大幅な変更が必要で<br>す。,Cần có sự thay đổi lớn.,,,
大まか,Đại,おおまか,shinkanzen,大まかに説明します。,Tôi sẽ giải thích một cách đạikhái.,,,
丘,Khâu,おか,shinkanzen,あの丘の上に登りましょう。,Hãy leo lên đồi đó đi.,,,
お母様,Mẫu,おかあさま,shinkanzen,お母様によろしくお伝えくださ<br>い。,Xin gửi lời chào đếnmẹ của bạn.,,,
犯す,Phạm,おかす,shinkanzen,彼は罪を犯した。,Anh ấy đã phạm tội.,,,
沖,Trùng,おき,shinkanzen,船は沖に出<br>ました。,Con tàu đã ra khơi.,,,
～おき,~ Cách,おき,shinkanzen,3 メートルおきに木を<br>植えます。,Trồng cây cách nhau 3 mét.,,,
補う,Bổ,おぎなう,shinkanzen,ビタミンを補うためにサプリを飲<br>みます。,Uống bổ sungvitamin để bù đắp.,,,
奥様,Ốc,おくさま,shinkanzen,奥様によろしくお伝えください。,Xin gửi lời chào đến phu nhân của bạn.,,,
怒り出す,Nộ Xuất,おこりだす,shinkanzen,彼は突然怒り出した。,Anh ấy đột nhiên nổi giận.,,,
押さえる,Áp,おさえる,shinkanzen,ドアを押さえてください。,Xin hãy giữ cửa lại.,,,
抑える,Ức,おさえる,shinkanzen,感情を抑えるのは難しいです。,Kìm nén cảm xúc là việc khó.,,,
納める,Nạp,おさめる,shinkanzen,税金を納める。,Nộp thuế.,,,
お辞儀,Từ Nghi,おじぎ,shinkanzen,彼は深くお辞儀をし<br>た。,Anh ấy đã cúi chào rất sâu.,,,
惜しむ,Tích,おしむ,shinkanzen,彼の死を惜しみます。,Tôi tiếc thương sự ra đi của anh ấy.,,,
お嬢ちゃん,Nương,おじょうちゃん,shinkanzen,お嬢ちゃんはお元気ですか。,Con gái nhỏ của bạnkhỏekhông?,,,
雄,Hùng,おす,shinkanzen,この犬は雄です。,Con chó này là conđực.,,,
汚染,Ô Nhiễm,おせん,shinkanzen,工場の排気ガスで空気<br>が汚染されています。,Không khí bị ô nhiễm bởi khí thải từ nhà máy.,,,
襲う,Tập,おそう,shinkanzen,泥棒が家を<br>襲いました。,Kẻ trộm đã tấn côngngôi nhà.,,,
恐らく,Khủng,おそらく,shinkanzen,彼は恐らく来ないでし<br>ょう。,Có lẽ anh ấy sẽ không đến.,,,
恐れる,Khủng,おそれる,shinkanzen,失敗を恐れないでくだ<br>さい。,Đừng sợ thất bại.,,,
恐ろしい,Khủng,おそろしい,shinkanzen,その映画は<br>恐ろしいです。,Bộ phim đó thật đángsợ.,,,
お互いに,Hỗ,おたがいに,shinkanzen,お互いに助け合いましょう。,Hãy giúp đỡ lẫn nhau.,,,
穏やか,Ổn,おだやか,shinkanzen,穏やかな海です。,Biển êm đềm.,,,
落ち込む,Lạc Nhập,おちこむ,shinkanzen,彼は試験に落ちて落ち<br>込んでいます。,Anh ấy thất vọng vìtrượt kỳ thi.,,,
おっとり,"Điềm<br>đạm, hòa nhã",おっとり,shinkanzen,Cô ấy rất điềm đạm.,,,,
お父様,Phụ,おとうさま,shinkanzen,お父様によろしくお伝<br>えください。,Xin gửi lời chào đến bố của bạn.,,,
おどおど,"Lo lắng, căng thẳng",おどおど,shinkanzen,Anh ấy trông rất lo lắng.,,,,
驚く,Kinh,おどろく,shinkanzen,そのニュースに驚きました。,Tôi đã rất ngạc nhiêntrước tin tức đó.,,,
同い年,Đồng Niên,おないどし,shinkanzen,私たちは同い年です。,Chúng tôibằng tuổi nhau.,,,
各々,Các,おのおの,shinkanzen,各々が自分の意見を言った。,Mỗi người đều đã nêu ý kiến củamình.,,,
オフィス街,Office Nhai,おふぃすがい,shinkanzen,彼はオフィス街に住んでいます。,Anh ấy sống ở khu phố văn phòng.,,,
（お）坊ちゃん,Phường,おぼっちゃん,shinkanzen,お坊ちゃんはお元気ですか。,Cậu con trai nhỏ của bạn khỏekhông?,,,
お盆,Bồn,おぼん,shinkanzen,お盆には家族が集まります。,Gia đình sẽ sum họpvào dịp lễ Obon.,,,
主,Chủ,おも,shinkanzen,主な問題は解決しました。,Vấn đề chính đã được giải quyết.,,,
思いがけない,Tư,おもいがけない,shinkanzen,彼の訪問は思いがけないことでした。,Sự thăm viếng của anh ấy làđiều không thể ngờ tới.,,,
思い切って,Tư Thiết,おもいきって,shinkanzen,思い切って仕事を辞めました。,Tôi đã mạnh dạn nghỉ việc.,,,
思い切り,Tư Thiết,おもいきり,shinkanzen,思い切り楽しんでください。,Hãy tận hưởng hết mình.,,,
思い込む,Tư Nhập,おもいこむ,shinkanzen,彼はそれが本当だと思い込んでい<br>ます。,Anh ấy tưởng rằng điều đó là thật.,,,
思いつく,Tư,おもいつく,shinkanzen,いいアイデアを思いつ<br>きました。,Tôi đã nghĩ ra một ý tưởng hay.,,,
思いのほか,Tư,おもいのほか,shinkanzen,その結果は思いのほか良かったで<br>す。,Kết quả đó tốt hơn tôi nghĩ.,,,
面白み,Diện Bạch,おもしろみ,shinkanzen,彼の話には面白みがあ<br>ります。,Câu chuyện của anh ấy rất thú vị.,,,
主に,Chủ,おもに,shinkanzen,彼は主に営業の仕事をしていま<br>す。,Anh ấy chủ yếu làm công việc kinh doanh.,,,
重み,Trọng,おもみ,shinkanzen,この箱は重<br>みがあります。,Cái hộp này rất nặng.,,,
思わず,Tư,おもわず,shinkanzen,思わず笑ってしまいました。,Tôi bất giác cười.,,,
親孝行,Thân Hiếu Hành,おやこうこう,shinkanzen,彼は親孝行な息子で す。,Anh ấy là một người con hiếu thảo.,,,
およそ,Khoảng,およそ,shinkanzen,およそ 5 キロの道のりです。,Quãng đườngkhoảng 5 km.,,,
及ぶ,Cập,およぶ,shinkanzen,影響は全域<br>に及びました。,Ảnh hưởng lan ra toàn vùng.,,,
及ぼす,Cập,およぼす,shinkanzen,彼の行動が大きな影響<br>を及ぼしました。,Hành động của anh ấy đã gây ảnh hưởng lớn.,,,
お詫び,Sá,おわび,shinkanzen,お詫びの言葉を述べま<br>した。,Tôi đã xin lỗi.,,,
恩,Ân,おん,shinkanzen,彼には多くの恩があり<br>ます。,Tôi mang ơn anh ấy rất nhiều.,,,
音声,Âm Thanh,おんせい,shinkanzen,音声ガイドを利用しました。,Tôi đã sử dụng hướng dẫn âmthanh.,,,
温泉街,Ôn<br>Tuyền Nhai,おんせんがい,shinkanzen,温泉街でリラックスしました。,Tôi đã thư giãn tại khu phố suối nóng.,,,
温暖,Ôn Noãn,おんだん,shinkanzen,今年の冬は温暖です。,Mùa đôngnăm nay ấm áp.,,,
温暖化,Ôn Noãn Hóa,おんだんか,shinkanzen,地球温暖化が問題で す。,Biến đổi khí hậu là một vấn đề.,,,
おんぶ,Cõng,おんぶ,shinkanzen,赤ちゃんをおんぶしま<br>す。,Tôi sẽ cõng em bé.,,,
オンライン〜,Online,オンライン〜,shinkanzen,オンラインショッピングが便利で<br>す。,Mua sắm trực tuyếnrất tiện lợi.,,,
オンラインショッピング,Online Shopping,オンラインショッピング,shinkanzen,オンラインショッピングを利用し<br>ます。,Tôi sử dụng mua sắmtrực tuyến.,,,
オンラインショップ,Online Shop,オンラインショップ,shinkanzen,新しいオンラインショップを開設<br>しました。,Tôi đã mở cửa hàng trực tuyến mới.,,,
～化,Hóa,～か,shinkanzen,近代化が進んでいま す。,Quá trình hiện đại hóa đang tiếntriển.,,,
～家,Gia,～か,shinkanzen,音楽家になりたいで す。,Tôi muốn trở thành nhạc sĩ.,,,
～界,Giới,～かい,shinkanzen,教育界の問題です。,Đây là vấn đề của giới giáo dục.,,,
～街,Nhai,～がい,shinkanzen,商店街を歩きました。,Tôi đã đidạo qua khu phố thương mại.,,,
会員証,Hội Viên Chứng,かいいんしょう,shinkanzen,会員証を提示してください。,Xin vui lòng xuất trình thẻ hộiviên.,,,
開花,Khai Hoa,かいか,shinkanzen,桜が開花しました。,Hoa anhđào đã nở.,,,
改革,Cải Cách,かいかく,shinkanzen,教育制度を改革しま す。,Chúng tôi sẽ cải cách hệ thống giáo dục.,,,
海岸沿い,Hải Ngạn<br>Duyên,かいがんぞい,shinkanzen,海岸沿いを<br>散歩しました。,Tôi đã đidạo dọc bờ biển.,,,
会計士,Hội Kế Sĩ,かいけいし,shinkanzen,彼は有名な会計士で す。,Anh ấy là một kế toán viên nổitiếng.,,,
解決,Giải Quyết,かいけつ,shinkanzen,問題を解決しました。,Vấn đề đã được giảiquyết.,,,
解決済み,Giải<br>Quyết Tế,かいけつずみ,shinkanzen,その問題は<br>解決済みです。,Vấn đề đóđã được giải quyết xong.,,,
外交官,Ngoại Giao Quan,がいこうかん,shinkanzen,彼は優れた外交官で す。,Anh ấy là một nhàngoại giao xuất sắc.,,,
外交政策,Ngoại Giao Chính Sách,がいこうせいさく,shinkanzen,外交政策を見直しま す。,Chúng tôi sẽ xem xét lại chínhsách ngoại giao.,,,
回収,Hồi Thu,かいしゅう,shinkanzen,商品を回収します。,Chúng tôi sẽ thu hồi sản phẩm.,,,
解消,Giải Tiêu,かいしょう,shinkanzen,ストレスを解消しました。,Tôi đã giải tỏa căng thẳng.,,,
外相,Ngoại Tướng,がいしょう,shinkanzen,外相が会議に出席しました。,Ngoại trưởng đã tham dự cuộc họp.,,,
海水浴場,Hải Thủy Dục Trường,かいすいよくじょう,shinkanzen,夏には海水浴場が賑わいます。,Bãi tắm biển rất nhộn nhịpvào mùa hè.,,,
回数券,Hồi Số Khoán,かいすうけん,shinkanzen,回数券を買いました。,Tôi đã mua vé đi nhiều lần.,,,
快晴,Khoái Tình,かいせい,shinkanzen,今日は快晴です。,Hôm nay trời trongxanh.,,,
改正,Cải Chính,かいせい,shinkanzen,法律を改正しました。,Luật đã được sửa đổi.,,,
改正案,Cải Chính Án,かいせいあん,shinkanzen,改正案が提<br>出されました。,Bản dự thảo sửa đổi đãđược trình.,,,
解説,Giải<br>Thuyết,かいせつ,shinkanzen,本の解説を読みまし た。,Tôi đã đọc phần giảithích của cuốn sách.,,,
改善,Cải<br>Thiện,かいぜん,shinkanzen,作業環境を改善しました。,Chúng tôi đã cải thiện môi trường làm việc.,,,
改造,Cải Tạo,かいぞう,shinkanzen,車を改造しました。,Tôi đã cải tạo chiếcxe.,,,
会談,Hội Đàm,かいだん,shinkanzen,両国の首脳が会談しました。,Lãnh đạohai nước đã có cuộc hội đàm.,,,
改築,Cải Trúc,かいちく,shinkanzen,古い家を改築しまし た。,Tôi đã xây dựng lạingôi nhà cũ.,,,
改訂版,Cải Đính Bản,かいていばん,shinkanzen,新しい改訂版が出版されました。,Phiên bản chỉnh sửa mới đãđược xuất bản.,,,
開発,Khai Phát,かいはつ,shinkanzen,新しいソフトウェアを<br>開発しました。,Chúng tôiđã phát triển phần mềm mới.,,,
回復,Hồi Phục,かいふく,shinkanzen,病気から回復しまし た。,Tôi đã hồi phục sau bệnh.,,,
外務省,Ngoại Vụ Tỉnh,がいむしょう,shinkanzen,外務省に勤めていま<br>す。,Tôi làmviệc tại Bộ Ngoại Giao.,,,
外務大臣,Ngoại Vụ Đại Thần,がいむだいじん,shinkanzen,彼は外務大臣に就任しました。,Anh ấy đã nhậm chức Bộ trưởng Bộ Ngoại Giao.,,,
改良,Cải Lương,かいりょう,shinkanzen,製品を改良しました。,Chúng tôi đã cải tiến sản phẩm.,,,
帰す,Quy,かえす,shinkanzen,子供を早く<br>帰しました。,Tôi đã cho đứa trẻ về sớm.,,,
かえって,Ngược lại,かえって,shinkanzen,彼は期待に反して、かえって失敗<br>しました。,"Trái với mong đợi, anh ấy đã thất bại.",,,
顔が広い,Nhan Quảng,かおがひろい,shinkanzen,彼は顔が広いので、多くの人に知っていま<br>す。,"Anh ấy có quan hệ rộng, nên nhiều người biết đến.",,,
顔つき,Nhan,かおつき,shinkanzen,彼の顔つき<br>は真剣です。,Nét mặt của anh ấy rấtnghiêm túc.,,,
香り,Hương,かおり,shinkanzen,バラの香りがします。,Có mùi hương của hoa hồng.,,,
顔を貸す,Nhan Thải,かおをかす,shinkanzen,ちょっと顔を貸してください。,Hãy đếngặp tôi một lát.,,,
顔を出す,Nhan Xuất,かおをだす,shinkanzen,会議に顔を出しまし<br>た。,Tôi đã xuất hiện tạicuộc họp.,,,
価格,Giá Cách,かかく,shinkanzen,商品の価格が上がりま<br>した。,Giá của sản phẩm đã tăng.,,,
化学,Hóa Học,かがく,shinkanzen,化学を勉強していま す。,Tôi đang học hóa học.,,,
科学,Khoa Học,かがく,shinkanzen,科学の進歩は著しいです。,Sự tiến bộ của khoahọc rất đáng kể.,,,
科学者,Khoa<br>Học Giả,かがくしゃ,shinkanzen,彼は有名な科学者で す。,Anh ấy là một nhàkhoa học nổi tiếng.,,,
科学的,Khoa Học Đích,かがくてき,shinkanzen,彼の理論は科学的で す。,Lý thuyết của anh ấy mang tính khoa học.,,,
かかる,Mắc,かかる,shinkanzen,彼は風邪を<br>引きました。,Anh ấy bị cảm.,,,
書き上がる,Thư<br>Thượng,かきあがる,shinkanzen,レポートが書き上がり<br>ました。,Báo cáo đã được viết xong.,,,
書き直す,Thư Trực,かきなおす,shinkanzen,書類を間違えて、もう一度書き直<br>しました。,Tôi viết lại tài liệu vì sai.,,,
かぐ,Ngửi,かぐ,shinkanzen,花の香りをかぎまし た。,Tôi ngửi thấy mùihương của hoa.,,,
各～,Các,かく～,shinkanzen,各部屋にエ<br>アコンがあります。,Mỗi phòng đều có máy điều hòa.,,,
家具,Gia Cụ,かぐ,shinkanzen,新しい家具<br>を買いました。,Tôi đã mua đồ nội thất mới.,,,
～学,Học,～がく,shinkanzen,心理学を専攻しています。,Tôi đang chuyênngành tâm lý học.,,,
隠す,Ẩn,かくす,shinkanzen,お金を引き出しに隠しました。,Tôi giấu tiền trong ngăn kéo.,,,
学生証,Học Sinh Chứng,がくせいしょう,shinkanzen,学生証を見せてください。,Xin vui lòng xuất trình thẻ sinh viên.,,,
拡大,Khuếch Đại,かくだい,shinkanzen,会社の事業を拡大しました。,Chúng tôi đã mở rộng hoạt động kinh doanhcủa công ty.,,,
各分野,Các Phân Dã,かくぶんや,shinkanzen,彼は各分野で活躍しています。,Anh ấy hoạt động tích cực trong nhiều lĩnhvực.,,,
確保,Xác Bảo,かくほ,shinkanzen,資金を確保しました。,Chúng tôi đã đảm bảonguồn vốn.,,,
各方面,Các Phương Diện,かくほうめん,shinkanzen,彼は各方面で有名で す。,Anh ấy nổi tiếng ở nhiều lĩnhvực.,,,
革命,Cách Mệnh,かくめい,shinkanzen,科学技術の革命が起こりました。,Cuộc cách mạng công nghệ đãdiễn ra.,,,
学力,Học Lực,がくりょく,shinkanzen,彼の学力は高いです。,Học lực của anh ấy rất cao.,,,
影,Ảnh,かげ,shinkanzen,木の影に座りました。,Tôi ngồi dưới bóng cây.,,,
陰,Âm,かげ,shinkanzen,建物の陰に隠れまし<br>た。,Tôi trốn sau tòa nhà.,,,
がけ崩れ,Nhai Băng,がけくずれ,shinkanzen,大雨でがけ<br>崩れが起きました。,Mưa lớngây ra trượt lở đất.,,,
駆け込む,Khu Nhập,かけこむ,shinkanzen,電車に駆け<br>込みました。,Tôi đã chạy nhanh vào tàu điện.,,,
掛け算,Quải Toán,かけざん,shinkanzen,子供に掛け算を教えま<br>した。,Tôi đã dạy phép nhân cho trẻ em.,,,
かける,Chịu,かける,shinkanzen,大きな負担をかけまし<br>た。,Tôi đã gánh chịu gánhnặng lớn.,,,
掛ける,Quải,かける,shinkanzen,2 と 3 を掛<br>けると 6 に<br>なります。,2 nhân 3 là6.,,,
～かける,~,～かける,shinkanzen,食べかけのリンゴ,Quả táođang ăn dở.,,,
過去,Quá Khứ,かこ,shinkanzen,過去のこと<br>は忘れましょう。,Hãy quên chuyện quá khứ đi.,,,
家事,Gia Sự,かじ,shinkanzen,家事を手伝います。,Tôi sẽ giúp việc nhà.,,,
貸し出す,Thải Xuất,かしだす,shinkanzen,図書館で本<br>を貸し出します。,Thư viện cho mượn sách.,,,
果実,Quả Thực,かじつ,shinkanzen,果実を収穫しました。,Tôi đã thuhoạch trái cây.,,,
かじる,"Cắn, gặm",かじる,shinkanzen,リンゴをか<br>じりました。,Tôi đã cắn quả táo.,,,
風邪気味,Phong Tà Khí<br>Vị,かぜぎみ,shinkanzen,今日は風邪気味です。,Hôm nay tôi cảm thấyhơi cảm.,,,
稼ぐ,Giá,かせぐ,shinkanzen,アルバイトでお金を稼ぎます。,Tôi kiếm tiền qua công việc bán thờigian.,,,
河川,Hà<br>Xuyên,かせん,shinkanzen,河川の水位<br>が上がっています。,Mực nước sông,,,
家族連れ,Gia Tộc Liên,かぞくづれ,shinkanzen,家族連れで<br>旅行に行きました。,Tôi đã đi du lịch cùnggia đình.,,,
型,Hình,かた,shinkanzen,新しい型の車を買いま<br>した。,Tôi đã mua chiếc xe mẫu mới.,,,
片～,Phiến,かた～,shinkanzen,片手で持つ,Cầm bằng một tay.,,,
課題,Khóa Đề,かだい,shinkanzen,今週の課題を終えまし<br>た。,Tôi đã hoàn thành nhiệm vụ tuần này.,,,
形,Hình,かたち,shinkanzen,この花の形は美しいです。,Hình dáng của bônghoa này rất đẹp.,,,
片ひざ,Phiến,かたひざ,shinkanzen,片ひざをついて話す。,Nói chuyệnkhi quỳ một gối.,,,
固まる,Cố,かたまる,shinkanzen,コンクリートが固まり<br>ました。,Bê tông đã đông cứng lại.,,,
片道,Phiến Đạo,かたみち,shinkanzen,片道切符を買いまし<br>た。,Tôi đã mua vé một chiều.,,,
傾く,Khuynh,かたむく,shinkanzen,建物が傾いています。,Tòa nhà đang bị nghiêng.,,,
固める,Cố,かためる,shinkanzen,基礎を固めました。,Tôi đã làm chắc nền móng.,,,
肩を落とす,Kiên Lạc,かたをおとす,shinkanzen,試験に落ち<br>て肩を落としました。,Tôi đã buồn bã vì trượt kỳ thi.,,,
肩を貸す,Kiên Thải,かたをかす,shinkanzen,友達に肩を<br>貸しました。,Tôi đã giúp đỡ bạnmình.,,,
～学科,Học Khoa,～がっか,shinkanzen,経済学科に入りまし た。,Tôi đã vào khoa kinh tế.,,,
学会,Học Hội,がっかい,shinkanzen,学会で研究を発表しま<br>した。,Tôi đã trình bày nghiên cứu tại hội khoa học.,,,
がっかり,Thất vọng,がっかり,shinkanzen,彼の成績にがっかりしました。,Tôi đã thất vọng về thành tích của anh ấy.,,,
活気,Hoạt Khí,かっき,shinkanzen,市場は活気に満ちてい<br>ます。,Khu chợ rất nhộn nhịp.,,,
担ぐ,Đam,かつぐ,shinkanzen,重い荷物を担ぎまし た。,Tôi đã vác hành lýnặng.,,,
勝手,Thắng Thủ,かって,shinkanzen,勝手に部屋に入らないでくださ<br>い。,Xin đừng tự tiện vào phòng.,,,
かつて,Từng,かつて,shinkanzen,かつてはここに城がありました。,Trước đây từng có một lâu đài ởđây.,,,
～活動,Hoạt Động,～かつどう,shinkanzen,環境保護活動に参加しています。,Tôi tham gia hoạtđộng bảo vệ môi trường.,,,
活発,Hoạt Phát,かっぱつ,shinkanzen,彼はとても活発な子供<br>です。,Cậu bé rất hoạt bát.,,,
活躍,Hoạt Dược,かつやく,shinkanzen,彼はスポーツで活躍しています。,Anh ấy hoạt động tích cực trongthể thao.,,,
活用法,Hoạt Dụng Pháp,かつようほう,shinkanzen,新しい技術の活用法を学びまし た。,Tôi đã học được phươngpháp áp dụng công nghệ mới.,,,
悲しみ,Bi,かなしみ,shinkanzen,彼の死は大きな悲しみ<br>をもたらしました。,Cái chết của anh ấy mang lại nỗi đau lớn.,,,
悲しむ,Bi,かなしむ,shinkanzen,彼女はペットの死を悲<br>しんでいます。,Cô ấy đau buồn vì cái chết của thú cưng.,,,
必ずしも,Tất,かならずしも,shinkanzen,必ずしも成<br>功するとは限らない。,Không nhất thiết phải thành công.,,,
加熱,Gia Nhiệt,かねつ,shinkanzen,加熱しすぎないように注意してく<br>ださい。,Hãy chú ý đừng nấu quá lửa.,,,
金遣い,Kim Khiển,かねづかい,shinkanzen,彼の金遣いは荒いで す。,Cách tiêutiền của anh ấy rất phung phí.,,,
かび,Nấm mốc,かび,shinkanzen,古いパンに<br>かびが生えています。,Bánh mì cũ đã bị mốc.,,,
株,Chu,かぶ,shinkanzen,株を買いました。,Tôi đã mua cổ phiếu.,,,
株式,Chu Thức,かぶしき,shinkanzen,株式市場が活発です。,Thị trường cổ phiếu rất sôi động.,,,
花粉,Hoa Phấn,かふん,shinkanzen,春には花粉アレルギーがひどいで<br>す。,Vào mùaxuân dị ứng phấn hoa rất nặng.,,,
構う,Cấu,かまう,shinkanzen,子供に構いませんか。,Bạn có muốn chơi với trẻkhông?,,,
神,Thần,かみ,shinkanzen,神に祈ります。,Tôi cầunguyện thần linh.,,,
かみそり,Dao cạo,かみそり,shinkanzen,新しいかみそりを買い<br>ました。,Tôi đã mua dao cạomới.,,,
科目,Khoa Mục,かもく,shinkanzen,数学は私の<br>得意な科目です。,Toán học là môn tôigiỏi.,,,
かゆみ,Ngứa,かゆみ,shinkanzen,このクリームはかゆみ<br>を和らげます。,Kem này giúp giảm ngứa.,,,
柄,Bính,がら,shinkanzen,この布の柄が好きで す。,Tôi thíchhọa tiết của vải này.,,,
体つき,Thể,からだつき,shinkanzen,彼はスポーツ選手のような体つき<br>です。,Anh ấy có vóc dáng như vận động viên.,,,
辛み,Tân,からみ,shinkanzen,このカレーは辛みが強<br>いです。,Món cà ri này rất cay.,,,
刈る,Ngải,かる,shinkanzen,草を刈りました。,Tôi đã cắt cỏ.,,,
乾かす,Can,かわかす,shinkanzen,洗濯物を乾かします。,Tôi sẽ phơi khô quần áo giặt.,,,
川沿い,Xuyên Duyên,かわぞい,shinkanzen,川沿いを散歩しまし た。,Tôi đã đi dạo dọc theo bờsông.,,,
勘,Khám,かん,shinkanzen,彼は勘が鋭いです。,Anh ấy cólinh cảm nhạy bén.,,,
缶,Phữu,かん,shinkanzen,缶ジュース<br>を飲みました。,Tôi đã uống nước ngọt trong lon.,,,
～官,Quan,～かん,shinkanzen,政府官が発表しまし た。,Quan chức chính phủ đã phátbiểu.,,,
～感,Cảm,～かん,shinkanzen,安全感を感じます。,Tôi cảm thấy an toàn.,,,
考え直す,Khảo Trực,かんがえなおす,shinkanzen,もう一度考え直してください。,Hãy suynghĩ lại một lần nữa.,,,
間隔,Gian Cách,かんかく,shinkanzen,椅子の間隔を空けてください。,Hãy để khoảngcách giữa các ghế.,,,
観客,Quan Khách,かんきゃく,shinkanzen,観客が多いです。,Có nhiều khán giả.,,,
環境破壊,Hoàn Cảnh<br>Phá Hoại,かんきょうはかい,shinkanzen,環境破壊を防ぎます。,Ngăn chặn sự phá hoại môi trường.,,,
環境保護,Hoàn Cảnh Bảo Hộ,かんきょうほご,shinkanzen,環境保護に<br>取り組んでいます。,Tôi đang nỗ lực bảo vệ môi trường.,,,
歓迎会,Hoan<br>Nghênh Hội,かんげいかい,shinkanzen,新入社員の歓迎会を開きます。,Chúng tôi sẽ tổ chức tiệc chào đón nhân viên mới.,,,
看護師,Khán Hộ Sư,かんごし,shinkanzen,彼女は優秀<br>な看護師です。,Cô ấy là một y tá xuất sắc.,,,
患者,Hoạn Giả,かんじゃ,shinkanzen,患者の状態が良くなりました。,Tình trạng của bệnhnhân đã tốt hơn.,,,
勘定,Khám Định,かんじょう,shinkanzen,勘定をお願いします。,Xin vuilòng tính tiền.,,,
感染,Cảm Nhiễm,かんせん,shinkanzen,インフルエ<br>ンザに感染しました。,Tôi đã bịnhiễm cúm.,,,
官庁街,Quan Sảnh Nhai,かんちょうがい,shinkanzen,官庁街で働いていま す。,Tôi làmviệc ở khu cơ quan nhà nước.,,,
監督,Giám Đốc,かんとく,shinkanzen,彼は映画の監督です。,Anh ấy là đạo diễn phim.,,,
看病,Khán Bệnh,かんびょう,shinkanzen,彼女は父親<br>を看病しています。,Cô ấy đang chăm sóc cha mình.,,,
管理,Quản Lý,かんり,shinkanzen,会社の経営を管理します。,Tôi quản lý hoạt động kinh doanh của công ty.,,,
管理職,Quản Lý Chức,かんりしょく,shinkanzen,管理職に昇進しまし た。,Tôi đã thăng chức lên vị tríquản lý.,,,
～機,Cơ,～き,shinkanzen,洗濯機が故<br>障しました。,Máy giặt bị hỏng.,,,
～器,Khí,～き,shinkanzen,掃除機を使います。,Tôi dùng máy hút bụi.,,,
気が合う,Khí Hợp,きがあう,shinkanzen,彼とは気が合います。,Tôi hợp tính với anh ấy.,,,
危害,Nguy Hại,きがい,shinkanzen,彼の行動は危害をもたらします。,Hành động của anh ấy gây nguy hiểm.,,,
気が多い,Khí Đa,きがおおい,shinkanzen,彼は気が多い人です。,Anh ấy là người hay thay đổi.,,,
気が重い,Khí Trọng,きがおもい,shinkanzen,明日の試験が気が重いです。,Tôi cảm thấy chán nản về kỳ thi ngày mai.,,,
気が利く,Khí Lợi,きがきく,shinkanzen,彼女は気が利く人で す。,Cô ấy là người rất chu đáo.,,,
気が進まない,Khí Tiến,きがすすまない,shinkanzen,今日は仕事が気が進まない。,Hôm nay tôi không có hứng làmviệc.,,,
気が済む,Khí Tế,きがすむ,shinkanzen,謝って気が済みまし た。,Tôi đã nhẹ nhõm sau khi xin lỗi.,,,
気が小さい,Khí Tiểu,きがちいさい,shinkanzen,彼は気が小<br>さいです。,Anh ấy rất nhút nhát.,,,
気が散る,Khí Tán,きがちる,shinkanzen,周りがうるさくて気が散ります。,Xung quanh ồn ào khiến tôi không tập trungđược.,,,
気が早い,Khí Tảo,きがはやい,shinkanzen,彼は気が早<br>いです。,Anh ấy rất vội vàng.,,,
気が短い,Khí Đoản,きがみじかい,shinkanzen,彼は気が短いので、すぐに怒りま<br>す。,"Anh ấy rất nóng tính, dễ nổi giận.",,,
気が向く,Khí<br>Hướng,きがむく,shinkanzen,気が向いたら手伝ってください。,Khi nào bạn cảm thấythích thì giúp tôi nhé.,,,
気軽,Khí Khinh,きがる,shinkanzen,気軽に話してくださ い。,Hãy nói chuyệnthoải mái nhé.,,,
～機関,Cơ Quan,～きかん,shinkanzen,教育機関で働いています。,Tôi làm việc ở cơquan giáo dục.,,,
期間中,Kỳ Gian Trung,きかんちゅう,shinkanzen,夏休み期間中に旅行します。,Tôi sẽ đi du lịch trongthời gian nghỉ hè.,,,
～危機,Nguy Cơ,～きき,shinkanzen,経済危機が続いています。,Khủnghoảng kinh tế đang tiếp diễn.,,,
危機感,Nguy Cơ Cảm,ききかん,shinkanzen,危機感を持<br>っています。,Tôi có cảm giác nguy cơ.,,,
効く,Hiệu,きく,shinkanzen,この薬は頭痛によく効きます。,Thuốc này rất hiệu quả cho chứngđau đầu.,,,
機嫌,Cơ Hiềm,きげん,shinkanzen,今日は彼の機嫌がいいです。,Hôm nay anh ấy có tâm trạng tốt.,,,
危険性,Nguy Hiểm Tính,きけんせい,shinkanzen,この作業には危険性が<br>あります。,Công việc này có tính nguy hiểm.,,,
気候,Khí Hậu,きこう,shinkanzen,日本の気候は四季がはっきりして<br>います。,Khí hậuNhật Bản có bốn mùa rõ rệt.,,,
気候変動,Khí Hậu Biến Động,きこうへんどう,shinkanzen,気候変動が深刻な問題です。,Biến đổi khí hậu là vấnđề nghiêm trọng.,,,
既婚者,Ký Hôn Giả,きこんしゃ,shinkanzen,彼は既婚者です。,Anh ấy là người đãkết hôn.,,,
刻む,Khắc,きざむ,shinkanzen,野菜を細かく刻みま<br>す。,Tôi sẽ băm nhỏ rau.,,,
岸,Ngạn,きし,shinkanzen,川の岸に座りました。,Tôi ngồi bên bờsông.,,,
記事,Ký Sự,きじ,shinkanzen,新聞の記事<br>を読みました。,Tôi đã đọc bài viết trên báo.,,,
記者,Ký Giả,きしゃ,shinkanzen,記者会見が<br>行われました。,Cuộc họpbáo đã được tổ chức.,,,
技術的,Kỹ Thuật Đích,ぎじゅつてき,shinkanzen,技術的な問<br>題を解決しました。,Tôi đã giải quyết vấnđề kỹ thuật.,,,
築く,Trúc,きずく,shinkanzen,信頼関係を築きます。,Tôi sẽ xây dựng mối quan hệ tincậy.,,,
着せる,Trứ,きせる,shinkanzen,子供にコートを着せま<br>す。,Tôi mặc áo khoác cho con.,,,
貴族,Quý Tộc,きぞく,shinkanzen,貴族の生活は豪華で<br>す。,Cuộc sống của quý tộc rất xa hoa.,,,
規則正しい,Quy Tắc Chính,きそくただしい,shinkanzen,規則正しい生活を送ります。,Tôi sống một cuộc sống đúngquy củ.,,,
貴重,Quý Trọng,きちょう,shinkanzen,貴重な経験をしまし た。,Tôi đã có kinhnghiệm quý giá.,,,
気遣い,Khí Khiển,きづかい,shinkanzen,彼の気遣いに感謝します。,Tôi biết ơn sự quan tâm của anh ấy.,,,
きっかけ,"Cớ, động cơ",きっかけ,shinkanzen,Lý do tôi học tiếng Nhật là do du lịch.,,,,
ぎっしり,Đầy chặt,ぎっしり,shinkanzen,Giá sách đầy chật sách.,,,,
きっぱり,Dứt khoát,きっぱり,shinkanzen,Anh ấy đã từ chối dứt<br>khoát.,,,,
起動,Khởi Động,きどう,shinkanzen,コンピュー<br>タを起動します。,Tôi sẽ khởi động máytính.,,,
気に入る,Khí Nhập,きにいる,shinkanzen,この靴が気<br>に入りました。,Tôi thích đôi giày này.,,,
気に掛かる,Khí Quải,きにかかる,shinkanzen,彼の健康が気に掛かり<br>ます。,Tôi lo lắng về sức khỏe của anh ấy.,,,
気に食わない,Khí Thực,きにくわない,shinkanzen,彼の態度が気に食わない。,Tôi không hài lòng với thái độ của anh ấy.,,,
気にする,Khí,きにする,shinkanzen,小さなことを気にしないでくださ<br>い。,Đừng bận tâm đếnnhững điều nhỏ nhặt.,,,
～機能,Cơ Năng,～きのう,shinkanzen,このカメラには多くの機能があり<br>ます。,Máy ảnh này cónhiều chức năng.,,,
気の毒,Khí Độc,きのどく,shinkanzen,彼の不運が気の毒で す。,Tôi cảm thấy tội nghiệp chosự bất hạnh của anh ấy.,,,
きびきび,"Dứt<br>khoát,<br>mạch lạc",きびきび,shinkanzen,Anh ấy đưa ra chỉ thị<br>một cách<br>nhanh nhẹn.,,,,
寄付金,Ký Phó Kim,きふきん,shinkanzen,寄付金を集めていま す。,Chúng tôi đang thu thập tiềnquyên góp.,,,
規模,Quy Mô,きぼ,shinkanzen,会社の規模が拡大しました。,Quy mô của công ty đã mở rộng.,,,
希望,Hy Vọng,きぼう,shinkanzen,希望に満ちた未来。,Tương lai đầy hyvọng.,,,
気まぐれ,Khí,きまぐれ,shinkanzen,彼の気まぐれな行動が理解できません。,Tôi không thể hiểuđược hành động thất thường củaanh ấy.,,,
気まずい,Khí,きまずい,shinkanzen,彼との関係が気まずいです。,Mối quan hệ với anh ấy rất khóxử.,,,
期末試験,Kỳ Mạt Thí<br>Nghiệm,きまつしけん,shinkanzen,期末試験の準備をしています。,Tôi đang chuẩn bị cho kỳ thi cuối kỳ.,,,
決まって,Quyết,きまって,shinkanzen,彼は朝決まってジョギングをしま<br>す。,Anh ấy luôn chạy bộ vào buổi sáng.,,,
～気味,Khí Vị,～ぎみ,shinkanzen,風邪気味です。,Tôi hơi bị cảm.,,,
逆～,Nghịch,ぎゃく～,shinkanzen,逆効果で<br>す。,Tác dụng ngược.,,,
客席,Khách Tịch,きゃくせき,shinkanzen,客席が満席です。,Ghế khách ngồi đã đầy.,,,
球,Cầu,きゅう,shinkanzen,サッカーボールは球で<br>す。,Quả bóng đá là hình cầu.,,,
旧～,Cựu,きゅう～,shinkanzen,旧市街を訪れました。,Tôi đã thăm khu phố cổ.,,,
急～,Cấp,きゅう～,shinkanzen,急ブレーキ<br>をかけました。,Tôi đãphanh gấp.,,,
休暇,Hưu Hạ,きゅうか,shinkanzen,夏休みに休暇を取りま<br>す。,Tôi sẽ nghỉ phép vào kỳ nghỉ hè.,,,
急カーブ,Cấp,きゅうカーブ,shinkanzen,この道は急カーブが多いです。,Con đường này có nhiều khúccua gấp.,,,
休業,Hưu<br>Nghiệp,きゅうぎょう,shinkanzen,店は休業中です。,Cửa hàng đang tạm nghỉ.,,,
休憩,Hưu Khế,きゅうけい,shinkanzen,休憩を取りましょう。,Hãy nghỉ giải lao.,,,
休講,Hưu Giảng,きゅうこう,shinkanzen,今日の授業は休講で<br>す。,Lớp họchôm nay bị hủy.,,,
救済,Cứu Tế,きゅうさい,shinkanzen,被災者を救済します。,Chúng tôi sẽ cứu trợ người bị nạn.,,,
旧市街,Cựu Thị Nhai,きゅうしがい,shinkanzen,旧市街を散策しまし た。,Tôi đã dạo quanh khu đô thị cũ.,,,
急上昇,Cấp<br>Thượng Thăng,きゅうじょうしょう,shinkanzen,株価が急上<br>昇しています。,Giá cổ phiếu đang tăng vọt.,,,
旧姓,Cựu Tính,きゅうせい,shinkanzen,彼女は旧姓<br>を使っています。,Cô ấy dùng họ cũ.,,,
急接近,Cấp Tiếp Cận,きゅうせっきん,shinkanzen,台風が急接近しています。,Cơn bão đang tiến đến nhanhchóng.,,,
休息,Hưu Tức,きゅうそく,shinkanzen,週末はしっかり休息します。,Tôi sẽ nghỉ ngơi đầy đủ vào cuốituần.,,,
旧体制,Cựu Thể Chế,きゅうたいせい,shinkanzen,旧体制の改革が必要で<br>す。,Cần phải cải cách thể chế cũ.,,,
急展開,Cấp Triển Khai,きゅうてんかい,shinkanzen,事態が急展開しまし た。,Tình hình đã thay đổi nhanh chóng.,,,
急テンポ,Cấp,きゅうテンポ,shinkanzen,この曲は急<br>テンポです。,Bài hát này có nhịp độ nhanh.,,,
牛乳パック,Ngưu Nhũ,ぎゅうにゅうパック,shinkanzen,冷蔵庫に牛乳パックがあります。,Có một hộp sữa trong tủ lạnh.,,,
急ブレーキ,Cấp,きゅうブレーキ,shinkanzen,急ブレーキをかけて止<br>まりました。,Tôi đãphanh gấp và dừng lại.,,,
休養,Hưu<br>Dưỡng,きゅうよう,shinkanzen,病気のために休養が必要です。,Tôi cầnnghỉ dưỡng do bị bệnh.,,,
給料,Cấp Liệu,きゅうりょう,shinkanzen,月末に給料をもらいま<br>す。,Tôi nhận lương vào cuối tháng.,,,
器用,Khí Dụng,きよう,shinkanzen,彼は手先が器用です。,Anh ấy rất khéo tay.,,,
～業,Nghiệp,～ぎょう,shinkanzen,農業をしています。,Tôi làmnghề nông.,,,
教育実習,Giáo Dục,きょういくじっしゅう,shinkanzen,学生たちは教育実習に,Sinh viên tham gia,,,
教員,Giáo Viên,きょういん,shinkanzen,彼は大学の教員です。,Anh ấy là giảng viên đại học.,,,
強化,Cường Hóa,きょうか,shinkanzen,体力を強化します。,Tôi sẽ tăng cường thể lực.,,,
教科書,Giáo Khoa Thư,きょうかしょ,shinkanzen,新しい教科書を買いま<br>した。,Tôi đã mua sách giáokhoa mới.,,,
競技,Cạnh Kỹ,きょうぎ,shinkanzen,競技に参加します。,Tôi sẽ tham gia thi đấu.,,,
競技場,Cạnh Kỹ Trường,きょうぎじょう,shinkanzen,競技場でサッカーの試合がありま<br>す。,Có trận đấu bóng đá tại sân thi đấu.,,,
供給,Cung Cấp,きょうきゅう,shinkanzen,電力を供給します。,Tôi sẽ cung cấp điệnnăng.,,,
教師,Giáo Sư,きょうし,shinkanzen,彼女は英語<br>の教師です。,Cô ấy là giáo viêntiếng Anh.,,,
行事,Hành Sự,ぎょうじ,shinkanzen,町の行事に参加しました。,Tôi đã tham gia lễ hội của thị trấn.,,,
教授,Giáo Thụ,きょうじゅ,shinkanzen,彼は歴史の教授です。,Ông ấy là giáo sư lịch sử.,,,
業績,Nghiệp Tích,ぎょうせき,shinkanzen,彼の業績は素晴らしいです。,Thành tích của anh ấy rất tuyệt vời.,,,
競争率,Cạnh Tranh Suất,きょうそうりつ,shinkanzen,この試験の競争率は高いです。,Tỷ lệ cạnhtranh của kỳthi này rất cao.,,,
興味深い,Hứng Vị Thâm,きょうみぶかい,shinkanzen,彼の話は興<br>味深いです。,Câu chuyện của anh ấy rất thú vị.,,,
行列,Hành Liệt,ぎょうれつ,shinkanzen,祭りで行列<br>ができました。,Có mộthàng người tại lễ hội.,,,
許可証,Hứa Khả Chứng,きょかしょう,shinkanzen,銀行に許可証を提出しました。,Tôi đã nộp giấy phép cho ngân hàng.,,,
曲,Khúc,きょく,shinkanzen,この曲が大<br>好きです。,Tôi rất thích bài hát này.,,,
距離,Cự Ly,きょり,shinkanzen,学校と家の距離は近いです。,Khoảng cách giữa trường vànhà tôi gần.,,,
嫌う,Hiềm,きらう,shinkanzen,彼は嘘を嫌います。,Anh ấy ghét nói dối.,,,
気楽,Khí Lạc,きらく,shinkanzen,気楽に過ごしてくださ<br>い。,Hãy sống thoải mái.,,,
霧,Vụ,きり,shinkanzen,朝早く霧が出ました。,Sáng sớm có sương mù.,,,
議論,Nghị Luận,ぎろん,shinkanzen,彼らはその問題につい<br>て議論しました。,Họ đã tranh luận về vấn đề đó.,,,
極めて,Cực,きわめて,shinkanzen,彼の行動は極めて重要です。,Hành động của anh ấy rất quantrọng.,,,
気を落とす,Khí Lạc,きをおとす,shinkanzen,試験に落ちて気を落と<br>しました。,Tôi đã buồn vì trượt kỳ thi.,,,
気を遣う,Khí Khiển,きをつかう,shinkanzen,彼女はいつも気を遣っ<br>ています。,Cô ấy luôn giữ ý.,,,
気を取られる,Khí Thủ,きをとられる,shinkanzen,彼の話に気を取られました。,Tôi đã bị cuốn vào câu chuyện của anh ấy.,,,
菌,Khuẩn,きん,shinkanzen,体に良い菌もありま<br>す。,Có những vi khuẩn tốt cho cơ thể.,,,
～金,Kim,～きん,shinkanzen,保証金が必要です。,Cần có tiền bảo đảm.,,,
金額,Kim Ngạch,きんがく,shinkanzen,金額を確認<br>してください。,Hãy xác nhận số tiền.,,,
銀行口座,Ngân Hàng Khẩu Tọa,ぎんこうこうざ,shinkanzen,銀行口座を開設しました。,Tôi đã mở tài khoản ngân hàng.,,,
金属製,Kim Thuộc Chế,きんぞくせい,shinkanzen,このテーブ<br>ルは金属製です。,Cái bàn này làm bằngkim loại.,,,
緊張,Khẩn Trương,きんちょう,shinkanzen,プレゼンテーションの前に緊張します。,Tôi cảm thấy căng thẳng trước buổi thuyếttrình.,,,
緊張感,Khẩn Trương Cảm,きんちょうかん,shinkanzen,試験前の緊張感が高まります。,Cảm giác căng thẳng trước kỳ thiđang tăng lên.,,,
金融界,Kim Dung Giới,きんゆうかい,shinkanzen,金融界で働いていま す。,Tôi làmviệc trong giới tài chính.,,,
金融危機,Kim Dung Nguy Cơ,きんゆうきき,shinkanzen,金融危機が発生しました。,Khủnghoảng tài chính đã xảy ra.,,,
～具,Cụ,～ぐ,shinkanzen,書き具を買いました。,Tôi đã muadụng cụ viết.,,,
クイズ番組,Phiên Tổ,クイズばんぐみ,shinkanzen,クイズ番組<br>に参加しました。,Tôi đã tham gia chương trình đố vui.,,,
食う,Thực,くう,shinkanzen,肉を食う。,Ăn thịt.,,,
空間,Không Gian,くうかん,shinkanzen,この部屋は広い空間があります。,Căn phòng này có không gianrộng.,,,
偶然,Ngẫu Nhiên,ぐうぜん,shinkanzen,偶然彼に会いました。,Tôi tình cờ gặp anh ấy.,,,
茎,Hành,くき,shinkanzen,花の茎が長いです。,Thân cây hoa dài.,,,
腐る,Hủ,くさる,shinkanzen,魚が腐りました。,Cá đã bị thối.,,,
くし,Lược,くし,shinkanzen,くしで髪を<br>とかします。,Tôi chải tóc bằng lược.,,,
くしゃみ,Hắt xì hơi,くしゃみ,shinkanzen,くしゃみが<br>止まりません。,Tôi không ngừng hắt xì hơi.,,,
苦情,Khổ Tình,くじょう,shinkanzen,店に苦情を<br>言いました。,Tôi đã phàn nàn với cửa hàng.,,,
崩す,Băng,くずす,shinkanzen,壁を崩しました。,Tôi đã phá vỡ bứctường.,,,
～崩れ,Băng,～くずれ,shinkanzen,山崩れが起きました。,Trượt lở đất đã xảy ra.,,,
具体性,Cụ Thể Tính,ぐたいせい,shinkanzen,具体性を持って説明し<br>ます。,Tôi sẽ giải thích một cách cụ thể.,,,
具体的,Cụ Thể Đích,ぐたいてき,shinkanzen,具体的な例<br>を挙げます。,Tôi sẽ đưa ra ví dụ cụ thể.,,,
くたくた,Mệt rã rượi,くたくた,shinkanzen,Tôi mệt rã<br>rượi vì công việc.,,,,
くたびれる,"Mệt lử, mệt rã<br>rời",くたびれる,shinkanzen,Tôi mệt lử sau chuyến<br>đi dài.,,,,
くだらない,"Vớ vẩn, vô giá trị",くだらない,shinkanzen,Đừng nói chuyện vớ vẩn.,,,,
下り電車,Hạ Điện Xa,くだりでんしゃ,shinkanzen,下り電車に乗りまし た。,Tôi đã lên tàu đi về quê.,,,
口がうまい,Khẩu,くちがうまい,shinkanzen,彼は口がうまいです。,Anh ấy rất khéo nói.,,,
口が軽い,Khẩu Khinh,くちがかるい,shinkanzen,彼は口が軽いです。,Anh ấy không biết giữ mồmgiữ miệng.,,,
口が滑る,Khẩu Hoạt,くちがすべる,shinkanzen,口が滑って<br>秘密を漏らしました。,Tôi lỡmiệng tiết lộ bí mật.,,,
口が悪い,Khẩu Ác,くちがわるい,shinkanzen,彼は口が悪いです。,Anh ấy hay nói lời ác ý.,,,
口に合う,Khẩu Hợp,くちにあう,shinkanzen,この料理は<br>私の口に合います。,Món ăn này hợp khẩu vị của tôi.,,,
口にする,Khẩu,くちにする,shinkanzen,その話は二度と口にしません。,Tôi sẽ không bao giờ nói đến chuyện đó lần nữa.,,,
くちがおもい,Khẩu Trọng,口が重い,shinkanzen,彼はいつも口が重いです。,Anh ấy lúc nào cũng ít nói.,,,
くちがかたい,Khẩu Kiên,口が堅い,shinkanzen,彼女は口が堅いので安心です。,Tôi yên tâm vì cô ấy rất kín miệng.,,,
くちがかるい,Khẩu Khinh,口が軽い,shinkanzen,彼は口が軽いので注意してください。,Hãy cẩn thận vì anh ấy không kín miệng.,,,
くちがすべる,Khẩu Hoạt,口が滑る,shinkanzen,彼は口が滑って秘密を<br>話しました。,Anh ấy đãlỡ mồm nói ra bí mật.,,,
くちにあう,Khẩu Hợp,口に合う,shinkanzen,この料理は私の口に合います。,Món ăn này hợp khẩu vị của tôi.,,,
くちにする,Khẩu,口にする,shinkanzen,その話は二度と口にしません。,Tôi sẽ không bao giờ nói đếnchuyện đó lần nữa.,,,
くちにだす,Khẩu Xuất,口に出す,shinkanzen,彼の秘密を口に出しま<br>した。,Tôi đã nói ra bí mật của anh ấy.,,,
ぐちゃぐちゃ,-,ぐちゃぐちゃ,shinkanzen,部屋がぐちゃぐちゃで<br>す。,Căn phòng rất lộn xộn.,,,
くちをだす,Khẩu Xuất,口を出す,shinkanzen,彼はすぐに他人の話に口を出しま<br>す。,Anh ấy hay xen vàochuyện của người khác.,,,
くつう,Khổ Thống,苦痛,shinkanzen,彼は腰に苦<br>痛を感じています。,Anh ấy cảm thấy đau ở lưng.,,,
くっきり,-,くっきり,shinkanzen,富士山がくっきり見えます。,Có thể nhìn thấy núi Phú Sĩ rõ mồn một.,,,
ぐったり,-,ぐったり,shinkanzen,仕事でぐっ<br>たりしています。,Tôi mệt lử vì côngviệc.,,,
ぐっと,-,ぐっと,shinkanzen,成績がぐっと上がりました。,Thành tích của tôi đã tăng hẳnlên.,,,
くつろぐ,-,くつろぐ,shinkanzen,家でくつろいでいま<br>す。,Tôi đang thư giãn ở nhà.,,,
くどい,-,くどい,shinkanzen,彼の話はくどいです。,Câu chuyện của anh ấy rất dài dòng.,,,
くびにする,Thủ,首にする,shinkanzen,会社は彼を首にしまし<br>た。,Công ty đã đuổi việc anh ấy.,,,
くびになる,Thủ,首になる,shinkanzen,彼は会社を<br>首になりました。,Anh ấy bị công ty đuổi việc.,,,
クマ,-,クマ,shinkanzen,山でクマを見ました。,Tôi đã thấygấu trên núi.,,,
くみ～,Tổ,組み～,shinkanzen,組み合わせを考えま<br>す。,Tôi sẽ suy nghĩ về sự kết hợp.,,,
くみあわせる,Tổ Hợp,組み合わせる,shinkanzen,これらの部品を組み合わせます。,Tôi sẽ ghép các bộ phận này lại với nhau.,,,
くみこむ,Tổ Nhập,組み込む,shinkanzen,新しい機能をプログラムに組み込みます。,Tôi sẽ đưa chức năng mới vào chươngtrình.,,,
くみたてしき,Tổ Lập Thức,組み立て式,shinkanzen,この机は組み立て式で<br>す。,Cái bàn này là dạng lắp ráp.,,,
くみたてる,Tổ Lập,組み立てる,shinkanzen,棚を組み立てます。,Tôi sẽ lắp ráp cái kệ.,,,
くやむ,Hối,悔やむ,shinkanzen,彼は過去の過ちを悔やんでいま す。,Anh ấy ân hận về những sai lầm trong quá khứ.,,,
くよくよ,-,くよくよ,shinkanzen,くよくよしないでください。,Đừng lo lắng vô ích.,,,
くらしぶり,Mộ,暮らしぶり,shinkanzen,彼の暮らしぶりを見習いたいで<br>す。,Tôi muốn học hỏi cách sống của anh ấy.,,,
グラフ,-,グラフ,shinkanzen,統計データをグラフにしました。,Tôi đã làm thành biểu đồ từ dữliệu thống kê.,,,
くるう,Cuồng,狂う,shinkanzen,予定が狂い<br>ました。,Kế hoạch bị rối loạn.,,,
くるしみ,Khổ,苦しみ,shinkanzen,彼は深い苦しみを抱えています。,Anh ấyđang chịu đựng nỗiđau sâu sắc.,,,
くるしむ,Khổ,苦しむ,shinkanzen,彼は病気で苦しんでいます。,Anh ấy đang đaukhổ vì bệnh tật.,,,
くるむ,-,くるむ,shinkanzen,赤ちゃんを<br>毛布でくるみます。,Tôi sẽ quấn em bé trong cái chăn.,,,
クレーム,-,クレーム,shinkanzen,お客様からのクレーム<br>に対応します。,Tôi sẽ giải quyết khiếu nại củakhách hàng.,,,
くれる,Mộ,暮れる,shinkanzen,太陽が暮れ<br>ます。,Mặt trời lặn.,,,
くろじ,Hắc Tự,黒字,shinkanzen,会社は今年黒字になり<br>ました。,Công tynăm nay có lãi.,,,
くわえる,Gia,加える,shinkanzen,塩を少し加<br>えます。,Tôi sẽ thêm một ít muối.,,,
くわしい,Tường,詳しい,shinkanzen,彼は歴史に詳しいで す。,Anh ấy biết rất rõ vềlịch sử.,,,
くわわる,Gia,加わる,shinkanzen,新しいメンバーがチームに加わり<br>ました。,Có thành viên mới tham gia vào đội.,,,
くんれん,Huấn Luyện,訓練,shinkanzen,新入社員は訓練を受け<br>ます。,Nhân viên mới sẽ được huấn luyện.,,,
けい～,Khinh,軽～,shinkanzen,軽作業を探していま す。,Tôi đang tìm công việc nhẹ nhàng.,,,
けい～,Kế,～計,shinkanzen,温度計を使います。,Tôi sẽ sửdụng nhiệt kế.,,,
けいい,Kính Ý,敬意,shinkanzen,彼に対して敬意を表します。,Tôi tỏ lòng kính trọng đối với anh ấy.,,,
けいえい,Kinh Doanh,経営,shinkanzen,彼は会社を経営してい<br>ます。,Anh ấyđang quản lý công ty.,,,
けいえいほうしん,Kinh Doanh<br>Phương Châm,経営方針,shinkanzen,新しい経営方針を発表しました。,Đã công bố phươngchâm kinh doanh mới.,,,
けいか,Kinh Quá,経過,shinkanzen,時間が経過しました。,Thời gian đã trôi qua.,,,
けいかい,Cảnh Giới,警戒,shinkanzen,犯人に警戒します。,Tôi sẽ cảnh giác với kẻ phạm tội.,,,
けいき,Cảnh Khí,景気,shinkanzen,景気が回復していま<br>す。,Nền kinh tế đang phục hồi.,,,
けいき,Khế Cơ,契機,shinkanzen,留学を契機に勉強に励みます。,Tôi sẽ cố gắng họctập nhân dịp đi du học.,,,
けいきんぞく,Khinh Kim Chúc,軽金属,shinkanzen,アルミニウムは軽金属<br>です。,Nhôm là một kim loại nhẹ.,,,
けいげん,Khinh Giảm,軽減,shinkanzen,税金を軽減します。,Tôi sẽ giảm thuế.,,,
けいご,Kính Ngữ,敬語,shinkanzen,日本語の敬<br>語を勉強します。,Tôi học kính ngữtiếng Nhật.,,,
けいこうぎょう,Khinh Công Nghiệp,軽工業,shinkanzen,軽工業の発展について研究しま す。,Tôi sẽ nghiên cứu về sự phát triển củacông nghiệp nhẹ.,,,
けいざいきき,Kinh Tế Nguy Cơ,経済危機,shinkanzen,世界中が経済危機に直面しています。,Cả thế giới đang đối mặt với khủnghoảng kinh tế.,,,
けいさん,Kế Toán,計算,shinkanzen,数学の問題<br>を計算します。,Tôi tính toán các bài toán.,,,
けいさんちがい,Kế Toán Vi,計算違い,shinkanzen,計算違いをしてしまい<br>ました。,Tôi đã tính nhầm.,,,
けいしきてき,Hình Thức Đích,形式的,shinkanzen,形式的な会議です。,Đây là cuộc họp mangtính hình thức.,,,
けいたいでんわ,Huề Đới Điện<br>Thoại,携帯電話,shinkanzen,携帯電話を忘れまし<br>た。,Tôi đã quên điện thoại di động.,,,
けいたいよう,Huề Đới Dụng,携帯用,shinkanzen,携帯用の充<br>電器を買いました。,Tôi đã mua sạc pin dành cho di động.,,,
けいと,Mao Mịch,毛糸,shinkanzen,毛糸のセー<br>ターを編みます。,Tôi sẽ đan áo len.,,,
げいのうかい,Nghệ Năng Giới,芸能界,shinkanzen,彼は芸能界で活躍しています。,Anh ấy hoạt động trong giới nghệthuật.,,,
けいはんざい,Khinh Phạm Tội,軽犯罪,shinkanzen,軽犯罪で罰金を支払い<br>ました。,Tôi đã nộp phạt vì tội nhẹ.,,,
けいびいん,Cảnh Bị Viên,警備員,shinkanzen,彼は警備員です。,Anh ấy lànhân viên bảo vệ.,,,
けいほう,Cảnh Báo,～警報,shinkanzen,台風警報が出ました。,Đã có cảnh báo bão.,,,
げか,Ngoại Khoa,外科,shinkanzen,外科の医者<br>に診てもらいます。,Tôi sẽ được bác sĩ ngoại khoa khám.,,,
げきじょう,Kịch Trường,劇場,shinkanzen,劇場で演劇<br>を見ました。,Tôi đã xem kịch ở nhà hát.,,,
げしゃ,Hạ Xa,下車,shinkanzen,次の駅で下車します。,Tôi sẽ xuống tàu ở ga tiếp theo.,,,
げじゅん,Hạ Tuần,下旬,shinkanzen,旅行は九月の下旬に行います。,Tôi sẽ đi du lịch vàocuối tháng 9.,,,
げすいどう,Hạ Thủy Đạo,下水道,shinkanzen,下水道が詰まっています。,Đườngnước thải bị tắc.,,,
けずる,Tước,削る,shinkanzen,鉛筆を削り<br>ます。,Tôi sẽ gọt bút chì.,,,
けち,-,けち,shinkanzen,彼はけちな<br>ので有名です。,Anh ấy nổi tiếng vì kẹt xỉ.,,,
けつあつ,Huyết Áp,血圧,shinkanzen,毎朝血圧を測ります。,Tôi đohuyết áp mỗi sáng.,,,
けつあつけい,Huyết Áp Kế,血圧計,shinkanzen,血圧計を使います。,Tôi sử dụng máy đohuyết áp.,,,
げっきゅう,Nguyệt Cấp,月給,shinkanzen,彼の月給は高いです。,Lương tháng của anh ấy cao.,,,
けっきょく,Kết Cục,結局,shinkanzen,結局、彼は来ませんで<br>した。,"Cuối cùng, anh ấy đã không đến.",,,
けっこう,Kết Cấu,結構,shinkanzen,この料理は<br>結構おいしいです。,Món ăn này khá là ngon.,,,
けっこんあいて,Kết Hôn Tương Thủ,結婚相手,shinkanzen,彼女は理想的な結婚相手です。,Cô ấy là đối tượng kết hôn lýtưởng.,,,
けっさく,Kiệt Tác,傑作,shinkanzen,これは彼の最新の傑作です。,Đây là kiệttác mới nhất của anh ấy.,,,
けっして,Quyết,決して,shinkanzen,決してあきらめませ<br>ん。,Tôi quyết không bao giờ từ bỏ.,,,
げつまつ,Nguyệt Mạt,月末,shinkanzen,月末に会議<br>があります。,Có cuộc họp vàocuối tháng.,,,
けなす,-,けなす,shinkanzen,彼はいつも他人をけなします。,Anh ấy lúc nào cũng chê baingười khác.,,,
けわしい,Hiểm,険しい,shinkanzen,険しい山道を登りま す。,Tôi leo lên con đường núi hiểmtrở.,,,
けん,Khoán,～券,shinkanzen,電車の乗車券を買いま<br>す。,Tôi mua vé tàu điện.,,,
げん～,Hiện,現～,shinkanzen,現住所を教えてくださ<br>い。,Hãy cho tôi biết địa chỉ hiện tại.,,,
けんきょ,Khiêm Hư,謙虚,shinkanzen,彼は謙虚な人です。,Anh ấy là ngườikhiêm nhường.,,,
げんきん,Hiện Kim,現金,shinkanzen,現金で支払います。,Tôi sẽ trả bằng tiền mặt.,,,
けんさく,Kiểm Tác,検索,shinkanzen,情報を検索します。,Tôi sẽ tìm kiếm thông tin.,,,
げんさん,Nguyên Sản,原産,shinkanzen,この果物は南アメリカ原産です。,Trái cây này có nguồngốc từ Nam Mỹ.,,,
げんじてん,Hiện Thời Điểm,現時点,shinkanzen,現時点での計画を教え<br>てください。,Hãy cho tôi biết kếhoạch hiện tại.,,,
けんしゅう,Nghiên Tu,研修,shinkanzen,新入社員は研修を受け<br>ます。,Nhân viên mới sẽ được đào tạo.,,,
げんしょう,Giảm Thiểu,減少,shinkanzen,人口が減少<br>しています。,Dân số đang giảm.,,,
げんじょう,Hiện Trạng,現状,shinkanzen,現状を報告します。,Tôi sẽ báo cáo hiệntrạng.,,,
けんせつぎょう,Kiến Thiết<br>Nghiệp,建設業,shinkanzen,彼は建設業<br>に従事しています。,Anh ấy làm việc trong ngành xây dựng.,,,
げんだいご,Hiện Đại Ngữ,現代語,shinkanzen,現代語を学びます。,Tôi học ngôn ngữ hiện đại.,,,
げんだいごやく,Hiện Đại Ngữ<br>Dịch,現代語訳,shinkanzen,古典を現代語訳しま す。,Tôi dịchvăn bản cổ ra ngôn ngữ hiện đại.,,,
げんだいふう,Hiện Đại Phong,現代風,shinkanzen,現代風の建築です。,Đây là kiến trúc kiểu hiện đại.,,,
げんだんかい,Hiện Đoạn Giai,現段階,shinkanzen,現段階ではまだ結論が出ていませ<br>ん。,Ở giai đoạn hiện tại vẫn chưa có kết luận.,,,
けんちくか,Kiến Trúc Gia,建築家,shinkanzen,彼は有名な建築家で す。,Anh ấy là một kiếntrúc sư nổi tiếng.,,,
けんちくし,Kiến Trúc Sĩ,建築士,shinkanzen,建築士の資格を持っています。,Tôi có bằng kiến trúc sư.,,,
げんていばん,Hạn Định Bản,限定版,shinkanzen,この本は限定版です。,Cuốn sách này là phiên bản giớihạn.,,,
げんば,Hiện Trường,現場,shinkanzen,警察が現場を調査しています。,Cảnh sát đang điều tra hiện trường.,,,
けんぽう,Hiến Pháp,憲法,shinkanzen,憲法を守ります。,Tôi sẽ tuân thủ hiếnpháp.,,,
けんりょく,Quyền Lực,権力,shinkanzen,彼は大きな<br>権力を持っています。,Anh ấy có quyền lực lớn.,,,
こ～,Tiểu,小～,shinkanzen,小学生です。,Tôi là học sinh tiểu học.,,,
こう～,Cao,高～,shinkanzen,高校生です。,Tôi là học sinh trung học phổ thông.,,,
こう～,Hảo,好～,shinkanzen,好天です。,Thời tiết tốt.,,,
ごうい,Hợp Ý,合意,shinkanzen,双方が合意<br>に達しました。,Hai bên đã đạt đượcthỏa thuận.,,,
ごういん,Cường Dẫn,強引,shinkanzen,彼は強引な方法で成功しました。,Anh ấy đã thành công bằng cách ép buộc.,,,
こういんしょう,Hảo Ấn Tượng,好印象,shinkanzen,彼女に好印象を持ちました。,Tôi có ấn tượng tốt về cô ấy.,,,
ごうか,Hào Hoa,豪華,shinkanzen,豪華なホテルに泊まり<br>ました。,Tôi đã ở khách sạnsang trọng.,,,
こうかい,Hậu Hối,後悔,shinkanzen,彼は自分の行動を後悔していま<br>す。,Anh ấy hối hận về hành động củamình.,,,
こうがい,Công Hại,公害,shinkanzen,公害問題に取り組みま<br>す。,Tôi sẽ giải quyết vấnđề ô nhiễm.,,,
こうがくれき,Cao Học Lịch,高学歴,shinkanzen,彼は高学歴です。,Anh ấy có học vấncao.,,,
こうカロリー,Cao,高カロリー,shinkanzen,高カロリー<br>の食べ物です。,Đây là thức ăn có nhiều calo.,,,
こうかん,Giao Hoán,交換,shinkanzen,プレゼントを交換しま<br>した。,Tôi đã trao đổi quà tặng.,,,
こうきあつ,Cao Khí Áp,高気圧,shinkanzen,高気圧が接近していま<br>す。,Áp suất cao đang tiếngần.,,,
こうきしん,Hảo Kỳ Tâm,好奇心,shinkanzen,彼は好奇心が強いで<br>す。,Anh ấy rất hiếu kỳ.,,,
こうきのう,Cao Cơ Năng,高機能,shinkanzen,このカメラ<br>は高機能です。,Máy ảnhnày có tính năng cao.,,,
こうきょうせいさく,Công Cộng Chính Sách,公共政策,shinkanzen,公共政策について学びます。,Tôi học về chính sách công.,,,
こうくうけん,Hàng Không Khoán,航空券,shinkanzen,航空券を予<br>約しました。,Tôi đã đặtvé máy bay.,,,
こうげい,Công Nghệ,工芸,shinkanzen,日本の工芸品を見ました。,Tôi đã xem các sảnphẩm thủ công của Nhật Bản.,,,
こうけつあつ,Cao Huyết Áp,高血圧,shinkanzen,高血圧に気<br>をつけてください。,Hãy chú ý đến huyết áp cao.,,,
こうけん,Cống Hiến,貢献,shinkanzen,社会に貢献します。,Tôi sẽ cống hiến cho xãhội.,,,
こうこく,Quảng Cáo,広告,shinkanzen,新しい広告を見まし<br>た。,Tôi đã xem quảng cáo mới.,,,
こうこくひ,Quảng Cáo Phí,広告費,shinkanzen,広告費が高いです。,Chi phíquảng cáo cao.,,,
こうさい,Giao Tế,交際,shinkanzen,彼らは長年交際してい<br>ます。,Họ đã quen nhau nhiều năm.,,,
こうさいひ,Giao Tế Phí,交際費,shinkanzen,交際費を節約します。,Tôi sẽ tiết kiệm phíngoại giao.,,,
こうさぎ,Tử,子ウサギ,shinkanzen,子ウサギを<br>飼っています。,Tôi nuôi thỏ con.,,,
こうし,Giảng Sư,講師,shinkanzen,彼は大学の講師です。,Anh ấy là giảng viên đại học.,,,
こうし,Tử Ngưu,子牛,shinkanzen,子牛が生まれました。,Bê con đã được sinh ra.,,,
こうしょう,Giao Thiệp,交渉,shinkanzen,交渉が成功しました。,Cuộc đàm phán đã thành công.,,,
こうじょう,Hướng Thượng,向上,shinkanzen,技術が向上しました。,Kỹ thuật đã được nângcao.,,,
こうすいりょう,Giáng Thủy Lượng,降水量,shinkanzen,今日の降水<br>量は多いです。,Lượng mưa hôm nay nhiều.,,,
こうせいのう,Cao Tính Năng,高性能,shinkanzen,高性能のカメラを買いました。,Tôi đã mua máy ảnh có tính năng cao.,,,
こうそくバス,Cao Tốc,高速バス,shinkanzen,高速バスで旅行しま す。,Tôi sẽ đi du lịch bằng xe buýt tốchành.,,,
こうたいしょう,Hảo Đối Chiếu,好対照,shinkanzen,この二つの絵は好対照です。,Hai bứctranh nàyđối chiếu rất rõ ràng.,,,
こうつうきかん,Giao Thông Cơ Quan,交通機関,shinkanzen,交通機関を利用しま す。,Tôi sẽ sử dụng phương tiệngiao thông công cộng.,,,
こうつうじこ,Giao Thông Sự Cố,交通事故,shinkanzen,交通事故に遭いまし た。,Tôi đã gặp tai nạn giao thông.,,,
こうど,Cao Độ,高度,shinkanzen,高度な技術が必要で す。,Cần có kỹ thuật cao.,,,
ごうとう,Cường Đạo,強盗,shinkanzen,彼は強盗に遭いまし<br>た。,Anh ấy đã bị cướp.,,,
ごうとうじけん,Cường Đạo Sự Kiện,強盗事件,shinkanzen,昨夜、強盗<br>事件が発生しました。,Tối qua đã xảy ra vụ cướp.,,,
こうねつひ,Quang<br>Nhiệt Phí,光熱費,shinkanzen,毎月の光熱<br>費が高いです。,Phí điệnnước hàng tháng cao.,,,
こうはい,Hậu Bối,後輩,shinkanzen,彼は私の後輩です。,Anh ấy là đàn em của tôi.,,,
こうよう,Hồng Diệp,紅葉,shinkanzen,秋には紅葉が美しいで<br>す。,Lá đỏ rất đẹp vào mùa thu.,,,
こうりつ,Hiệu Suất,効率,shinkanzen,仕事の効率を上げま す。,Tôi sẽ nâng cao hiệuquả công việc.,,,
こうれいか,Cao Linh Hóa,高齢化,shinkanzen,日本は高齢<br>化が進んでいます。,Nhật Bản đang giàhóa dân số.,,,
こえる,Việt,越える,shinkanzen,川を越えます。,Tôi sẽ vượt qua sông.,,,
コーチ,-,コーチ,shinkanzen,彼はサッカーのコーチ<br>です。,Anh ấy là huấn luyện,,,
ごかい,Ngộ Giải,誤解,shinkanzen,誤解を解きます。,Tôi sẽ giải thích để hiểu đúng.,,,
こがす,Tiêu,焦がす,shinkanzen,魚を焦がしました。,Tôi đã làm cháy cá.,,,
こくご,Quốc Ngữ,国語,shinkanzen,国語の授業が好きで<br>す。,Tôi thích học môn quốc ngữ.,,,
こくさいらん,Quốc Tế Lan,国際欄,shinkanzen,新聞の国際欄を読みます。,Tôi đọcchuyên mục quốc tế trênbáo.,,,
こくさいれんごう,Quốc Tế Liên Hợp,国際連合,shinkanzen,国際連合に<br>加盟しています。,Tham gia Liên hợp quốc.,,,
こくりつだいがく,Quốc<br>Lập Đại Học,国立大学,shinkanzen,東京大学は国立大学です。,Đại học Tokyo là trường đại học quốc lập.,,,
こくれん,Quốc Liên,国連,shinkanzen,国連に参加します。,Tôi sẽ tham gia Liênhợp quốc.,,,
こげる,Tiêu,焦げる,shinkanzen,パンが焦げました。,Bánh mì đã bị cháy.,,,
こごえる,Đông,凍える,shinkanzen,寒くて手が凍えます。,Lạnh đến nỗi tay tôi bị tê cóng.,,,
こころがせまい,Tâm Hiệp,心が狭い,shinkanzen,彼は心が狭いです。,Anh ấy hẹp hòi.,,,
こころがひろい,Tâm Quảng,心が広い,shinkanzen,彼女は心が広いです。,Cô ấy rộng lượng.,,,
こころをいためる,Tâm Thống,心を痛める,shinkanzen,彼の話を聞いて心を痛めました。,Nghechuyện của anh ấy màtôi thấy đau lòng.,,,
こころをこめる,Tâm Nhập,心を込める,shinkanzen,手紙に心を込めて書きます。,Tôi viết thư với tất cảtình cảm.,,,
こしかける,Yêu Quải,腰掛ける,shinkanzen,椅子に腰掛<br>けます。,Tôi ngồi xuống ghế.,,,
こしょう,-,こしょう,shinkanzen,スープにこ<br>しょうを入れます。,Tôi cho hạt tiêu vào súp.,,,
こじん,Cố Nhân,故人,shinkanzen,彼は私の故人の友人です。,Anh ấy là người bạn đã mất của tôi.,,,
こじん～,Cá Nhân,個人～,shinkanzen,個人情報を守ります。,Tôi sẽ bảovệ thông tin cá nhân.,,,
こじんきょうぎ,Cá Nhân Cạnh Kỹ,個人競技,shinkanzen,個人競技で優勝しました。,Tôi đã vô địch trong thi đấu cánhân.,,,
こじんりょこう,Cá Nhân Lữ Hành,個人旅行,shinkanzen,個人旅行が好きです。,Tôi thích du lịch tự túc.,,,
コスト,-,コスト,shinkanzen,コストを削減します。,Tôi sẽ giảm giá thành.,,,
こっか,Quốc Gia,国家,shinkanzen,日本は美しい国家で す。,Nhật Bản là một quốc gia xinhđẹp.,,,
こっかい,Quốc Hội,国会,shinkanzen,国会で法律が制定されました。,Luật đã được ban hành tạiQuốc hội.,,,
こづかいちょう,Tiểu Khiển<br>Trướng,小遣い帳,shinkanzen,小遣い帳をつけます。,Tôi sẽ ghi chép vào sổ tiền tiêu vặt.,,,
こつこつ,-,こつこつ,shinkanzen,こつこつと勉強しま<br>す。,Tôi sẽ học cặm cụi.,,,
こっせつ,Cốt Chiết,骨折,shinkanzen,彼は骨折しました。,Anh ấy bị gãy xương.,,,
こてん,Cổ Điển,古典,shinkanzen,古典文学を読みます。,Tôi đọc văn học cổ điển.,,,
こてんてき,Cổ Điển Đích,古典的,shinkanzen,古典的な建築です。,Đây là kiến trúc mangtính cổ điển.,,,
ことばづかい,Ngôn Diệp Khiển,言葉遣い,shinkanzen,丁寧な言葉遣いをしま<br>す。,Tôi sẽ dùng từ ngữ lịch sự.,,,
こどもあつかい,Tử Cung Tráp,子供扱い,shinkanzen,彼女はいつも私を子供扱いします。,Cô ấy lúc nào cũng đối xử với tôi như trẻ con.,,,
こどもづれ,Tử Cung Liên,子供連れ,shinkanzen,子供連れの家族が多いです。,Có nhiều gia đình mang theo con cái.,,,
このみ,Hảo,好み,shinkanzen,彼女の好みを知ってい<br>ます。,Tôi biết sở thích của cô ấy.,,,
コピー,-,コピー,shinkanzen,書類をコピーします。,Tôi sẽ sao chép tàiliệu.,,,
（ご）ふさい,Phu Thê,（ご）夫妻,shinkanzen,田中夫妻と会いまし た。,Tôi đã gặp vợ chồngông bà Tanaka.,,,
こぼす,-,こぼす,shinkanzen,コーヒーを<br>こぼしました。,Tôi đã làm đổ cà phê.,,,
こぼれる,-,こぼれる,shinkanzen,水がこぼれ<br>ました。,Nước đã đổ ra ngoài.,,,
コマーシャル,-,コマーシャル,shinkanzen,新しいコマーシャルを<br>見ました。,Tôi đã xem quảng cáo mới.,,,
コミュニケーション,-,コミュニケーション,shinkanzen,コミュニケ<br>ーションが大切です。,Giao tiếp rất quan trọng.,,,
～こむ,Nhập,～込む,shinkanzen,考え込む。,Suy nghĩ mãi.,,,
こや,Tiểu Ốc,小屋,shinkanzen,犬の小屋を作ります。,Tôi sẽ làm chuồng cho chó.,,,
ごらく,Ngu Lạc,娯楽,shinkanzen,映画は私の娯楽です。,Xem phim là một hình thức giải trícủa tôi.,,,
ごらくばんぐみ,Ngu Lạc Phiên Tổ,娯楽番組,shinkanzen,娯楽番組を見ます。,Tôi xem chương trình giải trí.,,,
ころしあう,Sát Hợp,殺し合う,shinkanzen,二つのグループが殺し合いまし<br>た。,Hai nhóm đã giết lẫn nhau.,,,
ころす,Sát,殺す,shinkanzen,彼は虫を殺しました。,Anh ấy đã giết con bọ.,,,
こん～,Kim,今～,shinkanzen,今学期は忙<br>しいです。,Học kỳ này tôi bận rộn.,,,
こんがっき,Kim Học Kỳ,今学期,shinkanzen,今学期は難<br>しいです。,Học kỳ này khó khăn.,,,
こんご,Kim Hậu,今後,shinkanzen,今後の予定を教えてください。,Hãy cho tôi biết kếhoạch sắp tới.,,,
こんざつ,Hỗn Tạp,混雑,shinkanzen,駅が混雑しています。,Nhà gađang đông đúc.,,,
こんシーズン,Kim,今シーズン,shinkanzen,今シーズンは優勝しま<br>した。,Mùa này chúng tôi đã vô địch.,,,
こんせいき,Kim Thế Kỷ,今世紀,shinkanzen,今世紀の大発見です。,Đây là phát hiện lớn của thế kỷ này.,,,
こんだて,Hiến Lập,献立,shinkanzen,今日の献立を決めま す。,Tôi sẽ quyết định thực đơn hôm nay.,,,
こんちゅう,Côn Trùng,昆虫,shinkanzen,昆虫を観察します。,Tôi sẽ quan sát côntrùng.,,,
コントロール,-,コントロール,shinkanzen,体重をコントロールし<br>ます。,Tôi sẽ kiểm soát cânnặng.,,,
こんねんど,Kim<br>Niên Độ,今年度,shinkanzen,今年度の予算を決めます。,Tôi sẽ quyết định ngânsách cho năm tàikhóa này.,,,
こんやく,Hôn Ước,婚約,shinkanzen,彼らは婚約しました。,Họ đã đính hôn.,,,
こんらん,Hỗn Loạn,混乱,shinkanzen,事故で交通<br>が混乱しました。,Giao thông bị hỗn loạn do tai nạn.,,,
さ～,Sai,差～,shinkanzen,差額を計算します。,Tôi sẽ tính toán chênh lệch.,,,
～さ,-,～さ,shinkanzen,高さを測り<br>ます。,Tôi sẽ đo chiều cao.,,,
さい～,Tái,再～,shinkanzen,再インストールしま<br>す。,Tôi sẽ cài đặt lại.,,,
さい～,Tối,最～,shinkanzen,最高の結果<br>を得ました。,Tôi đã đạt được kếtquả tốt nhất.,,,
さいインストール,Tái,再インストール,shinkanzen,パソコンを再インストールしま<br>す。,Tôi sẽ cài đặt lại máy tính.,,,
さいがい,Tai Hại,災害,shinkanzen,地震は大き<br>な災害です。,Động đất là một thiêntai lớn.,,,
ざいがくちゅう,Tại Học Trung,在学中,shinkanzen,私は大学在学中です。,Tôi đanghọc đại học.,,,
さいきどう,Tái Khởi Động,再起動,shinkanzen,コンピュー<br>タを再起動します。,Tôi sẽ khởi động lại máy tính.,,,
さいきん,Tế<br>Khuẩn,細菌,shinkanzen,細菌が増殖していま<br>す。,Vi khuẩn đang phát triển.,,,
さいこうきおん,Tối Cao Khí Ôn,最高気温,shinkanzen,今日の最高気温は 30度です。,Nhiệt độ cao nhấthôm nay là 30 độ.,,,
さいさん,Tái Tam,再三,shinkanzen,再三注意しました。,Tôi đã nhắcnhở nhiều lần.,,,
ざいせいてき,Tài Chính Đích,財政的,shinkanzen,財政的な支援が必要で<br>す。,Cần có sự hỗ trợ tài chính.,,,
さいぜんれつ,Tối Tiền Liệt,最前列,shinkanzen,最前列の席を予約しま<br>した。,Tôi đã đặt ghế ở hàng trên cùng.,,,
さいだい,Tối Đại,最大,shinkanzen,これは私の最大の努力<br>です。,Đây là nỗlực lớn nhất của tôi.,,,
さいていきおん,Tối Đê Khí Ôn,最低気温,shinkanzen,今日の最低気温は 10度です。,Nhiệt độ thấp nhấthôm nay là 10 độ.,,,
さいてん,Thải Điểm,採点,shinkanzen,先生が試験<br>を採点します。,Giáo viên sẽ chấm điểm bài thi.,,,
さいのう,Tài Năng,才能,shinkanzen,彼は音楽の<br>才能があります。,Anh ấy cótài năng âm nhạc.,,,
さいばい,Tài Bồi,栽培,shinkanzen,野菜を栽培します。,Tôi sẽ trồng rau.,,,
さいはつぼうし,Tái Phát Phòng Chỉ,再発防止,shinkanzen,再発防止の対策を考えます。,Tôi sẽ nghĩ ra biện pháp phòng chống táiphát.,,,
さいばん,Tài Phán,裁判,shinkanzen,裁判が始まりました。,Phiên tòa đã bắt đầu.,,,
さいばんかん,Tài Phán Quan,裁判官,shinkanzen,裁判官が判<br>決を下します。,Thẩm phán sẽ đưa raphán quyết.,,,
さいばんしょ,Tài Phán Sở,裁判所,shinkanzen,裁判所に行きます。,Tôi sẽ điđến tòa án.,,,
さいほう,Tài Phùng,裁縫,shinkanzen,母は裁縫が<br>得意です。,Mẹ tôi giỏi may vá.,,,
さいほうそう,Tái Phóng Tống,再放送,shinkanzen,昨日のドラマを再放送します。,Phát lại bộ phim truyền hình hômqua.,,,
ざいむしょう,Tài Vụ Tướng,財務相,shinkanzen,財務相が予算案を提出しました。,Bộ trưởng Bộ Tài chính đã trình dự thảo ngânsách.,,,
ざいむしょう,Tài Vụ Tỉnh,財務省,shinkanzen,財務省に勤めていま<br>す。,Tôi làmviệc tại Bộ Tài chính.,,,
さいゆうせん,Tối Ưu Tiên,最優先,shinkanzen,最優先で処理します。,Tôi sẽ xử lý ưu tiênnhất.,,,
さいゆうりょく,Tối Hữu Lực,最有力,shinkanzen,彼が最有力候補です。,Anh ấy là ứng cử viên có thế lựcnhất.,,,
さかえる,Vinh,栄える,shinkanzen,この町は栄<br>えています。,Thị trấn này đang thịnh vượng.,,,
さがしまわる,Thám Hồi,探し回る,shinkanzen,鍵を探し回りました。,Tôi đã tìmchìa khóa khắp nơi.,,,
さからう,Nghịch,逆らう,shinkanzen,親に逆らい<br>ます。,Tôi chống lại bố mẹ.,,,
～さき,Tiên,～先,shinkanzen,旅行先を決めます。,Tôi sẽ quyết định điểmđến du lịch.,,,
さぎ,Trá Khi,詐欺,shinkanzen,詐欺に遭わないように気をつけま<br>す。,Tôi sẽ cẩn thận để không bịlừa đảo.,,,
さくいん,Tác Dẫn,索引,shinkanzen,本の索引を見ます。,Tôi sẽ xem mục lục của cuốn sách.,,,
さくげん,Tước Giảm,削減,shinkanzen,経費を削減します。,Tôi sẽ cắt giảm chi phí.,,,
さくじょ,Tước Trừ,削除,shinkanzen,古いファイ<br>ルを削除します。,Tôi sẽ xóa các tệp cũ.,,,
さくせい,Tác<br>Thành,作成,shinkanzen,報告書を作成します。,Tôi sẽ soạn thảo báo cáo.,,,
さくもつ,Tác Vật,作物,shinkanzen,畑で作物を育てます。,Tôi sẽ trồng cây trồng ở ruộng.,,,
さける,Tỵ,避ける,shinkanzen,混雑を避け<br>ます。,Tôi sẽ tránh đám đông.,,,
さし～,Sai,差し～,shinkanzen,差し支えます。,Không có vấn đề gì.,,,
さしおさえる,Sai Áp,差し押さえる,shinkanzen,裁判所が財産を差し押<br>さえました。,Tòa án đã tịch thu tài sản.,,,
さしかかる,Sai,差しかかる,shinkanzen,橋に差しかかります。,Tôi đang đi đến cầu.,,,
さしだす,Sai Xuất,差し出す,shinkanzen,手紙を差し出します。,Tôi sẽ gửi thư.,,,
さしつかえない,Sai Chi,差し支えない,shinkanzen,差し支えなければ教えてくださ い。,"Nếu không có vấn đề gì, xin vuilòng cho biết.",,,
さしひく,Sai Dẫn,差し引く,shinkanzen,税金を差し<br>引きます。,Tôi sẽ khấu trừ thuế.,,,
さしみ,Thích Thân,刺身,shinkanzen,刺身が好きです。,Tôi thíchmón sashimi.,,,
ざせき,Tọa Tịch,座席,shinkanzen,劇場の座席<br>を予約します。,Tôi sẽ đặt chỗ ngồi ở nhà hát.,,,
さだめる,Định,定める,shinkanzen,規則を定めます。,Tôi sẽ thiết lập quy định.,,,
さつえい,Toát Ảnh,撮影,shinkanzen,映画を撮影します。,Tôi sẽ quay phim.,,,
さつえいじょ,Toát Ảnh Sở,撮影所,shinkanzen,映画の撮影所に行きま<br>す。,Tôi sẽ đến trường quay phim.,,,
さっか,Tác Gia,作家,shinkanzen,彼は有名な作家です。,Anh ấy làmột nhà văn nổi tiếng.,,,
さっさと,-,さっさと,shinkanzen,さっさと帰ります。,Tôi sẽ về nhanh chóng.,,,
さつじんじけん,Sát Nhân Sự Kiện,殺人事件,shinkanzen,殺人事件が発生しまし<br>た。,Đã xảy ra vụ giết người.,,,
さっそく,Tảo Tốc,早速,shinkanzen,早速、仕事に取り掛かります。,Tôi sẽ bắt tay vào công việc ngay lập tức.,,,
ざっと,-,ざっと,shinkanzen,ざっと目を通します。,Tôi sẽ xem lướt qua.,,,
さっぱり,-,さっぱり,shinkanzen,シャワーを浴びてさっぱりしまし<br>た。,Tôi tắm xong cảm thấy sảng khoái.,,,
さばく,Sa Mạc,砂漠,shinkanzen,砂漠を横断します。,Tôi sẽ băng qua sa mạc.,,,
さばくか,Sa Mạc Hóa,砂漠化,shinkanzen,砂漠化が進んでいま<br>す。,Sa mạc hóa đang tiếntriển.,,,
さびしさ,Tịch,寂しさ,shinkanzen,友達がいなくて寂しさを感じま<br>す。,Tôi cảm thấy buồn vì không cóbạn bè.,,,
さほう,Tác Pháp,作法,shinkanzen,作法を学びます。,Tôi sẽ học nghi thức.,,,
サポート,-,サポート,shinkanzen,技術サポー<br>トを受けます。,Tôi sẽ nhận hỗ trợ kỹ thuật.,,,
サボる,-,サボる,shinkanzen,学校をサボります。,Tôi sẽ trốn học.,,,
さます,Lãnh,冷ます,shinkanzen,お茶を冷まします。,Tôi sẽ để nguội trà.,,,
さめる,Lãnh,冷める,shinkanzen,スープが冷<br>めました。,Súp đã nguội.,,,
さらに,Canh,更に,shinkanzen,更に努力します。,Tôi sẽ cố gắng hơn nữa.,,,
さわがしい,Tao,騒がしい,shinkanzen,部屋が騒がしいです。,Phòng ồn ào.,,,
さん,Sản,～産,shinkanzen,日本産のリンゴです。,Táo sản xuất tạiNhật Bản.,,,
さんぎょうべつ,Sản<br>Nghiệp Biệt,産業別,shinkanzen,産業別の統計を見ま す。,Tôi sẽ xem thống kê theo từng ngành.,,,
さんこう～,Tham Khảo,参考～,shinkanzen,参考資料を読みます。,Tôi sẽ đọctài liệu tham khảo.,,,
さんこうしょ,Tham Khảo Thư,参考書,shinkanzen,試験のための参考書を<br>買いました。,Tôi đã mua sách tham khảo để ôn thi.,,,
さんこうぶんけん,Tham Khảo Văn Hiến,参考文献,shinkanzen,研究に参考文献を使います。,Tôi sẽ sử dụng tài liệu tham khảo cho nghiên cứu.,,,
さんしゅつりょう,Sản Xuất Lượng,産出量,shinkanzen,今年の米の産出量が増えました。,Lượng sản xuất gạonăm nay tăng lên.,,,
さんせだい,Tam Thế Đại,三世代,shinkanzen,私たちは三世代同居しています。,Chúng tôi sống cùngnhau ba thế hệ.,,,
さんにんしまい,Tam<br>Nhân Tỷ Muội,三人姉妹,shinkanzen,彼女たちは三人姉妹で<br>す。,Họ là ba chị em.,,,
さんにんづれ,Tam Nhân Liên,三人連れ,shinkanzen,私たちは三人連れで旅行しまし<br>た。,Chúng tôiđã đi du lịch cùng ba người.,,,
サンプル,-,サンプル,shinkanzen,新商品のサンプルをもらいまし<br>た。,Tôi đã nhận được mẫusản phẩm mới.,,,
し,Thị,～氏,shinkanzen,山田氏にお会いしまし<br>た。,Tôi đã gặp ông Yamada.,,,
し,Sĩ,～士,shinkanzen,弁護士と相談します。,Tôi sẽ tưvấn với luật sư.,,,
し,Sư,～師,shinkanzen,彼は教師です。,Anh ấy là giáo viên.,,,
じ,Nhi,～児,shinkanzen,幼児教育が大切です。,Giáo dục trẻem rất quan trọng.,,,
しあがる,Sĩ<br>Thượng,仕上がる,shinkanzen,レポートが仕上がりま<br>した。,Báo cáo đã hoàn thành.,,,
しいく,Tự Dục,飼育,shinkanzen,鶏を飼育し<br>ています。,Tôi đang nuôi gà.,,,
シーズン,-,シーズン,shinkanzen,花見のシー<br>ズンです。,Đây là mùa ngắm hoa.,,,
しいる,Cường,強いる,shinkanzen,彼は仕事を強いられま<br>した。,Anh ấy bị ép làm việc.,,,
じえいぎょう,Tự Doanh Nghiệp,自営業,shinkanzen,彼は自営業<br>をしています。,Anh ấy làm nghề tự do.,,,
しおからい,Diêm Tân,塩辛い,shinkanzen,このスープ<br>は塩辛いです。,Món súp này mặn.,,,
じかんわり,Thời<br>Gian Cát,時間割,shinkanzen,新しい時間割をもらいました。,Tôi đã nhận được thờikhóa biểu mới.,,,
しき,Thức,～式,shinkanzen,結婚式に出<br>席します。,Tôi sẽ tham dự lễ cưới.,,,
しきゅう,Khẩn Cấp,至急,shinkanzen,至急の連絡<br>を待っています。,Tôi đang chờ liên lạc khẩn cấp.,,,
しきょうひん,Thí Cung Phẩm,試供品,shinkanzen,試供品をも<br>らいました。,Tôi đã nhận được hàng dùng thử.,,,
しきりに,-,しきりに,shinkanzen,彼はしきりに話しかけてきます。,Anh ấy liên tục nóichuyện với tôi.,,,
しきん,Tư Kim,資金,shinkanzen,資金を集めます。,Tôi sẽ huy động vốn.,,,
しげん,Tư<br>Nguyên,～資源,shinkanzen,水資源を大切にしま す。,Tôi sẽ bảo vệ tàinguyên nước.,,,
じけん,Sự Kiện,～事件,shinkanzen,犯罪事件が<br>発生しました。,Đã xảy ra vụ án hình sự.,,,
じごく,Địa Ngục,地獄,shinkanzen,地獄のよう<br>な生活です。,Cuộc sống như địangục.,,,
しごとなかま,Sĩ Sự Trọng Gian,仕事仲間,shinkanzen,仕事仲間と食事をしま<br>す。,Tôi sẽ ăn tối với đồng nghiệp.,,,
しごとぶり,Sĩ Sự,仕事ぶり,shinkanzen,彼の仕事ぶりは素晴らしいです。,Phong cách làm việccủa anh ấy thật tuyệt vời.,,,
しさん,Tư Sản,資産,shinkanzen,資産を管理<br>します。,Tôi sẽ quản lý tài sản.,,,
しじ,Chỉ Thị,指示,shinkanzen,上司の指示に従いま す。,Tôi sẽ tuân theo chỉ thị của sếp.,,,
じしゅう,Tự Tập,自習,shinkanzen,自習室で勉強します。,Tôi sẽ học trong phòngtự học.,,,
しじょう,Thị Trường,市場,shinkanzen,株式市場をチェックします。,Tôi sẽ kiểm tra thị trường chứngkhoán.,,,
システム,-,システム,shinkanzen,新しいシステムを導入します。,Tôi sẽ đưa vào sử dụng hệ thốngmới.,,,
しずまる,Tĩnh,静まる,shinkanzen,会場が静ま<br>りました。,Hội trường đã im lặng.,,,
しずむ,Trầm,沈む,shinkanzen,船が沈みました。,Con tàu đã chìm.,,,
しずめる,Tĩnh,静める,shinkanzen,子供を静めます。,Tôi sẽ làm cho đứa trẻ im lặng.,,,
しせい,Tư Thế,姿勢,shinkanzen,正しい姿勢で座りま<br>す。,Tôi sẽ ngồi đúng tư thế.,,,
じぜん,Sự Tiền,事前,shinkanzen,事前に準備します。,Tôi sẽ chuẩn bị trước.,,,
しぜんかがく,Tự<br>Nhiên<br>Khoa Học,自然科学,shinkanzen,自然科学を学びます。,Tôi sẽ học khoa học tự nhiên.,,,
しぜんかんきょう,Tự<br>Nhiên Hoàn Cảnh,自然環境,shinkanzen,自然環境を守ります。,Tôi sẽ bảo vệ môi trường tựnhiên.,,,
しぜんはかい,Tự<br>Nhiên Phá Hoại,自然破壊,shinkanzen,自然破壊を防ぎます。,Tôi sẽ ngăn chặn phá hủy môi trường.,,,
しぜんほご,Tự<br>Nhiên Bảo Hộ,自然保護,shinkanzen,自然保護活動に参加します。,Tôi sẽ tham gia các hoạt động bảo vệthiên nhiên.,,,
しそん,Tử Tôn,子孫,shinkanzen,子孫に遺産<br>を残します。,Tôi sẽ để lại di sản cho con cháu.,,,
しだいに,Thứ Đệ,次第に,shinkanzen,病気が次第に良くなり<br>ます。,Bệnh tình dần dần cải thiện.,,,
したがう,Tùng,従う,shinkanzen,規則に従います。,Tôi sẽ tuân theo quytắc.,,,
したしい,Thân,親しい,shinkanzen,彼女は私の<br>親しい友人です。,Cô ấy là bạn thân của tôi.,,,
したしみ,Thân,親しみ,shinkanzen,彼の親しみやすい性格<br>が好きです。,Tôi thích tính cách thân thiệncủa anh ấy.,,,
したしむ,Thân,親しむ,shinkanzen,自然と親しむ。,Làm quen với thiên nhiên.,,,
しつ,Chất,質,shinkanzen,商品の質が高いです。,Chất lượng sản phẩm cao.,,,
じっか,Thực Gia,実家,shinkanzen,実家に帰ります。,Tôi sẽ về nhà mẹ đẻ.,,,
しつぎょう,Thất<br>Nghiệp,失業,shinkanzen,彼は失業中です。,Anh ấyđang thất nghiệp.,,,
しつぎょうりつ,Thất<br>Nghiệp Suất,失業率,shinkanzen,失業率が上昇していま<br>す。,Tỷ lệ thất nghiệp đang tăng.,,,
じっくり,-,じっくり,shinkanzen,じっくり考えます。,Tôi sẽ suy nghĩ kỹcàng.,,,
じっけん,Thực<br>Nghiệm,実験,shinkanzen,新しい方法を実験します。,Tôi sẽ thử nghiệm phươngpháp mới.,,,
しつこい,-,しつこい,shinkanzen,彼はしつこく質問しま<br>す。,Anh ấy hỏi dai dẳng.,,,
じっし,Thực Thi,実施,shinkanzen,新しい計画を実施しま<br>す。,Tôi sẽ thực hiện kếhoạch mới.,,,
しつど,Thấp Độ,湿度,shinkanzen,湿度が高い<br>です。,Độ ẩm cao.,,,
しっとり,-,しっとり,shinkanzen,このクリームで肌がし<br>っとりします。,Kem nàylàm da mịn màng.,,,
じつに,Thực,実に,shinkanzen,実に素晴らしいです。,Thật làtuyệt vời.,,,
しっぴつ,Chấp Bút,執筆,shinkanzen,新しい本を執筆しま<br>す。,Tôi sẽ viết một cuốn sách mới.,,,
しつぼう,Thất Vọng,失望,shinkanzen,試験に落ち<br>て失望しました。,Tôi đã thất vọng vìtrượt kỳ thi.,,,
じつようか,Thực Dụng Hóa,実用化,shinkanzen,新技術が実用化されました。,Công nghệ mới đãđược ứng dụng thực tế.,,,
しつれん,Thất Luyến,失恋,shinkanzen,彼は失恋し<br>ました。,Anh ấy đã thất tình.,,,
してい,Chỉ Định,指定,shinkanzen,指定席を予約します。,Tôi sẽ đặt ghế chỉ định.,,,
しどう,Chỉ Đạo,指導,shinkanzen,先生が指導<br>してくれます。,Giáo viên sẽ hướng dẫn cho tôi.,,,
じどう,Nhi Đồng,児童,shinkanzen,児童館に行きます。,Tôi sẽ đến nhà văn hóa thiếu nhi.,,,
じねんど,Thứ<br>Niên Độ,次年度,shinkanzen,次年度の計画を立てます。,Tôi sẽ lập kế hoạch cho nămtiếp theo.,,,
しはい,Chi Phối,支配,shinkanzen,国を支配し<br>ます。,Tôi sẽ thống trị đất nước.,,,
しばい,Chi Cư,芝居,shinkanzen,芝居を見に<br>行きます。,Tôi sẽ đi xem kịch.,,,
しばしば,-,しばしば,shinkanzen,しばしば訪れます。,Tôi thường đến thăm.,,,
しはらい,Chi Phất,支払い,shinkanzen,支払いを済ませます。,Tôi sẽ thanh toán.,,,
しはらう,Chi Phất,支払う,shinkanzen,電気代を支<br>払います。,Tôi sẽ trả tiền điện.,,,
しばる,Phược,縛る,shinkanzen,手を縛ります。,Tôi sẽ buộc tay lại.,,,
じばん,Địa Bàn,地盤,shinkanzen,家の地盤を調査しま す。,Tôi sẽ kiểm tra nền đất của ngôinhà.,,,
しびれる,-,しびれる,shinkanzen,足がしびれ<br>ました。,Chân tôi bị tê.,,,
しぼうじこ,Tử Vong Sự Cố,死亡事故,shinkanzen,交通事故で死亡事故が発生しました。,Đã xảy ratai nạn chết người trong vụ tai nạn giao thông.,,,
しぼる,Giảo,絞る,shinkanzen,タオルを絞<br>ります。,Tôi sẽ vắt khăn.,,,
しぼる,Trá,搾る,shinkanzen,牛乳を搾り<br>ます。,Tôi sẽ vắt sữa bò.,,,
しほんきん,Tư Bản Kim,資本金,shinkanzen,新しい会社に資本金を<br>投資します。,Tôi sẽ đầu tư tiền vốn vào công ty mới.,,,
しまもよう,Mô Dạng,しま模様,shinkanzen,しま模様の<br>シャツを着ます。,Tôi sẽ mặc áo sơ misọc.,,,
じまん,Tự Mãn,自慢,shinkanzen,彼は自分の車を自慢します。,Anh ấy tựhào về chiếc xe củamình.,,,
じみ,Địa Vị,地味,shinkanzen,彼の服装は地味です。,Trang phụccủa anh ấy giản dị.,,,
しみこむ,Nhiễm Nhập,染み込む,shinkanzen,雨水が土に<br>染み込みます。,Nước mưa ngấm vào đất.,,,
しみじみ,-,しみじみ,shinkanzen,彼の話にしみじみと感じます。,Tôi cảm thấy thấmthía với câu chuyện của anh ấy.,,,
しみる,Nhiễm,染みる,shinkanzen,涙が目に染みます。,Nước mắt thấm vào mắt.,,,
～しむ,-,～しむ,shinkanzen,楽しみま<br>す。,Tôi sẽ tận hưởng.,,,
じめじめ,-,じめじめ,shinkanzen,部屋がじめ<br>じめしています。,Phòng ẩm ướt.,,,
しゃ,Giả,～者,shinkanzen,学者と話します。,Tôi sẽ nói chuyện với học giả.,,,
ジャーナリスト,-,ジャーナリスト,shinkanzen,ジャーナリストにインタビューさ<br>れます。,Tôi được phỏng vấn bởi phóng viên.,,,
シャイ,-,シャイ,shinkanzen,彼はシャイです。,Anh ấy xấu hổ.,,,
しゃかいかがく,Xã Hội Khoa Học,社会科学,shinkanzen,社会科学を学びます。,Tôi sẽ học khoa học xã hội.,,,
しゃがむ,-,しゃがむ,shinkanzen,子供がしゃ<br>がんでいます。,Đứa trẻđang ngồi xổm.,,,
じゃっかん,Nhược Can,若干,shinkanzen,若干の変更がありま<br>す。,Có một chút thay đổi.,,,
しゃっきん,Tá Kim,借金,shinkanzen,借金を返します。,Tôi sẽ trả nợ.,,,
しゃっくり,-,しゃっくり,shinkanzen,しゃっくりが止まりま<br>せん。,Tôi không ngừng nấc.,,,
しゃぶる,-,しゃぶる,shinkanzen,飴をしゃぶります。,Tôi sẽ mút kẹo.,,,
しゃれ,-,しゃれ,shinkanzen,Anh ấy diện áo mới.,彼はおしゃれです。,,,
ジャンル,-,ジャンル,shinkanzen,音楽のジャンルが好き<br>です。,Tôi thích thể loại nhạc.,,,
しゅ～,Chủ,主～,shinkanzen,主産業は農業です。,Ngành chính là nôngnghiệp.,,,
じゅう～,Trọng,重,shinkanzen,重作業が必要です。,Cần có công việc nặng.,,,
しゅうあけ,Chu Minh,週明け,shinkanzen,週明けに会議がありま<br>す。,Có cuộc họp vào đầu tuần.,,,
しゅうい,Chu Vi,周囲,shinkanzen,周囲の人々に感謝します。,Cảm ơn nhữngngười xung quanh.,,,
しゅうかくりょう,Thu<br>Hoạch Lượng,収穫量,shinkanzen,今年の収穫量が増えました。,Sản lượng thu hoạch năm naytăng lên.,,,
しゅうき,Chu Kỳ,周期,shinkanzen,月の周期を<br>観察します。,Quan sát chu kỳ của mặt trăng.,,,
じゅうきんぞく,Trọng Kim Chúc,重金属,shinkanzen,鉛は重金属<br>の一種です。,Chì là một loại kimloại nặng.,,,
じゅうこうぎょう,Trọng Công Nghiệp,重工業,shinkanzen,重工業の発展が重要です。,Phát triển công nghiệp nặng làquan trọng.,,,
しゅうし,Chung Thủy,終始,shinkanzen,彼は終始静かでした。,Anh ấy đã im lặng từ đầu đếncuối.,,,
じゅうし,Trọng Thị,重視,shinkanzen,安全を重視します。,Tôi sẽ coi trọng an toàn.,,,
しゅうしゅう,Thu Tập,収集,shinkanzen,情報を収集します。,Tôi sẽ thu thập thông tin.,,,
しゅうしょく,Tựu Chức,就職,shinkanzen,大学を卒業して就職します。,Tôi sẽ xinviệc sau khi tốt nghiệp đại học.,,,
しゅうしょくかつどう,Tựu Chức Hoạt Động,就職活動,shinkanzen,就職活動が順調です。,Hoạt động xin việc của tôi đang diễn ra suôn sẻ.,,,
しゅうせい,Tu Chính,修正,shinkanzen,書類を修正します。,Tôi sẽ chỉnh sửa tài liệu.,,,
じゅうたくがい,Trụ Trạch Nhai,住宅街,shinkanzen,住宅街に引っ越しま<br>す。,Tôi sẽchuyển đến khu ở.,,,
じゅうでんき,Sung<br>Điện Khí,充電器,shinkanzen,新しい充電<br>器を買います。,Tôi sẽ mua dụng cụ sạc điện mới.,,,
しゅうにゅう,Thu Nhập,収入,shinkanzen,収入を増やします。,Tôi sẽ tăng thu nhập.,,,
しゅうにん,Tựu<br>Nhiệm,就任,shinkanzen,新しい社長が就任しま<br>した。,Giám đốc mới đãnhậm chức.,,,
しゅうへん,Chu Biên,周辺,shinkanzen,家の周辺を<br>散歩します。,Tôi sẽ đi dạo quanh nhà.,,,
じゅうみんだんたい,Trụ Dân Đoàn<br>Thể,住民団体,shinkanzen,住民団体の活動に参加します。,Tôi sẽ tham gia vào các hoạt động của đoànthể người dân.,,,
じゅうやく,Trọng Dịch,重役,shinkanzen,彼は会社の重役です。,Anh ấy là thành viên ban giám đốc củacông ty.,,,
じゅうらい,Tòng Lai,従来,shinkanzen,従来の方法を使いま す。,Tôi sẽ sử dụng phươngpháp truyền thống.,,,
じゅうらいどおり,Tòng Lai Thông,従来通り,shinkanzen,従来通りのやり方で進<br>めます。,Tôi sẽ tiến hành theo,,,
しゅうり,Tu Lý,修理,shinkanzen,車を修理します。,Tôi sẽ sửa chữa xe.,,,
しゅうりょう,Chung Liễu,終了,shinkanzen,会議が終了しました。,Cuộc họpđã kết thúc.,,,
じゅうろうどう,Trọng Lao Động,重労働,shinkanzen,重労働に従事します。,Tôi sẽ tham gia vào lao động nặngnhọc.,,,
しゅくしょう,Súc Tiểu,縮小,shinkanzen,予算を縮小します。,Tôi sẽ thunhỏ ngân sách.,,,
しゅくはく,Túc Bạc,宿泊,shinkanzen,旅館に宿泊します。,Tôi sẽ trọ lại ở nhà nghỉ.,,,
しゅくはくりょう,Túc Bạc Liệu,宿泊料,shinkanzen,宿泊料を払います。,Tôi sẽ trả tiền trọ.,,,
しゅげんりょう,Chủ<br>Nguyên Liệu,主原料,shinkanzen,この料理の主原料は魚です。,Nguyên liệu chính của món này là cá.,,,
しゅざい,Thủ Tài,取材,shinkanzen,新聞の取材<br>を受けます。,Tôi sẽ nhận phỏng vấn báo chí.,,,
しゅさんち,Chủ Sản Địa,主産地,shinkanzen,日本の米の主産地で す。,Đây là vùng sản xuất chính củagạo Nhật Bản.,,,
しゅしょう,Thủ Tướng,首相,shinkanzen,日本の首相が訪米しま<br>した。,Thủ tướng Nhật Bản đã thăm Mỹ.,,,
じゅしょう,Thụ<br>Thưởng,受賞,shinkanzen,彼が文学賞を受賞しました。,Anh ấy đã nhận giải thưởng vănhọc.,,,
じゅしん,Thụ Tín,受信,shinkanzen,メールを受<br>信します。,Tôi sẽ nhận email.,,,
しゅせいぶん,Chủ<br>Thành Phần,主成分,shinkanzen,この薬の主成分はハーブです。,Thành phần chính củathuốc này là thảo dược.,,,
しゅちょう,Chủ Trương,主張,shinkanzen,自分の意見<br>を主張します。,Tôi sẽkhẳng định ý kiến của mình.,,,
しゅっか,Xuất Hà,出荷,shinkanzen,工場から商<br>品を出荷します。,Tôi sẽ xuất hàng từ nhà máy.,,,
しゅっさんひよう,Xuất Sản Phí Dụng,出産費用,shinkanzen,病院での出産費用が高<br>いです。,Chi phí sinh đẻ ở bệnh viện cao.,,,
しゅつじょう,Xuất Trường,出場,shinkanzen,オリンピッ<br>クに出場します。,Tôi sẽ tham gia Olympic.,,,
しゅっしょうとどけ,Xuất Sinh Giới,出生届,shinkanzen,出生届を提出します。,Tôi sẽ nộp giấy khai sinh.,,,
しゅっちょう,Xuất Trương,出張,shinkanzen,会社のため<br>に出張します。,Tôi sẽ đi công tác vì công ty.,,,
しゅと,Thủ Đô,首都,shinkanzen,東京は日本の首都で す。,Tokyo là thủ đô của Nhật Bản.,,,
しゅのう,Thủ Não,首脳,shinkanzen,各国の首脳が集まりました。,Các lãnh đạo quốc gia đã tụhọp.,,,
じゅよう,Nhu Yếu,需要,shinkanzen,市場の需要が高いで<br>す。,Nhu cầu thị trường cao.,,,
じゅわき,Thụ Thoại<br>Khí,受話器,shinkanzen,受話器を取ります。,Tôi sẽ cầm ống nghe.,,,
じゅんすい,Thuần Túy,純粋,shinkanzen,彼は純粋な<br>心を持っています。,Anh ấy có trái timthuần khiết.,,,
じゅんちょう,Thuận Điều,順調,shinkanzen,計画が順調に進んでいます。,Kế hoạch đang tiếntriển thuận lợi.,,,
しょ～,Chư,諸～,shinkanzen,諸問題を解決します。,Tôi sẽ giải quyết các vấn đề.,,,
しょ,Sở,～所,shinkanzen,事務所に行<br>きます。,Tôi sẽ đến văn phòng.,,,
しょ,Thự,～署,shinkanzen,警察署に行<br>きます。,Tôi sẽ đến sở cảnh sát.,,,
しょう～,Thiểu,少～,shinkanzen,少人数のクラスです。,Đây là lớp học ít người.,,,
しょう,Tỉnh,～省,shinkanzen,文部科学省に勤めています。,Tôi làm việc ở BộGiáo dục và Khoa học.,,,
しょう,Tướng,～相,shinkanzen,外務相が訪<br>問しました。,Bộ trưởng ngoại giao đã thăm.,,,
しょう,Chứng,～証,shinkanzen,身分証明書を見せま す。,Tôi sẽ trình thẻ chứng minh nhândân.,,,
じょう,Tràng,～場,shinkanzen,駐車場に車を止めま<br>す。,Tôi sẽ đỗ xe ở bãi đỗ xe.,,,
じょう,Trạng,～状,shinkanzen,招待状を受け取りまし<br>た。,Tôi đã nhận được giấy mời.,,,
しょうか,Tiêu Hóa,消化,shinkanzen,食べ物をよ<br>く消化します。,Tôi sẽ tiêu hóa thức ăn tốt.,,,
しょうかき,Tiêu Hỏa Khí,消火器,shinkanzen,消火器を使います。,Tôi sẽ dùng bình chữa cháy.,,,
しょうがくきん,Tưởng<br>Học Kim,奨学金,shinkanzen,奨学金をもらいまし た。,Tôi đã nhận được học bổng.,,,
じょうきゃく,Thừa Khách,乗客,shinkanzen,電車の乗客が多いで<br>す。,Hành khách trên tàu rất đông.,,,
しょうきょ,Tiêu Khứ,消去,shinkanzen,データを消<br>去します。,Tôi sẽ xóa dữ liệu.,,,
しょうきょくてき,Tiêu Cực Đích,消極的,shinkanzen,彼は消極的な人です。,Anh ấy là người tiêu cực.,,,
しょうきん,Thưởng Kim,賞金,shinkanzen,大会で賞金をもらいました。,Tôi đã nhận được tiền thưởng từcuộc thi.,,,
しょうげきてき,Xung Kích Đích,衝撃的,shinkanzen,そのニュースは衝撃的<br>でした。,Tin tức đó thật sốc.,,,
しょうげん,Chứng Ngôn,証言,shinkanzen,彼が証言します。,Anh ấy sẽ làm chứng.,,,
しょうこ,Chứng Cớ,証拠,shinkanzen,警察に証拠を提出します。,Tôi sẽ nộp chứng cớ cho cảnhsát.,,,
しょうごすぎ,Chính Ngọ Quá,正午過ぎ,shinkanzen,正午過ぎに<br>出発します。,Tôi sẽ khởi hành sau 12 giờ trưa.,,,
しょうさい,Tường Tế,詳細,shinkanzen,詳細を教えてくださ い。,Xin hãy cho biết chi tiết.,,,
じょうし,Thượng Ty,上司,shinkanzen,上司に報告します。,Tôi sẽ báo cáo với sếp.,,,
じょうしゃ,Thừa Xa,乗車,shinkanzen,バスに乗車します。,Tôi sẽ lên xe buýt.,,,
じょうじゅん,Thượng Tuần,上旬,shinkanzen,1 月の上旬に旅行します。,Tôi sẽ đi du lịch vào thượng tuần tháng 1.,,,
しょうしょう,Thiểu Thiểu,少々,shinkanzen,少々お待ち<br>ください。,Xin hãy chờ,,,
しょうしょう,Thiểu Thiểu,少々,shinkanzen,少々お待ちください。,Xin hãy chờ một chút.,,,
しょうじょう,Chứng Trạng,症状,shinkanzen,風邪の症状<br>があります。,Tôi có triệu chứng cảm cúm.,,,
じょうしょう,Thượng Thăng,上昇,shinkanzen,物価が上昇していま<br>す。,Giá cả đang tăng lên.,,,
しようずみ,Sử Dụng Tế,使用済み,shinkanzen,使用済みのバッテリーを捨てま<br>す。,Tôi sẽ vứt pin đã sử dụng xong.,,,
しょうだく,Thừa Nặc,承諾,shinkanzen,彼の提案を承諾しま<br>す。,Tôi đồng ý với đề xuất của anh ấy.,,,
じょうたつ,Thượng Đạt,上達,shinkanzen,日本語が上<br>達しました。,Tiếng Nhật của tôi đãtiến bộ.,,,
しょうてんがい,Thương Điếm Nhai,商店街,shinkanzen,商店街を歩きます。,Tôi sẽ đi bộ qua khu phố thương mại.,,,
しょうどく,Tiêu Độc,消毒,shinkanzen,手を消毒し<br>ます。,Tôi sẽ khử trùng tay.,,,
しょうとつ,Xung Đột,衝突,shinkanzen,車が衝突しました。,Xe đã va chạm.,,,
しょうはい,Thắng Bại,勝敗,shinkanzen,勝敗が決まりました。,Kết quả thắng thua đã đượcquyết định.,,,
しょうひ,Tiêu Phí,消費,shinkanzen,エネルギーを消費しま<br>す。,Tôi sẽ tiêu thụ năng lượng.,,,
しょうひしゃ,Tiêu Phí Giả,消費者,shinkanzen,消費者の意見を聞きます。,Tôi sẽ lắng nghe ý kiến của ngườitiêu dùng.,,,
しょうひん,Thưởng Phẩm,賞品,shinkanzen,賞品を受け取ります。,Tôi sẽ nhận giải thưởng.,,,
しょうぶ,Thắng Phụ,勝負,shinkanzen,彼と勝負します。,Tôi sẽ thiđấu với anh ấy.,,,
じょうぶ,Trượng Phu,丈夫,shinkanzen,このカバンは丈夫で す。,Cái túi này rất bền.,,,
じょうほう,Tình Báo,情報,shinkanzen,最新の情報を提供します。,Tôi sẽ cung cấp thôngtin mới nhất.,,,
しょうぼうし,Tiêu Phòng Sĩ,消防士,shinkanzen,消防士が火を消しま<br>す。,Nhân viên cứu hỏa sẽ dập lửa.,,,
しょうぼうしょ,Tiêu Phòng Thự,消防署,shinkanzen,消防署に通報します。,Tôi sẽ báo cáo với sở cứu hỏa.,,,
しょうめい,Chứng Minh,証明,shinkanzen,身分を証明します。,Tôi sẽ chứng minhdanh tính.,,,
じょうやく,Điều Ước,条約,shinkanzen,新しい条約<br>が結ばれました。,Hiệp định mới đãđược ký kết.,,,
しょうゆ,-,しょう油,shinkanzen,しょう油を<br>料理に使います。,Tôi sẽ dùng xì dầu trong nấu ăn.,,,
しょうりょう,Thiểu Lượng,少量,shinkanzen,少量の塩を加えます。,Tôi sẽ thêm một chútmuối.,,,
しょく,Chức,～職,shinkanzen,医職に就い<br>ています。,Tôi đang làm việc trong ngành y.,,,
しょくば,Chức Trường,職場,shinkanzen,職場の環境<br>がいいです。,Môi trường làm việc rất tốt.,,,
しょくぶつ,Thực Vật,植物,shinkanzen,庭に多くの植物があり<br>ます。,Có nhiều cây cối trong vườn.,,,
しょくみんち,Thực<br>Dân Địa,植民地,shinkanzen,この国はか<br>つて植民地でした。,Quốc gianày từng là thuộc địa.,,,
しょくよく,Thực Dục,食欲,shinkanzen,最近、食欲がありませ<br>ん。,"Gần đây, tôi không muốn ăn.",,,
しょくりょう,Thực Lương,食糧,shinkanzen,非常食として食糧を保存します。,Tôi sẽ dự trữ thựcphẩm làm đồ ăn khẩn cấp.,,,
じょげん,Trợ Ngôn,助言,shinkanzen,彼の助言に従います。,Tôi sẽ tuân theo lờikhuyên của anh ấy.,,,
しょじじょう,Chư Sự Tình,諸事情,shinkanzen,諸事情により遅れま す。,Tôi sẽ trễ vì nhiều lý do.,,,
しょじゅん,Sơ Tuần,初旬,shinkanzen,3 月の初旬に旅行しま<br>す。,Tôi sẽ đi du lịch vào đầu tháng 3.,,,
じょじょに,Từ Từ,徐々に,shinkanzen,痛みが徐々に和らぎま<br>す。,Đau đớn sẽ từ từ giảm bớt.,,,
しょせき,Thư Tịch,書籍,shinkanzen,古い書籍を集めていま<br>す。,Tôi đang sưu tầm sách cũ.,,,
ショッキング,-,ショッキング,shinkanzen,そのニュースはショッキングでし<br>た。,Tin tức đó thật sốc.,,,
しょっちゅう,-,しょっちゅう,shinkanzen,しょっちゅ<br>う彼と会います。,Tôi thường xuyên gặp anh ấy.,,,
しょっぱい,-,しょっぱい,shinkanzen,このスープ<br>はしょっぱいです。,Món súp này mặn.,,,
ショッピングがい,-,ショッピング街,shinkanzen,ショッピング街で買い物します。,Tôi sẽ đi mua sắm ở phố muasắm.,,,
しょみん,Thứ Dân,庶民,shinkanzen,庶民の生活を理解します。,Tôi sẽ hiểu cuộc sống của dânthường.,,,
しらが,Bạch Phát,白髪,shinkanzen,彼は白髪が増えまし<br>た。,Tóc anh ấy đã bạc đi nhiều.,,,
しりあい,Tri Hợp,知り合い,shinkanzen,知り合いに会いまし<br>た。,Tôi đã gặp người quen.,,,
しりつだいがく,Tư Lập Đại Học,私立大学,shinkanzen,私立大学に通っています。,Tôi đang theo học tại một trường đại học tư.,,,
しろ,Thành,城,shinkanzen,城を見学します。,Tôi sẽ tham quan lâuđài.,,,
しわ,-,しわ,shinkanzen,顔にしわが<br>増えました。,Nếp nhăntrên mặt đã tăng lên.,,,
しん～,Tân,新～,shinkanzen,新製品を発表します。,Tôi sẽ giới thiệu sản phẩm mới.,,,
しん～,Tâm,～心,shinkanzen,友情の心を大切にします。,Tôi sẽ trân trọng tinh thần hữu nghị.,,,
しんか,Tiến Hóa,進化,shinkanzen,人類は進化していま<br>す。,Loài người đang tiến hóa.,,,
しんがく,Tiến Học,進学,shinkanzen,高校から大学に進学します。,Tôi sẽ học lên đại học từ trung học phổ thông.,,,
しんがくりつ,Tiến Học Suất,進学率,shinkanzen,進学率が高い学校で す。,Đây là trường có tỷ lệ học lêncao.,,,
しんがっき,Tân Học Kỳ,新学期,shinkanzen,新学期が始まります。,Học kỳ mới bắt đầu.,,,
じんこうてき,Nhân Công Đích,人工的,shinkanzen,人工的な素材を使います。,Tôi sẽ sử dụng vật liệu nhân tạo.,,,
しんこく,Thâm Khắc,深刻,shinkanzen,環境問題が深刻です。,Vấn đề môi trường rất nghiêm trọng.,,,
しんこくか,Thâm Khắc Hóa,深刻化,shinkanzen,問題が深刻化しています。,Vấn đề đang trởnên nghiêm trọng hơn.,,,
しんさつ,Chẩn Sát,診察,shinkanzen,医者が診察します。,Bác sĩ sẽkhám bệnh.,,,
しんじこむ,Tín Nhập,信じ込む,shinkanzen,彼の話を信じ込みま す。,Tôi tin chắc vào câuchuyện của anh ấy.,,,
しんじつ,Chân Thực,真実,shinkanzen,真実を知り<br>たいです。,Tôi muốnbiết sự thật.,,,
しんしょうひん,Tân<br>Thương Phẩm,新商品,shinkanzen,新商品を試します。,Tôi sẽ thử sản phẩm mới.,,,
しんせい,Thân Thỉnh,申請,shinkanzen,ビザを申請します。,Tôi sẽ nộp đơn xinvisa.,,,
しんせいひん,Tân Chế Phẩm,新製品,shinkanzen,新製品を発売します。,Tôi sẽ phát hành sảnphẩm mới.,,,
しんせき,Thân Thích,親戚,shinkanzen,親戚と会います。,Tôi sẽ gặp họ hàng.,,,
しんせん,Tân Tiên,新鮮,shinkanzen,新鮮な野菜<br>を食べます。,Tôi sẽ ăn rau tươi.,,,
しんたいせい,Tân Thể Chế,新体制,shinkanzen,新体制が始まります。,Hệ thống mới sẽ bắt đầu.,,,
しんたいりく,Tân Đại Lục,新大陸,shinkanzen,新大陸を発見しまし た。,Tôi đãkhám phá ra đại lục mới.,,,
しんだん,Chẩn Đoán,診断,shinkanzen,医者が診断<br>します。,Bác sĩ sẽ chẩn đoán.,,,
しんちょう,Thận Trọng,慎重,shinkanzen,慎重に考えます。,Tôi sẽ suy nghĩ cẩn thận.,,,
しんねん,Tân Niên,新年,shinkanzen,新年を祝います。,Tôi sẽ chúc mừng năm mới.,,,
しんねんかい,Tân Niên Hội,新年会,shinkanzen,新年会に参加します。,Tôi sẽ tham gia tiệc năm mới.,,,
しんねんど,Tân Niên Độ,新年度,shinkanzen,新年度の計画を立てます。,Tôi sẽ lập kế hoạch cho năm học mới.,,,
じんぶつ,Nhân Vật,人物,shinkanzen,歴史的な人物を学びます。,Tôi sẽ học về những nhân vậtlịch sử.,,,
じんぶんかがく,Nhân Văn Khoa<br>Học,人文科学,shinkanzen,人文科学を専攻しま す。,Tôi sẽchuyên về khoa học nhân văn.,,,
しんぽ,Tiến Bộ,進歩,shinkanzen,科学技術が進歩しています。,Khoa học kỹ thuật đang tiến bộ.,,,
しんやばんぐみ,Thâm Dạ Phiên Tổ,深夜番組,shinkanzen,深夜番組を見ます。,Tôi sẽ xem chương trình đêm khuya.,,,
しんようど,Tín Dụng Độ,信用度,shinkanzen,彼の信用度が高いで<br>す。,Độ tin cậy của anh ấy cao.,,,
しんり,Tâm Lý,心理,shinkanzen,心理学を勉<br>強します。,Tôi sẽ học tâm lý học.,,,
しんりてき,Tâm Lý Đích,心理的,shinkanzen,心理的な問題がありま<br>す。,Tôi có vấn đề về tâm lý.,,,
しんりん,Sâm Lâm,森林,shinkanzen,森林を守り<br>ます。,Tôi sẽ bảo vệ rừng.,,,
しんるい,Thân Loại,親類,shinkanzen,親類と会います。,Tôi sẽ gặp họ hàng.,,,
す,Tạc,酢,shinkanzen,酢を使った<br>料理が好きです。,Tôi thích món ăn dùng dấm.,,,
ず,Đồ,図,shinkanzen,図を描きま<br>す。,Tôi sẽ vẽ hình.,,,
すいじ,Xuy Sự,炊事,shinkanzen,毎日炊事をします。,Tôi nấunướng hàng ngày.,,,
ずいひつ,Tùy Bút,随筆,shinkanzen,随筆を書く<br>のが好きです。,Tôi thíchviết tùy bút.,,,
すいへいせん,Thủy Bình Tuyến,水平線,shinkanzen,海の水平線が見えま す。,Tôi có thể thấy đường chân trời của biển.,,,
すいみん,Thụy Miên,睡眠,shinkanzen,十分な睡眠が必要で す。,Cần có giấc ngủ đủ.,,,
すいみんぶそく,Thụy Miên Bất Túc,睡眠不足,shinkanzen,睡眠不足で疲れていま<br>す。,Tôi mệt mỏi vì thiếu ngủ.,,,
ずうずうしい,-,ずうずうしい,shinkanzen,彼の態度はずうずうしいです。,Thái độ của anh ấy thật mặt dày.,,,
すえっこ,Mạt Tử,末っ子,shinkanzen,彼は末っ子です。,Anh ấy là con út.,,,
すぎ,Sam,杉,shinkanzen,庭に杉の木がありま す。,Có cây thông liễu sam trong vườn.,,,
すききらい,Hảo Hiềm,好き嫌い,shinkanzen,好き嫌いが多いです。,Tôi có nhiều thứ ưa thích và không ưathích.,,,
すきずき,Hảo Hảo,好き好き,shinkanzen,それは好き好きです。,Điều đó là tùy vào sở thích cánhân.,,,
すくすく,-,すくすく,shinkanzen,子供がすくすく育って<br>います。,Đứa trẻ đang lớn nhanh.,,,
すぐれる,Ưu,優れる,shinkanzen,彼は数学で<br>優れています。,Anh ấy giỏi toán học.,,,
ずけい,Đồ Hình,図形,shinkanzen,図形を描きます。,Tôi sẽ vẽ hình.,,,
スケジュール,-,スケジュール,shinkanzen,スケジュールを確認し<br>ます。,Tôi sẽ kiểm tra lịch trình.,,,
すこしも,Thiểu,少しも,shinkanzen,少しも疲れません。,Tôi không mệt chút nào.,,,
すごす,Quá,過ごす,shinkanzen,休日を家で過ごしま す。,Tôi sẽ dành thời gian cuối tuần ở nhà.,,,
すずむ,Lương,涼む,shinkanzen,夕方に涼みます。,Tôi sẽ làm mát cơ thể vào buổi chiều tối.,,,
すすめる,Khuyến,勧める,shinkanzen,彼に本を勧めます。,Tôi sẽkhuyên anh ấy đọc sách.,,,
ずつう,Đầu Thống,頭痛,shinkanzen,頭痛がひど<br>いです。,Tôi bị đau đầu nặng.,,,
ずっしり,-,ずっしり,shinkanzen,ずっしりと重い箱で<br>す。,Cái hộp này nặng trịch.,,,
すっぱい,Toan,酸っぱい,shinkanzen,このレモン<br>は酸っぱいです。,Quả chanh này chua.,,,
ステージ,-,ステージ,shinkanzen,ステージで歌います。,Tôi sẽ hát trên sânkhấu.,,,
すでに,Ký,既に,shinkanzen,既に終わりました。,Đã kết thúc.,,,
ストレス,-,ストレス,shinkanzen,ストレスが溜まってい<br>ます。,Tôi đang bị căng thẳng.,,,
すな,Sa,砂,shinkanzen,砂浜を歩き<br>ます。,Tôi sẽ đi bộ trên bãi cát.,,,
ずばり,-,ずばり,shinkanzen,彼はずばりと意見を言います。,Anh ấy nói thẳng ý kiến của mình.,,,
スピードいはん,-,スピード違反,shinkanzen,スピード違反で捕まり<br>ました。,Tôi bị bắt vì vi phạm tốc độ.,,,
スペース,-,スペース,shinkanzen,もっとスペースが必要<br>です。,Tôi cầnthêm không gian.,,,
すべて,-,すべて,shinkanzen,すべての準<br>備ができました。,Mọi thứ đã chuẩn bị xong.,,,
すまない,Tế,済まない,shinkanzen,すまない気<br>持ちでいっぱいです。,Tôi đầy cảm giác có lỗi.,,,
ずみ,Tế,～済み,shinkanzen,手続きを済みました。,Tôi đã hoàn thành thủ tục.,,,
スムーズ,-,スムーズ,shinkanzen,仕事がスム<br>ーズに進みます。,Công việc tiến triển trôi ch,,,
スムーズ,-,スムーズ,shinkanzen,仕事がスムーズに進みます。,Công việc tiến triển trôi chảy.,,,
ずらりと,-,ずらりと,shinkanzen,本がずらりと❹んでい<br>ます。,Sách được xếp đầy.,,,
するどい,Duệ,鋭い,shinkanzen,彼は鋭い感覚を持って<br>います。,Anh ấy có giác quan nhạy bén.,,,
すれ～,-,すれ～,shinkanzen,すれ違いざまに挨拶しました。,Chúng tôi chào nhaukhi đi ngang qua.,,,
すれすれ,-,すれすれ,shinkanzen,飛行機がす<br>れすれに飛びました。,Máy baybay sát nút.,,,
すれちがう,Vi,すれ違う,shinkanzen,彼とすれ違いました。,Tôi gặp thoáng qua anh ấy.,,,
すんなり,-,すんなり,shinkanzen,問題がすんなり解決しました。,Vấn đềđược giải quyết êm thấm.,,,
せい～,Chính,正～,shinkanzen,正確な情報を提供します。,Tôi sẽ cung cấp thôngtin chính xác.,,,
せい,Tính,～性,shinkanzen,耐久性が高いです。,Độ bền cao.,,,
せい,Chế,～製,shinkanzen,日本製のカメラです。,Máy ảnhsản xuất tại Nhật.,,,
せい,Chế,～制,shinkanzen,年功序列制<br>です。,Hệ thốngthâm niên.,,,
ぜい,Thuế,税,shinkanzen,消費税が増えました。,Thuế tiêu dùng đã tăng.,,,
せいかく,Chính Xác,正確,shinkanzen,正確なデー<br>タが必要です。,Cần dữ liệu chính xác.,,,
せいかくさ,Chính Xác,正確さ,shinkanzen,正確さが求<br>められます。,Sự chính xác được yêu cầu.,,,
ぜいかん,Thuế Quan,税関,shinkanzen,税関で荷物<br>をチェックします。,Tôi sẽ kiểm tra hàng hóa tại hải quan.,,,
せいき,Thế Kỷ,～世紀,shinkanzen,21 世紀で<br>す。,Thế kỷ 21.,,,
ぜいきん,Thuế Kim,税金,shinkanzen,税金を払います。,Tôi sẽ trả thuế.,,,
せいけつ,Thanh Khiết,清潔,shinkanzen,部屋を清潔に保ちま<br>す。,Tôi sẽ giữ phòng sạch sẽ.,,,
せいげん,Chế Hạn,制限,shinkanzen,速度制限があります。,Có giới hạn tốc độ.,,,
せいさく,Chế Tác,制作,shinkanzen,映画を制作<br>します。,Tôi sẽ làm phim.,,,
せいさく,Chế Tác,製作,shinkanzen,工場で製作していま<br>す。,Sản xuất trong nhà máy.,,,
せいさく,Chính Sách,～政策,shinkanzen,経済政策を発表しま す。,Tôi sẽ công bố chínhsách kinh tế.,,,
せいさくひ,Chế Tác Phí,制作費,shinkanzen,制作費が高いです。,Chi phí sản xuất cao.,,,
せいさん,Sinh Sản,生産,shinkanzen,工場で生産していま<br>す。,Sản xuất trong nhà máy.,,,
せいさんりょう,Sinh Sản Lượng,生産量,shinkanzen,生産量が増えました。,Lượng sản xuất đã tăng.,,,
せいしき,Chính Thức,正式,shinkanzen,正式な発表です。,Đây là thông báo chính thức.,,,
せいじらん,Chính Trị Lan,政治欄,shinkanzen,新聞の政治欄を読みます。,Tôi sẽ đọc trang chính trị của báo.,,,
せいじん,Thành Nhân,成人,shinkanzen,成人式に参加します。,Tôi sẽ tham gia lễ trưởngthành.,,,
せいじんしき,Thành Nhân Thức,成人式,shinkanzen,成人式を祝います。,Tôi sẽ chúc mừng lễ trưởng thành.,,,
せいぜい,-,せいぜい,shinkanzen,せいぜい 5<br>分です。,Cùng lắm thì 5 phút.,,,
せいせき,Thành Tích,成績,shinkanzen,試験の成績が良いで<br>す。,Thành tích thi tốt.,,,
せいぞう,Chế Tạo,製造,shinkanzen,車を製造しています。,Sản xuất ô tô.,,,
せいぞうぎょう,Chế Tạo Nghiệp,製造業,shinkanzen,製造業で働<br>いています。,Làm việc trong ngành chế tạo.,,,
せいだい,Thịnh Đại,盛大,shinkanzen,盛大なパーティーで す。,Buổi tiệchoành tráng.,,,
ぜいたく,-,ぜいたく,shinkanzen,ぜいたくな<br>生活をしています。,Sống cuộc sống xa hoa.,,,
せいちょう,Thành Trưởng,成長,shinkanzen,子供が成長していま<br>す。,Trẻ emđang trưởng thành.,,,
せいと,Sinh Đồ,生徒,shinkanzen,私は生徒で<br>す。,Tôi là học sinh.,,,
せいど,Chế Độ,制度,shinkanzen,新しい制度が導入され<br>ました。,Chế độ mới đã được áp dụng.,,,
せいのう,Tính Năng,性能,shinkanzen,この車の性能が高いで<br>す。,Chiếc xenày có tính năng cao.,,,
せいび,Chỉnh Bị,整備,shinkanzen,機械を整備<br>します。,Bảo dưỡng máy móc.,,,
せいひれい,Chính Tỷ Lệ,正比例,shinkanzen,力と距離は正比例します。,Lực và khoảngcách tỷ lệthuận với nhau.,,,
せいひん,Chế Phẩm,製品,shinkanzen,新しい製品を発表しま<br>す。,Công bố sản phẩm mới.,,,
せいふ,Chính Phủ,政府,shinkanzen,政府の発表を聞きま<br>す。,Nghe thông báo của chính phủ.,,,
せいぶつ,Sinh Vật,生物,shinkanzen,海の生物を<br>研究します。,Nghiên cứu sinh vật biển.,,,
せいほうけい,Chính Phương Hình,正方形,shinkanzen,正方形を描きます。,Vẽ hình vuông.,,,
ぜいむしょ,Thuế Vụ Thự,税務署,shinkanzen,税務署に行きます。,Tôi sẽ đến sở thuế.,,,
せいめいりょく,Sinh Mệnh Lực,生命力,shinkanzen,彼は生命力が強いで<br>す。,Anh ấy có sức sống mạnh mẽ.,,,
せいようふう,Tây<br>Dương Phong,西洋風,shinkanzen,西洋風の建物です。,Tòa nhà kiểu Âu.,,,
せいり,Chỉnh Lý,整理,shinkanzen,部屋を整理します。,Sắp xếp lại phòng.,,,
せおう,Bối Phụ,背負う,shinkanzen,彼は責任を背負っています。,Anh ấyđang gánh vác trách nhiệm.,,,
せき,-,せき,shinkanzen,咳が出ます。,Tôi bị ho.,,,
せきゆ,Thạch Du,石油,shinkanzen,石油を輸入します。,Nhập khẩu dầu mỏ.,,,
せけん,Thế Gian,世間,shinkanzen,世間の噂を聞きます。,Nghe đồn đại của dư luận.,,,
せつ,Thuyết,説,shinkanzen,彼の説は面白いです。,Quan điểmcủa anh ấy thú vị.,,,
せっかく,-,せっかく,shinkanzen,せっかくのチャンスを<br>逃しました。,Bỏ lỡ cơ hội đã mất công.,,,
せっきょくてき,Tích Cực Đích,積極的,shinkanzen,彼は積極的な人です。,Anh ấy là người tích cực.,,,
せっせと,-,せっせと,shinkanzen,せっせと働きます。,Làm việc miệt mài.,,,
せつぞく,Tiếp Tục,接続,shinkanzen,インターネットに接続<br>します。,Kết nối với internet.,,,
せってい,Thiết Định,設定,shinkanzen,設定を変更します。,Thay đổi cài đặt.,,,
せっとく,Thuyết Phục,説得,shinkanzen,彼を説得します。,Tôi sẽthuyết phục anh ấy.,,,
せつび,Thiết Bị,設備,shinkanzen,新しい設備<br>を導入します。,Đưa vàothiết bị mới.,,,
ぜつめつ,Tuyệt Diệt,絶滅,shinkanzen,恐竜が絶滅しました。,Khủng long đã tuyệt chủng.,,,
せまる,Bách,迫る,shinkanzen,試験が迫っています。,Kỳ thi đang đến gần.,,,
ゼミ,-,ゼミ,shinkanzen,ゼミに参加します。,Tham gia seminar.,,,
せめて,-,せめて,shinkanzen,せめて一度試してくだ<br>さい。,Ít ra hãy thử một lần.,,,
せめる,Công,攻める,shinkanzen,敵を攻めます。,Tấn công kẻ thù.,,,
セリフ,-,セリフ,shinkanzen,彼のセリフが印象的で<br>す。,Lời thoại của anh ấy ấn tượng.,,,
せん,Xuyên,栓,shinkanzen,ワインの栓を抜きま<br>す。,Mở nút chai rượu vang.,,,
ぜん～,Toàn,全～,shinkanzen,全ての学生<br>が参加します。,Tất cả học sinh tham gia.,,,
ぜん～,Tiền,前～,shinkanzen,前年度の成績です。,Thành tích của nămtrước.,,,
ぜんかもく,Toàn Khoa Mục,全科目,shinkanzen,全科目を勉強します。,Học tất cả các môn.,,,
せんきょ,Tuyển Cử,選挙,shinkanzen,選挙に参加します。,Tham gia bầu cử.,,,
せんきょかつどう,Tuyển Cử Hoạt Động,選挙活動,shinkanzen,選挙活動を行います。,Thực hiện vận động bầu cử.,,,
ぜんご,Tiền Hậu,前後,shinkanzen,前後の順番が変わります。,Thứ tựtrước sau thay đổi.,,,
せんこう,Chuyên Công,専攻,shinkanzen,日本語を専攻します。,Học chuyên ngành tiếng Nhật.,,,
ぜんしん,Toàn Thân,全身,shinkanzen,全身が痛いです。,Đau toàn thân.,,,
センチメートル,-,センチメートル,shinkanzen,高さは 150<br>センチメートルです。,Chiều cao là 150 cm.,,,
せんでん,Tuyên Truyền,宣伝,shinkanzen,商品を宣伝します。,Quảng bá sản phẩm.,,,
せんでんひ,Tuyên Truyền<br>Phí,宣伝費,shinkanzen,宣伝費が高いです。,Phí tuyêntruyền cao.,,,
せんぱい,Tiên Bối,先輩,shinkanzen,先輩に相談します。,Tham khảo ý kiến củađàn anh.,,,
せんめんき,Tẩy Diện Khí,洗面器,shinkanzen,洗面器に水を入れま<br>す。,Đổ nướcvào bồn rửa mặt.,,,
せんめんぐ,Tẩy Diện Cụ,洗面具,shinkanzen,洗面具を買<br>います。,Mua dụng cụ rửa mặt.,,,
せんめんじょ,Tẩy Diện Sở,洗面所,shinkanzen,洗面所を掃除します。,Dọn dẹpphòng vệ sinh.,,,
せんもんか,Chuyên Môn Gia,専門家,shinkanzen,専門家に相談します。,Tham khảo ý kiếnchuyên gia.,,,
せんろ,Tuyến Lộ,線路,shinkanzen,線路を歩き<br>ます。,Đi bộ trên đường sắt.,,,
せんろぞい,Tuyến Lộ<br>Duyên,線路沿い,shinkanzen,線路沿いに<br>家があります。,Có nhà dọc theo đường sắt.,,,
～ぞい,Duyên,～沿い,shinkanzen,川沿いに歩<br>きます。,Đi bộ dọc theo sông.,,,
そう,-,そう,shinkanzen,そう思います。,Nghĩ đến mức đó.,,,
そう,Duyên,沿う,shinkanzen,道に沿って<br>歩きます。,Đi bộ dọc theo đường.,,,
そう～,Tổng,総～,shinkanzen,総収入が増えました。,Tổng thu nhập đãtăng.,,,
そうおん,Tao Âm,騒音,shinkanzen,騒音がうる<br>さいです。,Tiếng ồn lớn.,,,
ぞうか,Tăng Gia,増加,shinkanzen,人口が増加していま<br>す。,Dân số đang tăng.,,,
そうぎひよう,Táng<br>Nghi Phí Dụng,葬儀費用,shinkanzen,葬儀費用が高いです。,Chi phí tang lễ cao.,,,
ぞうきん,-,ぞうきん,shinkanzen,ぞうきんで<br>机を拭きます。,Lau bàn bằng giẻ lau.,,,
そうこ,Thương Khố,倉庫,shinkanzen,倉庫に荷物を保管します。,Bảo quản hàng hóatrong nhà kho.,,,
そうごうらん,Tổng Hợp Lan,総合欄,shinkanzen,新聞の総合<br>欄を読みます。,Đọc trang tổng hợp của báo.,,,
そうごに,Tương Hỗ,相互に,shinkanzen,相互に助け合います。,Giúp đỡ lẫn nhau.,,,
そうさ,Thao Tác,操作,shinkanzen,パソコンを<br>操作します。,Thao tác trên máy tính.,,,
そうさ,Sưu Tra,捜査,shinkanzen,警察が捜査していま<br>す。,Cảnh sát đang điều tra.,,,
そうしき,Táng Thức,葬式,shinkanzen,葬式に参列します。,Tham dự tang lễ.,,,
そうじゅしん,Tống Thụ Tín,送受信,shinkanzen,メールの送<br>受信をします。,Gửi và nhận email.,,,
そうしん,Tống Tín,送信,shinkanzen,メールを送信します。,Gửi email.,,,
ぞうだい,Tăng Đại,増大,shinkanzen,費用が増大<br>しています。,Chi phíđang tăng lên.,,,
そうだんあいて,Tương Đàm Tương Thủ,相談相手,shinkanzen,相談相手を見つけま す。,Tìm người để tâm sự.,,,
そうちょう,Tảo Triều,早朝,shinkanzen,早朝に散歩します。,Đi dạo vào sáng sớm.,,,
そうとう,Tương Đương,相当,shinkanzen,その値段は相当です。,Giá đó tươngđương.,,,
そうにゅう,Sáp Nhập,挿入,shinkanzen,テキストを<br>挿入します。,Chèn văn bản vào.,,,
そうべつかい,Tống<br>Biệt Hội,送別会,shinkanzen,同僚の送別会をしま す。,Tổ chức tiệc chia tay đồng nghiệp.,,,
ぞくぞく,-,続々,shinkanzen,人々が続々<br>と集まります。,Mọi người tụ tập liên tục.,,,
そくてい,Trắc Định,測定,shinkanzen,気温を測定します。,Đo nhiệt độ.,,,
そしき,Tổ Chức,組織,shinkanzen,会社の組織を変えま<br>す。,Thay đổi tổ chức của công ty.,,,
そせん,Tổ Tiên,祖先,shinkanzen,祖先を尊敬します。,Tôn trọng tổ tiên.,,,
そそぐ,Chú,注ぐ,shinkanzen,ワインを注<br>ぎます。,Rót rượu vang.,,,
そそっかしい,-,そそっかしい,shinkanzen,彼はそそっかしい人で<br>す。,Anh ấy là người cẩu thả.,,,
そだつ,Dục,育つ,shinkanzen,子供が育ち<br>ます。,Trẻ em lớn lên.,,,
そっくり,-,そっくり,shinkanzen,彼は父親とそっくりで<br>す。,Anh ấy giống hệt bố.,,,
そっちょく,Suất Trực,率直,shinkanzen,率直な意見を言いま<br>す。,Nói ý kiến một cách thẳng thắn.,,,
そなえる,Bị,備える,shinkanzen,災害に備えます。,Chuẩn bịđối phó với thảm họa.,,,
そのうち,-,そのうち,shinkanzen,そのうちわかります。,Sẽ hiểu trong lúcđó.,,,
そのまま,-,そのまま,shinkanzen,そのままにしてくださ<br>い。,Xin hãy để nguyên như thế.,,,
ソフト,-,ソフト,shinkanzen,新しいソフトをインス<br>トールします。,Cài đặtphần mềm mới.,,,
そふぼ,Tổ Phụ Mẫu,祖父母,shinkanzen,祖父母の家に行きま<br>す。,Đi đến nhà ông bà.,,,
そまつ,Thô Mạt,粗末,shinkanzen,粗末な食事です。,Bữa ăn đạm bạc.,,,
そる,-,そる,shinkanzen,髭をそります。,Cạo râu.,,,
それぞれ,-,それぞれ,shinkanzen,それぞれの意見があり<br>ます。,Có ý kiến riêng củatừng người.,,,
そわそわ,-,そわそわ,shinkanzen,試験の前はそわそわします。,Trước kỳ thi thì bồn chồn.,,,
そんがい,Tổn Hại,損害,shinkanzen,火事で損害が出まし<br>た。,Đã có tổnthất do hỏa hoạn.,,,
そんけい,Tôn Kính,尊敬,shinkanzen,先生を尊敬<br>します。,Kính trọng thầy giáo.,,,
た,Điền,田,shinkanzen,田で働きます。,Làm việctrên ruộng.,,,
た～,Đa,多～,shinkanzen,多人数が集まります。,Nhiềungười tập trung.,,,
だい～,Đại,大～,shinkanzen,大事件が起こります。,Xảy ra sự kiện lớn.,,,
だい,Đại,～代,shinkanzen,家賃代を払<br>います。,Trả tiềnthuê nhà.,,,
たいか,Thoái Hóa,退化,shinkanzen,遺伝子が退化します。,Gen bị thoái hóa.,,,
だいがくいん,Đại Học Viện,大学院,shinkanzen,大学院に進学します。,Học tiếp lên cao học.,,,
たいき,Đại Khí,大気,shinkanzen,大気汚染が問題です。,Ô nhiễm không khí là vấn đề.,,,
たいきおせん,Đại Khí Ô Nhiễm,大気汚染,shinkanzen,大気汚染が深刻です。,Ô nhiễm không khínghiêm trọng.,,,
だいきぼ,Đại Quy Mô,大規模,shinkanzen,大規模なプ<br>ロジェクトです。,Dự án quy mô lớn.,,,
たいざい,Trệ Tại,滞在,shinkanzen,東京に滞在<br>します。,Lưu trú tại Tokyo.,,,
たいさく,Đối Sách,～対策,shinkanzen,防災対策を考えます。,Xem xét biện pháp phòng chống thiên tai.,,,
たいして,Đại,大して,shinkanzen,大して面白<br>くないです。,Không có gì thú vị lắm.,,,
たいしょくとどけ,Thoái Chức Giới,退職届,shinkanzen,退職届を提出します。,Nộp đơn xin thôi việc.,,,
だいじん,Đại Thần,大臣,shinkanzen,経済大臣です。,Là bộ trưởng kinhtế.,,,
だいじん,Đại Thần,～大臣,shinkanzen,環境大臣に任命されます。,Được bổnhiệm làm bộ trưởng môi trường.,,,
たいせき,Thể Tích,体積,shinkanzen,箱の体積を測ります。,Đo thể tích của hộp.,,,
だいたすう,Đại Đa Số,大多数,shinkanzen,大多数が賛<br>成します。,Đại đa số đồng ý.,,,
たいど,Thái Độ,態度,shinkanzen,彼の態度が良いです。,Thái độ của anh ấy tốt.,,,
だいとうりょう,Đại Thống Lĩnh,大統領,shinkanzen,アメリカの<br>大統領です。,Là tổng thống của Hoa Kỳ.,,,
タイトル,-,タイトル,shinkanzen,本のタイトルを考えます。,Suy nghĩ về tiêu đề sách.,,,
たいほ,Đãi Bộ,逮捕,shinkanzen,犯人を逮捕します。,Bắt giữ tội phạm.,,,
タイミング,-,タイミング,shinkanzen,タイミング<br>が悪いです。,Thời điểm không tốt.,,,
たいりつ,Đối Lập,対立,shinkanzen,意見が対立します。,Ý kiến đối lập nhau.,,,
たいりょう,Đại Lượng,大量,shinkanzen,大量の注文がありま<br>す。,Có đơnhàng lớn.,,,
ダウンロード,-,ダウンロード,shinkanzen,音楽をダウ<br>ンロードします。,Tải nhạc về.,,,
たえず,Tuyệt,絶えず,shinkanzen,絶えず働きます。,Làm việc không ngừng.,,,
たかまる,Cao,高まる,shinkanzen,期待が高まります。,Kỳ vọng tăng cao.,,,
たかめる,Cao,高める,shinkanzen,能力を高め<br>ます。,Nâng cao khả năng.,,,
たがやす,Canh,耕す,shinkanzen,畑を耕します。,Cày ruộng.,,,
たき,Lang,滝,shinkanzen,美しい滝があります。,Có một thác nước đẹp.,,,
たきあがる,Xuy<br>Thượng,炊き上がる,shinkanzen,ご飯が炊き<br>上がります。,Cơm đã chín.,,,
たく,Xuy,炊く,shinkanzen,ご飯を炊き<br>ます。,Nấu cơm.,,,
だく,Bão,抱く,shinkanzen,赤ちゃんを<br>抱きます。,Bế em bé.,,,
たくじしょ,Thác Nhi Sở,託児所,shinkanzen,託児所に預けます。,Gửi vào nhà trẻ.,,,
たくましい,-,たくましい,shinkanzen,たくましい体です。,Cơ thể khỏe mạnh.,,,
たこくせき,Đa Quốc Tịch,多国籍,shinkanzen,多国籍企業です。,Là công ty đa quốctịch.,,,
たしざん,Túc Toán,足し算,shinkanzen,足し算を教えます。,Dạy phép cộng.,,,
たしょう,Đa Thiểu,多少,shinkanzen,多少の違い<br>があります。,Có ít nhiều sự khác biệt.,,,
たす,Túc,足す,shinkanzen,数字を足します。,Cộng các con số.,,,
～だす,Xuất,～出す,shinkanzen,答えを出し<br>ます。,Đưa ra câu trả lời.,,,
たすけ,Trợ,助け,shinkanzen,友達の助け<br>を借ります。,Nhờ sự giúp đỡ của bạn.,,,
たすけあう,Trợ Hợp,助け合う,shinkanzen,助け合って働きます。,Làm việc cùng nhauđể giúp đỡ.,,,
～ただしい,Chính,～正しい,shinkanzen,正しい答え<br>です。,Là câu trả lời đúng.,,,
ただちに,Trực,直ちに,shinkanzen,直ちに行動します。,Hành động ngay lậptức.,,,
ただの,-,ただの,shinkanzen,ただの風邪です。,Chỉ là cảm lạnh thông thường.,,,
たたむ,Điệp,畳む,shinkanzen,服を畳みま<br>す。,Gấp quần áo.,,,
たちあがる,Lập<br>Thượng,立ち上がる,shinkanzen,椅子から立ち上がりま<br>す。,Đứng dậy khỏi ghế.,,,
たちあげる,Lập<br>Thượng,立ち上げる,shinkanzen,新しいプロジェクトを立ち上げま<br>す。,Khởi động dự án mới.,,,
たちまち,-,たちまち,shinkanzen,たちまち解決します。,Giải quyết ngay lậptức.,,,
たつ,Phát,発つ,shinkanzen,東京を発ち<br>ます。,Rời khỏi Tokyo.,,,
たつ,-,たつ,shinkanzen,時が経ちます。,Thời gian trôi qua.,,,
だっこ,-,だっこ,shinkanzen,赤ちゃんを<br>だっこします。,Bế em bé.,,,
たっする,Đạt,達する,shinkanzen,目標に達し<br>ます。,Đạt được mục tiêu.,,,
たった,-,たった,shinkanzen,たった一人<br>です。,Chỉ có một người.,,,
たっぷり,-,たっぷり,shinkanzen,時間がたっぷりあります。,Có đầy đủ thời gian.,,,
～たて,Lập,～立て,shinkanzen,焼きたてのパンです。,Bánh mì vừa mớinướng.,,,
たてなおす,Kiến Trực,建て直す,shinkanzen,古い家を建て直しま<br>す。,Xây lại ngôi nhà cũ.,,,
だとう,Thỏa Đương,妥当,shinkanzen,妥当な判断<br>です。,Quyết định hợp lý.,,,
たとえ,-,たとえ,shinkanzen,たとえ雨でも行きま す。,Cho dù mưa vẫn đi.,,,
たに,Cốc,谷,shinkanzen,谷を越えます。,Vượt qua khe vực.,,,
たね,Chủng,種,shinkanzen,種を蒔きます。,Gieo hạt giống.,,,
たのしみ,Lạc,楽しみ,shinkanzen,旅行が楽しみです。,Mong chờ chuyến du lịch.,,,
たのもしい,Lại,頼もしい,shinkanzen,彼は頼もしい友達で す。,Anh ấy là người bạn đáng tin cậy.,,,
たびたび,-,たびたび,shinkanzen,たびたびお世話になり<br>ます。,Thườngxuyên được giúp đỡ.,,,
たびばんぐみ,Lữ Phiên Tổ,旅番組,shinkanzen,旅番組を見ます。,Xem chươngtrình du lịch.,,,
たほうめん,Đa Phương Diện,多方面,shinkanzen,多方面で活躍します。,Hoạt động trên nhiều phương diện.,,,
たまに,-,たまに,shinkanzen,たまに映画を見ます。,Thỉnh thoảng xem phim.,,,
だまりこむ,Mặc Nhập,黙り込む,shinkanzen,彼は黙り込<br>みます。,Anh ấy im lặng.,,,
たまる,-,たまる,shinkanzen,Gom lại<br>thành khối lượng lớn.,仕事がたまります。,,,
ためる,-,ためる,shinkanzen,お金をため<br>ます。,Tiết kiệm tiền.,,,
たようと,Đa Dụng Đồ,多用途,shinkanzen,この機械は多用途で<br>す。,Máy này có nhiều công dụng.,,,
たより,Lại,頼り,shinkanzen,彼は頼りになります。,Anh ấy là chỗ dựa tin cậy.,,,
だらしない,-,だらしない,shinkanzen,彼の部屋はだらしないです。,Phòng của anh ấy rất luộmthuộm.,,,
たりょう,Đa Lượng,多量,shinkanzen,多量の水が<br>必要です。,Cần nhiều nước.,,,
たん～,Đoản,短～,shinkanzen,短時間で終わります。,Kết thúc trong thờigian ngắn.,,,
たんい,Đơn Vị,単位,shinkanzen,重さの単位<br>はキログラムです。,Đơn vị đo trọng lượng là kilogram.,,,
たんしょ,Đoản Sở,短所,shinkanzen,彼の短所は我慢強くないことで<br>す。,Điểm yếu của anh ấy là không kiên nhẫn.,,,
だんたい～,Đoàn Thể,団体～,shinkanzen,団体旅行をします。,Đi du lịch theo đoàn.,,,
だんたいきょうぎ,Đoàn Thể<br>Cạnh Kỹ,団体競技,shinkanzen,団体競技に参加しま<br>す。,Tham giathi đấu đồng đội.,,,
だんたいりょこう,Đoàn Thể Lữ Hành,団体旅行,shinkanzen,団体旅行を計画しま す。,Lên kếhoạch cho chuyến du lịch theo đoàn.,,,
たんとう,Đảm Đương,担当,shinkanzen,彼は営業を担当しま<br>す。,Anh ấy phụ trách bánhàng.,,,
たんなる,Đơn,単なる,shinkanzen,単なる誤解です。,Chỉ là hiểu lầm đơn giản.,,,
たんに,Đơn,単に,shinkanzen,単に冗談です。,Chỉ là đùa thôi.,,,
～ち,Địa,～地,shinkanzen,旅行地を選<br>びます。,Chọn nơi du lịch.,,,
チェック,-,チェック,shinkanzen,宿題をチェックしま<br>す。,Kiểm tra bài tập.,,,
～ちがい,Vi,～違い,shinkanzen,文化の違いを感じま<br>す。,Cảm nhậnsự khác biệt về văn hóa.,,,
ちかう,Thệ,誓う,shinkanzen,約束を誓い<br>ます。,Thề giữ lời hứa.,,,
ちかく,Cận,近く,shinkanzen,家の近くに公園があり<br>ます。,Có công viên gần nhà.,,,
ちかすい,Địa Hạ Thủy,地下水,shinkanzen,地下水を調<br>査します。,Khảo sátnước ngầm.,,,
ちかぢか,Cận,近々,shinkanzen,近々出発します。,Sắp sửakhởi hành.,,,
ちからをいれる,Lực Nhập,力を入れる,shinkanzen,仕事に力を入れます。,Dồn sức vào công việc.,,,
ちきゅうおんだんか,Địa Cầu Ôn Noãn Hóa,地球温暖化,shinkanzen,地球温暖化が進んでいます。,Hiện tượng trái đất ấm dần đang diễn ra.,,,
ちじん,Tri Nhân,知人,shinkanzen,知人に会います。,Gặp người quen.,,,
ちちおや,Phụ Thân,父親,shinkanzen,父親は仕事<br>中です。,Bố đang làm việc.,,,
ちぢむ,Súc,縮む,shinkanzen,洗濯でセー<br>ターが縮みます。,Áo len colại khi giặt.,,,
ちっとも,-,ちっとも,shinkanzen,ちっとも分かりませ<br>ん。,Không hiểu chút nào.,,,
ちへいせん,Địa Bình Tuyến,地平線,shinkanzen,地平線が見えます。,Nhìn thấy đường chân trời.,,,
ちほう,Địa Phương,地方,shinkanzen,地方の特産<br>品です。,Đặc sản của địa phương.,,,
ちほうこうきょうだんたい,Địa Phương Công Cộng Đoàn<br>Thể,地方公共団体,shinkanzen,地方公共団体の役割です。,Vai trò của đoàn thể công cộng địa phương.,,,
チャンス,-,チャンス,shinkanzen,チャンスを<br>逃します。,Bỏ lỡ cơ hội.,,,
ちゅうかふう,Trung Hoa Phong,中華風,shinkanzen,中華風の建築です。,Là kiến trúc kiểu Trung Hoa.,,,
ちゅうかんしけん,Trung<br>Gian Thí Nghiệm,中間試験,shinkanzen,中間試験に合格しま す。,Đỗ kỳ thi giữa kỳ.,,,
ちゅうこ,Trung Cổ,中古,shinkanzen,中古車を買います。,Mua xe cũ.,,,
ちゅうこく,Trung Cáo,忠告,shinkanzen,友達に忠告します。,Khuyên bạn bè.,,,
ちゅうしゃいはん,Trú Xa Vi Phạm,駐車違反,shinkanzen,駐車違反の罰金を払い<br>ます。,Trả tiền phạt viphạm đỗ xe.,,,
ちゅうしゃき,Chú Xạ Khí,注射器,shinkanzen,注射器を消毒します。,Khử trùng xi lanhtiêm.,,,
ちゅうじゅん,Trung Tuần,中旬,shinkanzen,今月の中旬<br>に行きます。,Đi vào giữa tháng này.,,,
ちゅうだん,Trung Đoạn,中断,shinkanzen,会議を中断します。,Tạm dừng cuộc họp.,,,
ちゅうもく,Chú Mục,注目,shinkanzen,新製品に注目します。,Chú ý đến sản phẩm mới.,,,
ちゅうもん,Chú Văn,注文,shinkanzen,レストラン<br>で注文します。,Gọi món ở nhà hàng.,,,
ちょう～,Trường,長～,shinkanzen,長時間の仕事です。,Là côngviệc dài giờ.,,,
ちょう～,Siêu,超～,shinkanzen,超高層ビル<br>です。,Là tòa nhà siêu cao.,,,
～ちょう,Trướng,～帳,shinkanzen,電話帳を見ます。,Xem sổ điện thoại.,,,
ちょういちりゅう,Siêu Nhất Lưu,超一流,shinkanzen,彼は超一流の選手で す。,Anh ấy là vận động viên siêu đẳng.,,,
ちょうおおがた,Siêu Đại Hình,超大型,shinkanzen,超大型のテレビです。,Là chiếc tivi siêu lớn.,,,
ちょうかん,Triều San,朝刊,shinkanzen,朝刊を読み<br>ます。,Đọc báobuổi sáng.,,,
ちょうこうそうビル,Siêu Cao Tằng,超高層ビル,shinkanzen,超高層ビルに住んでい<br>ます。,Sống trong tòa nhà siêu cao.,,,
ちょうこがた,Siêu<br>Tiểu Hình,超小型,shinkanzen,超小型のカメラです。,Là chiếcmáy ảnh siêu nhỏ.,,,
ちょうし,Điều Tử,調子,shinkanzen,体の調子が良いです。,Tình trạng sức khỏetốt.,,,
ちょうしょ,Trường Sở,長所,shinkanzen,彼の長所は優しさで す。,Điểm mạnh của anh ấy là sự dịudàng.,,,
ちょうじょう,Đỉnh<br>Thượng,頂上,shinkanzen,山の頂上に到達しま す。,Đạt đến đỉnh núi.,,,
ちょうせい,Điều Chỉnh,調整,shinkanzen,計画を調整します。,Điều chỉnh kế hoạch.,,,
ちょうせんじょう,Khiêu Chiến Trạng,挑戦状,shinkanzen,彼に挑戦状<br>を送りました。,Đã gửi thư thách đấu cho anh ấy.,,,
ちょうたいさく,Siêu Đại Tác,超大作,shinkanzen,超大作の映画です。,Là bộ phim siêu tácphẩm.,,,
ちょうど,-,ちょうど,shinkanzen,ちょうどいいサイズで<br>す。,Kích thước vừa đúng.,,,
ちょうほうけい,Trường Phương Hình,長方形,shinkanzen,教室は長方形です。,Lớp học có hình chữnhật.,,,
ちょうみりょう,Điều Vị Liệu,調味料,shinkanzen,調味料を加えます。,Thêm gia vị vào.,,,
ちょきん,Trữ Kim,貯金,shinkanzen,貯金をします。,Tiết kiệm tiền.,,,
ちょしゃ,Trứ Giả,著者,shinkanzen,本の著者です。,Là tác giả của cuốnsách.,,,
ちょちく,Trữ Súc,貯蓄,shinkanzen,老後のため<br>に貯蓄します。,Tích trữ cho tuổi già.,,,
ちょめいじん,Trứ Danh Nhân,著名人,shinkanzen,著名人と会いました。,Đã gặpngười nổi tiếng.,,,
ちらかる,Tản,散らかる,shinkanzen,部屋が散らかっていま<br>す。,Phòng đang bày bừa.,,,
ちらっと,-,ちらっと,shinkanzen,ちらっと見ました。,Nhìn thoáng qua.,,,
つい,-,つい,shinkanzen,つい言ってしまいまし<br>た。,Đã vô tình nói ra.,,,
ついか,Truy Gia,追加,shinkanzen,注文を追加<br>します。,Thêm đơn đặt hàng.,,,
ついに,-,ついに,shinkanzen,ついに成功しました。,Cuối cùng đã thànhcông.,,,
ついやす,Phí,費やす,shinkanzen,多くの時間<br>を費やします。,Tiêu tốn nhiều thời gian.,,,
つうがく,Thông Học,通学,shinkanzen,電車で通学します。,Đi học bằng tàu điện.,,,
つうきん,Thông Cần,通勤,shinkanzen,車で通勤します。,Đi làm bằng ô tô.,,,
つうしん～,Thông Tín,通信～,shinkanzen,通信速度が速いです。,Tốc độ truyềnthông tin nhanh.,,,
つうしんきのう,Thông Tín Cơ Năng,通信機能,shinkanzen,このデバイスには通信機能があり<br>ます。,Thiết bị này có chứcnăng thông tin.,,,
つうしんそくど,Thông Tín Tốc Độ,通信速度,shinkanzen,通信速度が向上しました。,Tốc độ thông tin đã được cảithiện.,,,
つうしんもう,Thông Tín Võng,通信網,shinkanzen,全国的な通信網です。,Là mạng viễn thông toàn quốc.,,,
つうやく,Thông Dịch,通訳,shinkanzen,会議で通訳します。,Phiên dịch tại cuộc họp.,,,
～つかい,Khiển,～遣い,shinkanzen,言葉遣いに気を付けま<br>す。,Chú ý cách sử dụng từ ngữ.,,,
つかいみち,Sử Đạo,使い道,shinkanzen,お金の使い<br>道を考えます。,Suy nghĩ cách sử dụng tiền.,,,
つかまる,Bổ,捕まる,shinkanzen,犯人が捕まりました。,Tội phạm đã bị bắt.,,,
つかむ,-,つかむ,shinkanzen,チャンスをつかみま<br>す。,Nắm lấy cơ hội.,,,
つかれぎみ,Bì Khí Vị,疲れ気味,shinkanzen,最近疲れ気<br>味です。,Dạo này hơi mệt.,,,
～つき,-,～つき,shinkanzen,その絵は優しげなつき<br>があります。,Bức tranh đó có nét dịu dàng.,,,
つきあい,Phó Hợp,付き合い,shinkanzen,友達との付き合いを大,Quý trọng mối quan hệ với bạn bè.,,,
つぎつぎ,Thứ,次々,shinkanzen,次々と問題が発生しま<br>す。,Liên tiếp phát sinh vấn đề.,,,
つきひ,Nguyệt Nhật,月日,shinkanzen,月日が経ちます。,Ngày tháng trôi qua.,,,
つぐ,-,つぐ,shinkanzen,コップに水<br>をつぎます。,Rót nước vào cốc.,,,
つくづく,-,つくづく,shinkanzen,つくづく反省します。,Suy ngẫm sâu sắc.,,,
～つける,-,～つける,shinkanzen,しっかりと見つけま す。,Nhìn thật kỹ càng.,,,
つなみけいほう,Tân Ba Cảnh Báo,津波警報,shinkanzen,津波警報が出されました。,Cảnh báo sóng thần đã được phát ra.,,,
つねに,Thường,常に,shinkanzen,常に努力し<br>ます。,Luôn luôn nỗ lực.,,,
つぶす,-,つぶす,shinkanzen,夢をつぶされました。,Giấc mơ bị vùi dập.,,,
つぶれる,-,つぶれる,shinkanzen,店がつぶれました。,Cửa hàngđã bị đóng cửa.,,,
～っぽい,-,～っぽい,shinkanzen,涙っぽい人です。,Người dễ khóc.,,,
つぼみ,-,つぼみ,shinkanzen,花のつぼみが開きま<br>す。,Nụ hoa đang nở.,,,
つまむ,-,つまむ,shinkanzen,箸で食べ物<br>をつまみます。,Gắp thức ăn bằng đũa.,,,
つみ,Tội,罪,shinkanzen,罪を償いま<br>す。,Chuộc tội.,,,
つむ,Tích,積む,shinkanzen,本を積み重<br>ねます。,Chồng sách lên.,,,
つめこむ,Cật Nhập,詰め込む,shinkanzen,荷物を詰め込みます。,Nhồi đầy hành lý.,,,
つめる,Cật,詰める,shinkanzen,箱に物を詰めます。,Nhồi nhét đồ vào hộp.,,,
つゆ,Mai Vũ,梅雨,shinkanzen,梅雨が始ま<br>ります。,Mùa mưa bắt đầu.,,,
つよき,Cường Khí,強気,shinkanzen,強気な発言をします。,Phát biểu một cáchhùng hồn.,,,
つよまる,Cường,強まる,shinkanzen,風が強まり<br>ます。,Gió mạnh lên.,,,
つよみ,Cường,強み,shinkanzen,彼の強みはリーダーシップです。,Điểm mạnh của anh ấy là khả năng lãnh đạo.,,,
つよめる,Cường,強める,shinkanzen,トレーニン<br>グを強めます。,Tăng cường luyện tập.,,,
つりぐ,Điếu Cụ,釣り具,shinkanzen,釣り具を買います。,Mua dụng cụ câu.,,,
つるす,-,つるす,shinkanzen,服をハンガ<br>ーにつるします。,Treo quần áo lên móc.,,,
～づれ,Liên,～連れ,shinkanzen,子供連れの旅行です。,Chuyến du lịch mang theo trẻ em.,,,
つれだす,Liên Xuất,連れ出す,shinkanzen,犬を公園に連れ出しま<br>す。,Dẫn chó ra công viên.,,,
であう,Xuất Hội,出会う,shinkanzen,友達と出会います。,Gặp bạn bè.,,,
てい～,Đê,低～,shinkanzen,低価格の商<br>品です。,Sản phẩm có giá thấp.,,,
ていあん,Đề Án,提案,shinkanzen,会議で提案します。,Đề xuấttrong cuộc họp.,,,
ていいん,Định Viên,定員,shinkanzen,定員オーバーです。,Quá số lượng người quy định.,,,
ていか,Đê Hạ,低下,shinkanzen,成績が低下<br>します。,Thành tích giảm sút.,,,
ていカロリー,Đê,低カロリー,shinkanzen,低カロリー<br>の食事です。,Bữa ăn ít calo.,,,
ていきけん,Định Kỳ Khoán,定期券,shinkanzen,定期券を買います。,Mua vé tháng.,,,
ていきよきん,Định Kỳ Dự Kim,定期預金,shinkanzen,定期預金をします。,Gửi tiếtkiệm định kỳ.,,,
ていけつあつ,Đê<br>Huyết Áp,低血圧,shinkanzen,彼は低血圧です。,Anh ấy bị huyết áp thấp.,,,
ていしゃ,Đình Xa,停車,shinkanzen,バスが停車します。,Xe buýt dừng lại.,,,
ていせい,Đính Chính,訂正,shinkanzen,誤りを訂正します。,Cải chính sai lầm.,,,
ていでん,Đình Điện,停電,shinkanzen,停電が続き<br>ます。,Mất điện kéo dài.,,,
ていりゅうじょ,Đình Lưu Sở,停留所,shinkanzen,バス停留所です。,Là bến xe buýt.,,,
データ,-,データ,shinkanzen,データを分<br>析します。,Phân tích dữ liệu.,,,
てがあく,Thủ Không,手が空く,shinkanzen,手が空いたら手伝います。,Nếu rảnh tay thì giúp đỡ.,,,
てがかかる,Thủ Quải,手が掛かる,shinkanzen,子供の世話は手が掛かります。,Chăm sóc trẻ nhỏ tốn nhiều công sức.,,,
てがたりない,Thủ Túc,手が足りない,shinkanzen,忙しくて手<br>が足りない。,Bận rộn và thiếu người.,,,
てがでない,Thủ Xuất,手が出ない,shinkanzen,高価で手が出ない。,Quá đắt nên không thểvới tới.,,,
てがはなせない,Thủ Ly,手が離せない,shinkanzen,今忙しくて手が離せない。,Hiện tại quá bận nên không thểdừng lại.,,,
てき,Địch,敵,shinkanzen,彼は私の敵<br>です。,Anh ta là kẻ thù của tôi.,,,
てき,Đích,～的,shinkanzen,科学的な説明,Giải thích mang tính khoa học.,,,
できあがる,Xuất Lai Thượng,出来上がる,shinkanzen,ケーキが出<br>来上がりました。,Bánh đã được làm xong.,,,
てきおう,Thích Ứng,適応,shinkanzen,環境に適応します。,Thích ứng với môi trường.,,,
てきせつ,Thích Thiết,適切,shinkanzen,適切な判断を下しま す。,Đưa raquyết định thích hợp.,,,
できたて,Xuất Lai Lập,出来立て,shinkanzen,出来立ての料理です。,Món ăn vừa được làmxong.,,,
てきど,Thích Độ,適度,shinkanzen,適度な運動が健康に良い。,Vận động đúng mứctốt cho sức khỏe.,,,
てきとう,Thích Đương,適当,shinkanzen,適当な仕事です。,Công việc phù hợp.,,,
てきぱき,-,てきぱき,shinkanzen,彼はてきぱきと仕事を<br>こなします。,Anh ấy làm việc nhanh gọn.,,,
できるだけ,-,できるだけ,shinkanzen,できるだけ早く来てく<br>ださい。,Hãy đếnsớm nhất có thể.,,,
テクニック,-,テクニック,shinkanzen,高度なテクニックが必<br>要です。,Cần kỹthuật cao.,,,
テクノロジー,-,テクノロジー,shinkanzen,最新のテクノロジーで<br>す。,Công nghệ mới nhất.,,,
てじなし,Thủ<br>Phẩm Sư,手品師,shinkanzen,彼は有名な手品師で す。,Anh ấy là một nhà ảo thuật nổitiếng.,,,
てすうりょう,Thủ Số Liệu,手数料,shinkanzen,銀行の手数<br>料がかかります。,Có phí dịch vụ của ngân hàng.,,,
でたらめ,-,でたらめ,shinkanzen,でたらめな話をしない<br>でください。,Đừng nói những điều vô căn cứ.,,,
てつがく,Triết Học,哲学,shinkanzen,哲学を専攻していま す。,Tôi đanghọc chuyên ngành triết học.,,,
てつづき,Thủ Tục,手続き,shinkanzen,入学手続き<br>が必要です。,Cần làm thủ tục nhậphọc.,,,
てつどう,Thiết Đạo,鉄道,shinkanzen,日本の鉄道は非常に便利です。,Đường sắt của Nhật Bản rất tiện lợi.,,,
てつや,Triệt Dạ,徹夜,shinkanzen,徹夜で勉強しました。,Đã học suốt đêm.,,,
てにつかない,Thủ,手につかない,shinkanzen,心配で手につかない。,Lo lắng nên không thểtập trung.,,,
てま,Thủ Gian,手間,shinkanzen,手間をかけ<br>て料理を作ります。,Dành công sức để nấu ăn.,,,
でむかえる,Xuất<br>Nghênh,出迎える,shinkanzen,友達を空港<br>で出迎えます。,Đón bạn ở sân bay.,,,
てをかす,Thủ Thải,手を貸す,shinkanzen,手を貸してもらえます<br>か。,Có thể giúp một taykhông?,,,
てをかりる,Thủ Tá,手を借りる,shinkanzen,友達の手を借りて引っ<br>越します。,Nhờ bạn giúp chuyển nhà.,,,
てをくむ,Thủ Tổ,手を組む,shinkanzen,一緒に手を組んでプロジェクトを<br>進めます。,Bắt tay cùng tiếnhành dự án.,,,
てをだす,Thủ Xuất,手を出す,shinkanzen,新しいビジネスに手を<br>出します。,Tham gia vào kinhdoanh mới.,,,
てをつける,Thủ,手をつける,shinkanzen,新しいプロジェクトに手をつけま<br>す。,Bắt tay vào dự án mới.,,,
でんきメーカー,Điện Cơ,電機メーカー,shinkanzen,有名な電機<br>メーカーです。,Là hãng điện cơ nổi tiếng.,,,
てんきょ,Chuyển Cư,転居,shinkanzen,転居の手続<br>きをします。,Làm thủ tục chuyển chỗ ở.,,,
てんけん,Điểm Kiểm,点検,shinkanzen,車の点検をします。,Kiểm tra xe hơi.,,,
てんこう,Chuyển Hiệu,転校,shinkanzen,転校手続きを行いま す。,Thực hiện thủ tụcchuyển trường.,,,
てんごく,Thiên Quốc,天国,shinkanzen,天国へ行くと信じています。,Tôi tin rằng mình sẽ lên thiên đường.,,,
でんごん,Truyền Ngôn,伝言,shinkanzen,伝言を残します。,Để lại lời nhắn.,,,
てんじる,Chuyển,転じる,shinkanzen,事態が好転します。,Tình hình chuyển biếntốt hơn.,,,
でんせん,Truyền Nhiễm,伝染,shinkanzen,インフルエ<br>ンザが伝染します。,Bệnh cúm lây lan.,,,
でんとうてき,Truyền<br>Thống Đích,伝統的,shinkanzen,伝統的な文化です。,Văn hóatruyền thống.,,,
てんねん,Thiên Nhiên,天然,shinkanzen,天然の美し<br>さです。,Vẻ đẹp tự nhiên.,,,
てんねんガス,Thiên Nhiên,天然ガス,shinkanzen,天然ガスを使用しま す。,Sử dụng khí ga thiên nhiên.,,,
てんねんしげん,Thiên Nhiên Tài<br>Nguyên,天然資源,shinkanzen,天然資源を保護しま す。,Bảo vệ tài nguyênthiên nhiên.,,,
てんのう,Thiên Hoàng,天皇,shinkanzen,天皇陛下に会います。,Gặp Thiên hoàng.,,,
てんのうせい,Thiên Hoàng Chế,天皇制,shinkanzen,日本の天皇制です。,Chế độ Thiênhoàng của Nhật Bản.,,,
てんぷ,Thiêm Phụ,添付,shinkanzen,メールにファイルを添<br>付します。,Đính kèm file vào email.,,,
でんりょく,Điện Lực,電力,shinkanzen,電力会社に連絡しま<br>す。,Liên lạc với công ty điện lực.,,,
ど,Độ,～度,shinkanzen,温度は 30<br>度です。,Nhiệt độ là 30 độ.,,,
とい,Vấn,問い,shinkanzen,問いに答え<br>ます。,Trả lời câu hỏi.,,,
といかける,Vấn,問いかける,shinkanzen,先生に問いかけます。,Hỏi giáo viên.,,,
とう,Đầu,～頭,shinkanzen,牛五頭,Năm con bò.,,,
どう～,Đồng,同～,shinkanzen,同年代の友<br>達,Bạn bè cùng lứa tuổi.,,,
とうあん,Đáp Án,答案,shinkanzen,試験の答案を見直す,Xem lại đáp án bài thi.,,,
とういつ,Thống Nhất,統一,shinkanzen,国を統一す<br>る,Thống nhất đất nước.,,,
どうぎょうしゃ,Đồng Nghiệp Giả,同業者,shinkanzen,彼は私の同業者です,Anh ấy là đồng nghiệp của tôi.,,,
とうきょうはつ,Đông Kinh Phát,東京発,shinkanzen,東京発の電車,Chuyến tàu khởi hànhtừ Tokyo.,,,
とうきょうほうめん,Đông Kinh Phương Diện,東京方面,shinkanzen,東京方面行きのバス,Xe buýt đi về hướng Tokyo.,,,
とうし,Đầu Tư,投資,shinkanzen,新しい事業に投資する,Đầu tư vào dự án mới.,,,
どうせ,-,どうせ,shinkanzen,どうせ間に合わない,Đằng nào thì cũng không kịp.,,,
どうせだい,Đồng<br>Thế Đại,同世代,shinkanzen,同世代の友人,Bạn bè cùng thế hệ.,,,
とうちゃく,Đáo Trứ,到着,shinkanzen,目的地に到着する,Đến đích.,,,
どうていど,Đồng Trình Độ,同程度,shinkanzen,同程度の能力,Khả năngtương đương.,,,
とうとう,-,とうとう,shinkanzen,とうとう彼が来ました,Cuối cùng anh ấy đãđến.,,,
どうとく,Đạo Đức,道徳,shinkanzen,道徳を学ぶ,Học về đạo đức.,,,
どうとくてき,Đạo Đức Đích,道徳的,shinkanzen,道徳的な行動,Hành động mang tính đạo đức.,,,
とうなん,Đạo Nan,盗難,shinkanzen,盗難に遭う,Bị trộm cắp.,,,
どうにゅう,Đạo Nhập,導入,shinkanzen,新しいシステムを導入<br>する,Đưa vào hệ thống mới.,,,
とうひょう,Đầu Phiếu,投票,shinkanzen,選挙で投票する,Bỏ phiếu trong cuộc bầu cử.,,,
とうぶん,Đương Phân,当分,shinkanzen,当分の間休業します,Tạm thời nghỉ kinh doanh.,,,
どうも,-,どうも,shinkanzen,どうもあり<br>がとうございます,Rất cảm ơn.,,,
どうりょう,Đồng Liêu,同僚,shinkanzen,彼は私の同僚です,Anh ấy là đồng nghiệp của tôi.,,,
とうろくしょう,Đăng Lục Chứng,登録証,shinkanzen,登録証を見せてくださ<br>い,Hãy cho tôi xem thẻđăng ký.,,,
とうろくずみ,Đăng Lục Tế,登録済み,shinkanzen,登録済みのアカウント,Tài khoản đã đăng ký.,,,
とおり～,Thông,通り～,shinkanzen,通りすがり<br>の人,Người đi ngang qua.,,,
とおりかかる,Thông,通りかかる,shinkanzen,通りかかった人に聞く,Hỏi người đi ngangqua.,,,
とおりすぎる,Thông Quá,通り過ぎる,shinkanzen,駅を通り過ぎる,Đi quá ga.,,,
とかす,Dung,溶かす,shinkanzen,バターを溶かす,Làm tan bơ.,,,
とかす,-,とかす,shinkanzen,氷を溶かす,Làm tan đá.,,,
ときおり,Thời Chiết,時折,shinkanzen,時折雨が降<br>る,Thi thoảng có mưa.,,,
どきどき,-,どきどき,shinkanzen,試験の前に<br>どきどきする,Hồi hộp trước khi thi.,,,
とく,Giải,解く,shinkanzen,問題を解く,Giải quyết vấn đề.,,,
とく,Dung,溶く,shinkanzen,絵の具を水で溶く,Pha màu vẽ với nước.,,,
とく,-,とく,shinkanzen,髪をとく,Chải tóc.,,,
とくいさき,Đắc Ý Tiên,得意先,shinkanzen,主要な得意先,Khách hàng chính.,,,
どくしょ,Độc Thư,読書,shinkanzen,読書が趣味です,Đọc sách là sở thích của tôi.,,,
どくしん,Độc Thân,独身,shinkanzen,彼はまだ独<br>身です,Anh ấy vẫn độc thân.,,,
どくしんしゃ,Độc<br>Thân Giả,独身者,shinkanzen,独身者のパーティー,Tiệc dành cho ngườiđộc thân.,,,
どくりつ,Độc Lập,独立,shinkanzen,会社から独立する,Độc lậpkhỏi công ty.,,,
どくりつしん,Độc Lập Tâm,独立心,shinkanzen,独立心が強い,Tinh thần độc lập mạnh mẽ.,,,
とける,Giải,解ける,shinkanzen,緊張が解ける,Giải tỏa căng thẳng.,,,
とける,Dung,溶ける,shinkanzen,氷が溶ける,Đá tan.,,,
どける,-,どける,shinkanzen,障害物をどける,Tránhchướng ngại vật.,,,
ところどころ,Sở Sở,所々,shinkanzen,所々に花が咲いている,Hoa nở ở nhiều nơi.,,,
としうえ,Niên<br>Thượng,年上,shinkanzen,彼は私より<br>年上です,Anh ấy lớn tuổi hơn tôi.,,,
としした,Niên Hạ,年下,shinkanzen,彼女は私よ<br>り年下です,Cô ấy nhỏtuổi hơn tôi.,,,
どしゃくずれ,Thổ Sa Băng,土砂崩れ,shinkanzen,大雨で土砂崩れが起きた,Trượt lở đất xảy ra domưa lớn.,,,
としん,Đô Tâm,都心,shinkanzen,都心に住む,Sống ở trung tâm thành phố.,,,
としんほうめん,Đô Tâm Phương Diện,都心方面,shinkanzen,都心方面行きのバス,Xe buýt đi về hướng trung tâm thành phố.,,,
とっくに,-,とっくに,shinkanzen,とっくに知っている,Đã biết từ lâu rồi.,,,
どっさり,-,どっさり,shinkanzen,どっさり買う,Mua nhiều.,,,
とつじょ,Đột Như,突如,shinkanzen,突如として<br>現れる,Xuất hiện đột ngột.,,,
とても,-,とても,shinkanzen,とても美しい,Rất đẹp.,,,
とどけ,Giới,～届,shinkanzen,休暇届を出す,Nộp đơn xin nghỉ phép.,,,
どなる,Nộ Minh,怒鳴る,shinkanzen,子供を怒鳴る,Quát mắng trẻ con.,,,
とびこむ,Phi Nhập,飛び込む,shinkanzen,プールに飛び込む,Lao vào bể bơi.,,,
とびだす,Phi Xuất,飛び出す,shinkanzen,道に飛び出す,Lao ra đường.,,,
とびまわる,Phi Hồi,飛び回る,shinkanzen,鳥が飛び回る,Chim bay lòng vòng.,,,
とぼしい,Phạp,乏しい,shinkanzen,経験が乏しい,Thiếu kinh nghiệm.,,,
とらえる,Bộ,捕らえる,shinkanzen,犯人を捕ら<br>える,Bắt tội phạm.,,,
ドラマ,-,ドラマ,shinkanzen,テレビドラマを見る,Xem phimtruyền hình.,,,
とる～,Thủ,取る～,shinkanzen,取り引き,Giao dịch.,,,
とりあえず,-,とりあえず,shinkanzen,とりあえず<br>試してみる,Thử trước đã.,,,
とりあげる,Thủ<br>Thượng,取り上げる,shinkanzen,問題を取り上げる,Đưa ra vấn đề.,,,
とりいれる,Thủ Nhập,取り入れる,shinkanzen,新しい技術を取り入れ<br>る,Đưa vào công nghệ mới.,,,
とりおさえる,Thủ Áp,取り押さえる,shinkanzen,犯人を取り<br>押さえる,Khống chế tội phạm.,,,
とりかえる,Thủ Thế,取り替える,shinkanzen,電池を取り<br>替える,Thay pin.,,,
とりくみ,Thủ Tổ,取り組み,shinkanzen,環境問題への取り組み,Giải quyết vấn đề môi trường.,,,
とりくむ,Thủ Tổ,取り組む,shinkanzen,課題に取り組む,Đối phó với nhiệm vụ.,,,
とりけす,Thủ Tiêu,取り消す,shinkanzen,予約を取り消す,Hủy đặt chỗ.,,,
とりしまる,Thủ Đế,取り締まる,shinkanzen,法律を取り締まる,Kiểm soát pháp luật.,,,
とりだす,Thủ Xuất,取り出す,shinkanzen,本を取り出<br>す,Lấy sách ra.,,,
とりひき,Thủ Dịch,取引,shinkanzen,ビジネス取引,Giao dịch kinh doanh.,,,
とりひきさき,Thủ Dịch Tiên,取引先,shinkanzen,取引先との会議,Hội nghị với đối táckinh doanh.,,,
トレーニング,-,トレーニング,shinkanzen,トレーニン<br>グを受ける,Nhận đào tạo.,,,
とれたて,-,とれたて,shinkanzen,とれたての<br>野菜,Rau vừa mới hái.,,,
どろ,Nê,泥,shinkanzen,靴に泥がつく,Dính bùn vào giày.,,,
トン,-,トン,shinkanzen,1 トンの荷<br>物,Hàng hóa 1 tấn.,,,
ないか,Nội Khoa,内科,shinkanzen,内科の診察,Khám nội khoa.,,,
ないかくそうりだいじん,Nội Các Tổng Lý Đại Thần,内閣総理大臣,shinkanzen,日本の内閣総理大臣,Thủ tướng Nhật Bản.,,,
ないよう,Nội Dung,内容,shinkanzen,本の内容,Nội dung của cuốn sách.,,,
なお,-,なお,shinkanzen,なおさら忙しい,Bận rộn hơn nữa.,,,
なおさら,-,なおさら,shinkanzen,なおさら面<br>白い,Càng thú vị hơn.,,,
なおす,Trực,～直す,shinkanzen,書き直す,Viết lại.,,,
なが～,Trường,長～,shinkanzen,長時間,Thời giandài.,,,
ながうれる,Danh Mại,名が売れる,shinkanzen,彼は名が売れた俳優だ,Anh ấy là một diễn viên nổitiếng.,,,
ながす,Lưu,流す,shinkanzen,ラジオで音楽を流す,Phát nhạc trên đài.,,,
なかでも,Trung,中でも,shinkanzen,中でも彼が一番優れて<br>いる,Đặc biệt là anh ấy xuất sắc nhất.,,,
なかなおり,Trọng Trực,仲直り,shinkanzen,友達と仲直りする,Làm lành với bạn bè.,,,
なかなか,-,なかなか,shinkanzen,なかなか上<br>達しない,Mãi không tiến bộ.,,,
ながねん,Trường Niên,長年,shinkanzen,長年の友人,Bạn lâu năm.,,,
なかば,Bán,半ば,shinkanzen,計画の半ばで,Giữa chừng kế hoạch.,,,
なかま,Trọng Gian,～仲間,shinkanzen,仕事仲間,Đồng nghiệp.,,,
ながめ,Thiếu,眺め,shinkanzen,眺めの良い部屋,Phòng có tầm nhìn đẹp.,,,
ながめる,Thiếu,眺める,shinkanzen,景色を眺め<br>る,Ngắm cảnh.,,,
ながもち,Trường Trì,長持ち,shinkanzen,この家具は<br>長持ちする,Đồ nội thất này rất bền.,,,
なかよし,Trọng Lương,仲良し,shinkanzen,彼は私の仲良しだ,Anh ấy là bạn thân của tôi.,,,
ながれる,Lưu,流れる,shinkanzen,音楽が流れる,Nhạc được phát.,,,
なきだす,Khấp Xuất,泣き出す,shinkanzen,子供が泣き出す,Trẻ con bắt đầu khóc.,,,
なぐさめる,Úy,慰める,shinkanzen,友達を慰め<br>る,An ủi bạn bè.,,,
なげく,Thán,嘆く,shinkanzen,運命を嘆く,Than vãn sốphận.,,,
なだらか,-,なだらか,shinkanzen,なだらかな<br>坂,Con dốcthoai thoải.,,,
なつかしい,Hoài,懐かしい,shinkanzen,子供時代が懐かしい,Nhớ thời thơ ấu.,,,
なでる,-,なでる,shinkanzen,頭をなでる,Vuốt đầu.,,,
なにしろ,Hà,何しろ,shinkanzen,何しろ忙し<br>い,Dù sao thì cũng bận.,,,
なにより,Hà,何より,shinkanzen,何より健康が大事です,Sức khỏe quan trọng nhất.,,,
なま～,Sinh,生～,shinkanzen,生放送,Phát sóng trực tiếp.,,,
なまいき,Sinh Ý Khí,生意気,shinkanzen,彼は生意気な態度を取る,Anh ấy cóthái độ kiêu ngạo.,,,
なまえんそう,Sinh<br>Diễn Tấu,生演奏,shinkanzen,生演奏を楽しむ,Thưởng thức hòanhạc trực tiếp.,,,
なまける,Đãi,怠ける,shinkanzen,勉強を怠ける,Lười học.,,,
なまでしゅつえん,Sinh Xuất Diễn,生出し演,shinkanzen,生出し演の舞台,Sân khấu biểu diễn trực tiếp.,,,
なみ,Ba,波,shinkanzen,波が高い,Sóng lớn.,,,
ならぶ,Tịnh,❹ぶ,shinkanzen,列に❹ぶ,Xếp hàng.,,,
なんだか,Hà,何だか,shinkanzen,何だか悲しい,Chẳng hiểu sao buồn.,,,
なんと,Hà,なんと,shinkanzen,なんと美しい景色,Thật là cảnh đẹp!,,,
なんとか,Hà,何とか,shinkanzen,何とかして解決する,Tìm cách giải quyết.,,,
なんとなく,Hà,何となく,shinkanzen,何となく不安だ,Chẳng hiểu sao lại lolắng.,,,
なんとも,Hà,何とも,shinkanzen,何とも言えない,Không biết nói sao.,,,
ニーズ,-,ニーズ,shinkanzen,顧客のニーズに応える,Đáp ứng nhu cầu của khách hàng.,,,
にえる,Chử,煮える,shinkanzen,魚が煮える,Cá đã nấuchín.,,,
にがて,Khổ Thủ,苦手,shinkanzen,数学が苦手<br>です,Tôi không giỏi toán.,,,
にがみ,Khổ,苦み,shinkanzen,コーヒーの苦み,Vị đắng của cà phê.,,,
にぎる,Ác,握る,shinkanzen,手を握る,Nắm tay.,,,
にくい,Tăng,憎い,shinkanzen,彼が憎い,Tôi cămghét anh ta.,,,
にくむ,Tăng,憎む,shinkanzen,不正を憎む,Ghét bất công.,,,
にくらしい,Tăng,憎らしい,shinkanzen,憎らしい顔,Khuôn mặt đáng ghét.,,,
にげだす,Đào Xuất,逃げ出す,shinkanzen,家から逃げ出す,Trốn khỏi nhà.,,,
にげまわる,Đào Hồi,逃げ回る,shinkanzen,追跡から逃げ回る,Chạy trốn sự truyđuổi.,,,
にこにこ,-,にこにこ,shinkanzen,にこにこ笑<br>う,Mỉm cười.,,,
にさんかたんそ,Nhị Toan Hóa Than Tố,二酸化炭素,shinkanzen,二酸化炭素の排出,Phát thải CO2.,,,
にっちゅう,Nhật Trung,日中,shinkanzen,日中働く,Làm việc trong ngày.,,,
にってい,Nhật Trình,日程,shinkanzen,日程を確認する,Kiểm tra lịch trình.,,,
にはくみっか,Nhị Bạc Tam<br>Nhật,二泊三日,shinkanzen,二泊三日の旅行,Chuyến du lịch ba ngày hai đêm.,,,
にぶい,Độn,鈍い,shinkanzen,反応が鈍い,Phản ứng chậm.,,,
にほんさん,Nhật Bản Sản,日本産,shinkanzen,日本産の野菜,Rau sản xuất tạiNhật Bản.,,,
にほんれっとう,Nhật Bản Liệt Đảo,日本列島,shinkanzen,日本列島を旅行する,Du lịch quần đảoNhật Bản.,,,
にめーとるおき,Nhị,二メートルおき,shinkanzen,二メートルおきに植え<br>る,Trồng cây cách nhau 2 mét.,,,
にやにや,-,にやにや,shinkanzen,にやにや笑う,Cười nhăn nhở.,,,
にゅうしゃ,Nhập Xã,入社,shinkanzen,新入社員が入社する,Nhân viên mới gianhập công ty.,,,
にゅうしゅ,Nhập Thủ,入手,shinkanzen,情報を入手する,Thu thập thông tin.,,,
にらむ,-,にらむ,shinkanzen,犯人をにらむ,Lườm tội phạm.,,,
にる,Chử,煮る,shinkanzen,野菜を煮る,Nấu rau.,,,
にわかに,-,にわかに,shinkanzen,にわかに雨<br>が降る,Mưa bấtthình lình.,,,
にわとり,Kê,鶏,shinkanzen,鶏を飼う,Nuôi gà.,,,
にんき,Nhân Khí,人気,shinkanzen,人気のある商品,Sản phẩm được ưa chuộng.,,,
ぬう,Phùng,縫う,shinkanzen,服を縫う,Khâu quần áo.,,,
ぬきだす,Bạt Xuất,抜き出す,shinkanzen,書類を抜き出す,Rút ra tài liệu.,,,
ぬける,Bạt,抜ける,shinkanzen,歯が抜ける,Rụng răng.,,,
ね,Trị,値,shinkanzen,品物の値,Giá trị của hàng hóa.,,,
ねあがり,Trị<br>Thượng,値上がり,shinkanzen,商品の値上<br>がり,Tăng giá sản phẩm.,,,
ねあげ,Trị<br>Thượng,値上げ,shinkanzen,電気料金の<br>値上げ,Tăng giá tiền điện.,,,
ねがう,Nguyện,願う,shinkanzen,成功を願う,Mong muốn thành công.,,,
ねさがり,Trị Hạ,値下がり,shinkanzen,株価の値下がり,Giá cổ phiếu giảm.,,,
ねじる,-,ねじる,shinkanzen,足をねじる,Trẹo chân.,,,
ねっする,Nhiệt,熱する,shinkanzen,油を熱する,Đun nóng dầu.,,,
ねっちゅう,Nhiệt Trung,熱中,shinkanzen,仕事に熱中<br>する,Say mê công việc.,,,
ねぶそく,Tẩm Bất Túc,寝不足,shinkanzen,寝不足で疲れる,Mệt mỏi do thiếu ngủ.,,,
ねむりこむ,Miên Nhập,眠り込む,shinkanzen,ソファで眠り込む,Ngủ vùi trên ghế sofa.,,,
ねむる,Miên,眠る,shinkanzen,夜に眠る,Ngủ vào ban đêm.,,,
ねらう,-,ねらう,shinkanzen,的をねらう,Nhắm vào mục tiêu.,,,
ねんがじょう,Niên Hạ Trạng,年賀状,shinkanzen,友達に年賀状を送る,Gửi thiệp chúc mừng năm mới cho bạn bè.,,,
ねんげつ,Niên<br>Nguyệt,年月,shinkanzen,年月が経つ,Thời gian trôi qua.,,,
ねんじゅう,Niên Trung,年中,shinkanzen,年中忙しい,Bận rộn suốt cả năm.,,,
ねんだいべつ,Niên Đại Biệt,年代別,shinkanzen,年代別のデータ,Dữ liệu theo lứa tuổi.,,,
ねんど,Niên Độ,～年度,shinkanzen,2024 年度の計画,Kế hoạch của năm 2024.,,,
のうぎょう,Nông Nghiệp,農業,shinkanzen,農業を営む,Làm nông nghiệp.,,,
のうさぎょう,Nông Tác<br>Nghiệp,農作業,shinkanzen,農作業を手伝う,Giúp việc nhà nông.,,,
のうすいしょう,Nông Thủy Tướng,農水相,shinkanzen,日本の農水相,Bộ trưởng Bộ Nông nghiệp Nhật Bản.,,,
のうぜい,Nạp Thuế,納税,shinkanzen,納税の義務,Nghĩa vụ nộp thuế.,,,
のうりつ,Năng Suất,能率,shinkanzen,能率が上がる,Năng suất tăng lên.,,,
ノーベルしょう,-,ノーベル賞,shinkanzen,ノーベル賞を受賞する,Nhận giải Nobel.,,,
のがす,Đào,逃す,shinkanzen,チャンスを<br>逃す,Để tuột cơ hội.,,,
ののしる,-,ののしる,shinkanzen,彼をののしる,Nguyền rủa anh ta.,,,
のばす,Thân,伸ばす,shinkanzen,手を伸ばす,Kéo tay.,,,
のびのび,-,のびのび,shinkanzen,子供たちが<br>のびのび育つ,Trẻ em lớn lên thoải mái.,,,
のぼりでんしゃ,Thượng Điện Xa,上り電車,shinkanzen,上り電車に乗る,Lên tàu đi về thành phố.,,,
のり～,Thừa,乗り～,shinkanzen,乗り越す,Đi quá.,,,
のりおくれる,Thừa Trì,乗り遅れる,shinkanzen,バスに乗り<br>遅れる,Lỡ xe buýt.,,,
のりこえる,Thừa Việt,乗り越える,shinkanzen,壁を乗り越<br>える,Vượt qua bức tường.,,,
のりこす,Thừa Việt,乗り越す,shinkanzen,駅を乗り越<br>す,Đi quá ga.,,,
のりこむ,Thừa Nhập,乗り込む,shinkanzen,船に乗り込む,Lên thuyền.,,,
のろのろ,-,のろのろ,shinkanzen,のろのろ歩く,Đi chậm.,,,
のんき,-,のん気,shinkanzen,のん気な生<br>活,Cuộc sống vô tư.,,,
のんびり,-,のんびり,shinkanzen,のんびり過ごす,Sống thảnh thơi.,,,
はいしゅつりょう,Bài Xuất Lượng,排出量,shinkanzen,排出量を減らす,Giảm lượng phát thải.,,,
はいち,Phối Trí,配置,shinkanzen,椅子を配置する,Bố trí ghế.,,,
ばいてん,Mại Điếm,売店,shinkanzen,駅の売店,Quầy bán hàng ở ga.,,,
はう,-,はう,shinkanzen,赤ちゃんがはう,Em bé bò.,,,
はか,Mộ,墓,shinkanzen,先祖の墓,Mộ tổ tiên.,,,
はかい,Phá Hoại,～破壊,shinkanzen,環境破壊,Phá hoạimôi trường.,,,
はかまいり,Mộ Tham,墓参り,shinkanzen,墓参りをす<br>る,Đi viếng mộ.,,,
はきけ,Thổ Khí,吐き気,shinkanzen,吐き気がする,Cảm thấy buồn nôn.,,,
はきはき,-,はきはき,shinkanzen,はきはきと<br>答える,Trả lời rõ ràng.,,,
はく,Thổ,吐く,shinkanzen,食べたものを吐く,Nôn thức ăn ra.,,,
はく,Tảo,掃く,shinkanzen,庭を掃く,Quét sân.,,,
はさん,Phá Sản,破産,shinkanzen,会社が破産<br>する,Công ty phá sản.,,,
はしりまわる,Tẩu Hồi,走り回る,shinkanzen,子供が走り回る,Trẻ em chạy lòng vòng.,,,
はずかしがり,Sỉ,恥ずかしがり,shinkanzen,彼は恥ずか<br>しがり屋です,Anh ấy là người hay xấu hổ.,,,
パスポート,-,パスポート,shinkanzen,パスポートを申請する,Xin hộ chiếu.,,,
はだ,Cơ,肌,shinkanzen,肌がきれい,Da đẹp.,,,
はたけ,Điền,畑,shinkanzen,野菜の畑,Ruộng rau.,,,
はたして,Quả,果たして,shinkanzen,果たしてそうだろうか,Liệu có phải vậy không?,,,
はたす,Quả,果たす,shinkanzen,任務を果た<br>す,Hoàn thành nhiệm vụ.,,,
はつ～,Sơ,初～,shinkanzen,初恋,Mối tình đầu.,,,
はつ,Phát,～発,shinkanzen,東京発の電車,Tàu xuất phát từTokyo.,,,
はつが,Phát Nha,発芽,shinkanzen,種が発芽す<br>る,Hạt giống nảy mầm.,,,
パック,-,～パック,shinkanzen,牛乳パック,Hộp sữa.,,,
はっけん,Phát Kiến,発見,shinkanzen,新しい星を発見する,Phát hiện ra ngôi saomới.,,,
はっこう,Phát Hành,発行,shinkanzen,雑誌を発行<br>する,Phát hành tạp chí.,,,
はつこうかい,Sơ Công Khai,初公開,shinkanzen,映画の初公開,Công chiếu phim lầnđầu.,,,
はつしも,Sơ Sương,初霜,shinkanzen,初霜が降り<br>る,Sương đầu mùa rơi.,,,
はっしゃ,Phát Xa,発車,shinkanzen,電車が発車する,Tàu khởi hành.,,,
はつしゅつじょう,Sơ Xuất Trường,初出場,shinkanzen,試合の初出場,Tham giatrận đấu lần đầu.,,,
はっせい,Phát Sinh,発生,shinkanzen,問題が発生<br>する,Vấn đề phát sinh.,,,
はっそう,Phát Tưởng,発想,shinkanzen,いい発想が浮かぶ,Nảy ra ý tưởng hay.,,,
はったつ,Phát Đạt,発達,shinkanzen,技術が発達する,Công nghệ phát triển.,,,
はってん,Phát Triển,発展,shinkanzen,産業が発展する,Ngành công nghiệp phát triển.,,,
はつでんしょ,Phát<br>Điện Sở,発電所,shinkanzen,新しい発電所を建設す<br>る,Xây dựng trạm phát điện mới.,,,
はつぶたい,Sơ Vũ Đài,初舞台,shinkanzen,俳優の初舞台,Sân khấuđầu tiên của diễn viên.,,,
はつめい,Phát Minh,発明,shinkanzen,新しい機械を発明する,Phát minh máy móc mới.,,,
はつゆうしょう,Sơ Ưu Thắng,初優勝,shinkanzen,チームの初優勝,Chiến thắng đầu tiên của đội.,,,
はつゆき,Sơ Tuyết,初雪,shinkanzen,初雪を見る,Ngắm tuyết đầu mùa.,,,
はで,Phái Thủ,派手,shinkanzen,派手な衣装,Trang phục lòe loẹt.,,,
はなしあい,Thoại Hợp,話し合い,shinkanzen,家族と話し<br>合う,Bàn bạc với gia đình.,,,
はなしあう,Thoại Hợp,話し合う,shinkanzen,問題について話し合う,Bàn bạc về vấn đề.,,,
はなしかける,Thoại,話しかける,shinkanzen,隣の人に話しかける,Bắt chuyện với ngườibên cạnh.,,,
はなしこむ,Thoại,話し込む,shinkanzen,友達と話し込む,Nói chuyện say sưa với bạn bè.,,,
はなしだす,Thoại Xuất,話し出す,shinkanzen,急に話し出す,Bỗng nhiên nói ra.,,,
はなしぶり,Thoại,話しぶり,shinkanzen,彼の話しぶりが好きだ,Thích cách nói chuyện của anh ấy.,,,
はながたかい,Tị Cao,鼻が高い,shinkanzen,息子の成功に鼻が高い,Hãnh diện vì sự thành công của con trai.,,,
はなでわらう,Tị Tiếu,鼻で笑う,shinkanzen,彼を鼻で笑<br>う,Cười mỉa anh ta.,,,
はなむこ,Hoa Tế,花婿,shinkanzen,彼は新しい花婿です,Anh ấy là chú rể mới.,,,
はなやか,Hoa,華やか,shinkanzen,華やかなパ<br>ーティー,Buổi tiệc sang trọng.,,,
はなよめ,Hoa Giá,花嫁,shinkanzen,彼女は美しい花嫁です,Cô ấy là cô dâu xinhđẹp.,,,
はねる,Khiêu,跳ねる,shinkanzen,カエルが跳ねる,Con ếch nhảy.,,,
はねる,-,はねる,shinkanzen,油が跳ねる,Dầu bắn ra.,,,
はば,Phúc,幅,shinkanzen,道の幅,Bề rộng của con đường.,,,
ははおや,Mẫu Thân,母親,shinkanzen,母親の愛情,Tình yêu của mẹ.,,,
はまる,-,はまる,shinkanzen,指輪がはまる,Nhẫn vừa khít.,,,
はやまる,Tảo,早まる,shinkanzen,予定が早まる,Kế hoạch diễn ra sớmhơn.,,,
はやまる,Tốc,速まる,shinkanzen,進行が速まる,Tiến trình nhanh hơn.,,,
はやめる,Tảo,早める,shinkanzen,出発を早める,Đẩy nhanhviệc khởi hành.,,,
はやめる,Tốc,速める,shinkanzen,ペースを速める,Đẩy nhanh nhịp độ.,,,
払い込む,Phất nhập,はらいこむ,shinkanzen,毎月、電気料金を払い込む必要があります。,Cần phải trả tiền điệnhàng tháng.,,,
腹が決まる,Phúc quyết,はらがきまる,shinkanzen,彼はついに留学することに腹が決まりまし た。,Cuối cùng anh ấy đãquyết tâm đi du học.,,,
腹が立つ,Phúc lập,はらがたつ,shinkanzen,彼の失礼な態度に腹が立った。,Tôi đã tức giận vì thái độ thất lễ của anh ấy.,,,
腹を決める,Phúc quyết,はらをきめる,shinkanzen,明日からダイエットを始めると腹を決めた。,Tôi đãquyết tâm bắt đầu ăn kiêng từngày mai.,,,
腹を立てる,Phúc lập,はらをたてる,shinkanzen,彼の無責任な言葉に腹を立てた。,Tôi đã bực tức vì lờinói vô trách nhiệm của anh ấy.,,,
張り切る,Trương thiết,はりきる,shinkanzen,彼は新しい仕事に張り切っている。+G1908,Anh ấyđang hănghái với công việc mới.,,,
遥か,Diêu,はるか,shinkanzen,遥か昔の話です。,Đây là câu chuyện từ rất lâu rồi.,,,
反～,Phản ~,はん～,shinkanzen,彼は反社会的な行動を取ってい る。,Anh ta đang có hành động phản xã hội.,,,
半～,Bán ~,はん～,shinkanzen,彼は半信半疑でその話を聞いた。,Anh ấy nghe câuchuyện đóvới nửa tin nửa ngờ.,,,
～版,Bản ~,～はん,shinkanzen,新しい版が発売されました。,Phiên bản mới đãđược phát hành.,,,
範囲,Phạm vi,はんい,shinkanzen,試験の範囲を確認してください。,Hãy xácnhận phạm vi của kỳ thi.,,,
半永久的,Bán vĩnh cửu,はんえいきゅうてき,shinkanzen,この材料は半永久的に使用可能で<br>す。,Vật liệu này có thể sử dụng lâudài.,,,
番組,Phiên tổ,ばんぐみ,shinkanzen,お気に入りの番組を見逃した。,Tôi đã bỏ lỡ chương trình yêuthích.,,,
反抗的,Phản kháng,はんこうてき,shinkanzen,彼は反抗的な態度を取ることが多<br>い。,Anh ấy thường cóthái độ phản kháng.,,,
犯罪防止,Phạm tội phòng chỉ,はんざいぼうし,shinkanzen,警察は犯罪防止のためにパトロールを強化した。,Cảnh sát đã tăng cường tuần tra để phòng chống tộiphạm.,,,
反社会的,Phản xã hội,はんしゃかいてき,shinkanzen,彼の反社会的な行動は問題になっ<br>ている。,Hành viphản xã hội của anh ấy đang là vấn đề.,,,
繁殖,Phồn thực,はんしょく,shinkanzen,この植物は繁殖が速いです。,Loài câynày sinh sôi rất nhanh.,,,
半世紀,Bán thế kỷ,はんせいき,shinkanzen,彼は半世紀に渡ってこの仕事を続けている。,Anh ấy đã làm công việc nàysuốt nửa thế kỷ.,,,
半そで,Bán tay,はんそで,shinkanzen,夏には半そでのシャツ<br>が人気です。,Áo sơ mi tay ngắn rất phổ biếnvào mùa hè.,,,
半島,Bán đảo,はんとう,shinkanzen,インドシナ半島はアジ<br>アにあります。,Bán đảo ĐôngDương nằm ở châu Á.,,,
半透明,Bán trong suốt,はんとうめい,shinkanzen,このカーテンは半透明です。,Cái rèm này nửa trongsuốt.,,,
反時計回り,Phản thời kế hồi,はんとけいまわり,shinkanzen,反時計回りに回してください。,Hãy quayngược chiều kim đồnghồ.,,,
犯人,Phạm nhân,はんにん,shinkanzen,警察は犯人を捕まえま<br>した。,Cảnh sát đã bắt được thủ phạm.,,,
犯人扱い,Phạm<br>nhân tráp,はんにんあつかい,shinkanzen,彼は無実なのに犯人扱いされた。,Anh ấy bị đối xử nhưkẻ có tội dù vô tội.,,,
反比例,Phản tỷ lệ,はんぴれい,shinkanzen,圧力と体積は反比例の関係にあ る。,Áp suất và thể tích có quan hệ tỷ lệ nghịch.,,,
氾濫,Phạm lạm,はんらん,shinkanzen,大雨で川が氾濫した。,"Do mưa lớn, sông đã ngập lụt.",,,
非～,Phi ~,ひ～,shinkanzen,非常口はあちらです。,Cửa thoáthiểm ở đằng kia.,,,
～費,Phí ~,～ひ,shinkanzen,交通費がかかります。,Cần phải trả tiền đi lại.,,,
被害,Bị hại,ひがい,shinkanzen,台風の被害<br>が大きいです。,Thiệt hại do bão rất lớn.,,,
被害届,Bị hại giới,ひがいとどけ,shinkanzen,警察に被害届を出しました。,Tôi đã nộp đơn bị hại đến cảnhsát.,,,
日帰り,Nhật quy,ひがえり,shinkanzen,京都への日帰り旅行を計画しています。,Tôi đang lên kếhoạch cho chuyến đi Kyoto trong ngày.,,,
非課税,Phi khóa thuế,ひかぜい,shinkanzen,非課税の商品を購入しました。,Tôi đã mua sản phẩm không phải trả thuế.,,,
ぴかぴか,,ぴかぴか,shinkanzen,ぴかぴかに磨いた靴。,Đôi giày được đánhbóng loáng.,,,
引き～,Dẫn ~,ひき～,shinkanzen,引き出しからお金を引き出す。,Lấy tiền ra khỏi ngăn kéo.,,,
引き受ける,Dẫn thụ,ひきうける,shinkanzen,新しいプロジェクトを引き受けま<br>した。,Tôi đã nhận dự án mới.,,,
引き返す,Dẫn phản,ひきかえす,shinkanzen,忘れ物をして家に引き返しまし<br>た。,Tôi quay về nhà vì quên đồ.,,,
引き算,Dẫn toán,ひきざん,shinkanzen,子供に引き算を教えて<br>います。,Tôi đang dạy con phép trừ.,,,
引き出す,Dẫn xuất,ひきだす,shinkanzen,彼はポケットから鍵を引き出し<br>た。,Anh ấy lấy chìa khóa từ túi ra.,,,
引き止める,Dẫn chỉ,ひきとめる,shinkanzen,彼を引き止めたが、行ってしまった。,Tôi đã cố giữ anh ấy lại nhưnganh ấy đã đi mất.,,,
引き取る,Dẫn thủ,ひきとる,shinkanzen,荷物を引き取りに来ました。,Tôi đến để nhận hành lý.,,,
卑怯,Ti khiếp,ひきょう,shinkanzen,卑怯な行動は許せな い。,Hành động hèn hạ không thể tha thứ.,,,
引き分け,Dẫn phân,ひきわけ,shinkanzen,試合は引き分けに終わった。,Trận đấukết thúc với kết quả hòa.,,,
引く,Dẫn,ひく,shinkanzen,５から３を引くと２になる。,Trừ 3 từ 5sẽ được 2.,,,
髭,Tì,ひげ,shinkanzen,彼は長い髭を生やしている。,Anh ấy để râu dài.,,,
非公開,Phi công khai,ひこうかい,shinkanzen,非公開の会議が行われた。,Một cuộc họp không công khai đã được tổ chức.,,,
非公式,Phi chính thức,ひこうしき,shinkanzen,非公式な情報に注意してくださ い。,Hãy chú ý đến thông tin không chính thức.,,,
日ごろ,Nhật,ひごろ,shinkanzen,日ごろの努<br>力が大切です。,Nỗ lực hàng ngày rấtquan trọng.,,,
被災～,Bị tai,ひさい～,shinkanzen,被災地に支援物資を送る。,Gửi hàng cứu trợ đến vùng bịthiệt hại.,,,
被災者,Bị tai giả,ひさいしゃ,shinkanzen,被災者を救助する。,Cứu trợ nạn nhân.,,,
被災地,Bị tai địa,ひさいち,shinkanzen,被災地にボランティアが集まる。,Tìnhnguyện viên tụ họp tạinơi bị thiệt hại.,,,
日差し,Nhật soa,ひざし,shinkanzen,日差しが強い。,Nắng chiếu rất mạnh.,,,
非常に,Phi thường,ひじょうに,shinkanzen,この問題は非常に重要です。,Vấn đề này rất quan trọng.,,,
ビタミン,Vitamin,びたみん,shinkanzen,野菜には多くのビタミ<br>ンが含まれています。,Rau chứa nhiều vitamin.,,,
引っかかる,Dẫn,ひっかかる,shinkanzen,服が釘に引っかかっ た。,Áo bị vướng vào đinh.,,,
引っかく,Dẫn,ひっかく,shinkanzen,猫が手を引っかいた。,Con mèo đã cào vào tay tôi.,,,
引っかける,Dẫn,ひっかける,shinkanzen,石につまずいて引っかけた。,Tôi vấp vào đá và bịngã.,,,
筆記具,Bút ký cụ,ひっきぐ,shinkanzen,新しい筆記具を買いました。,Tôi đã mua dụng cụ viết mới.,,,
筆記試験,Bút ký thí<br>nghiệm,ひっきしけん,shinkanzen,明日は筆記<br>試験があります。,Ngày mai có bài thi viết.,,,
引っ繰り返す,Dẫn xử lý phản,ひっくりかえす,shinkanzen,カードを引っ繰り返し<br>て見てみる。,Lật ngược thẻ và nhìn xem.,,,
引っ込む,Dẫn nhập,ひっこむ,shinkanzen,お腹が引っ<br>込むように運動する。,Tập thể dục để bụng thụt vào.,,,
羊,Dương,ひつじ,shinkanzen,牧場で羊を飼ってい<br>る。,Nuôi cừu ở nông trại.,,,
必死,Tất tử,ひっし,shinkanzen,彼は必死で勉強している。,Anh ấy đang họchết mình.,,,
筆者,Bút giả,ひっしゃ,shinkanzen,筆者の意図を読み取<br>る。,Đọc hiểu ý đồ của tác giả.,,,
びっしょり,,びっしょり,shinkanzen,雨でびっしょり濡れ た。,Bị ướt sũng do mưa.,,,
びっしり,,びっしり,shinkanzen,スケジュールがびっしり詰まって<br>いる。,Lịch trình kín mít.,,,
ひっそり,,ひっそり,shinkanzen,ひっそりとした森の<br>中。,Trong khu rừng yêntĩnh.,,,
ぴったり,,ぴったり,shinkanzen,サイズがぴったり合 う。,Kích thước vừa khít.,,,
引っ張る,Dẫn trương,ひっぱる,shinkanzen,ロープを引っ張る。,Kéo dây thừng.,,,
否定,Phủ định,ひてい,shinkanzen,彼はその事実を否定した。,Anh ấy đã phủ định sự thật đó.,,,
人違い,Nhân vi,ひとちがい,shinkanzen,私を人違いしているようです。,Hình như bạn đãnhầm người rồi.,,,
一つおき,Nhất,ひとつおき,shinkanzen,一つおきに席を取る。,Chọn chỗ ngồi cách một chỗ.,,,
ひとまず,,ひとまず,shinkanzen,ひとまずこれで終わりにしましょう。,Tạm thời kết thúc ở đây thôi.,,,
一人暮らし,Nhất<br>nhân mộ,ひとりぐらし,shinkanzen,大学生の 時、一人暮らしをして<br>いました。,Tôi đã sống một mìnhkhi còn là sinh viên.,,,
一人っ子,Nhất<br>nhân tử,ひとりっこ,shinkanzen,彼は一人っ子です。,Anh ấy là con một.,,,
避難,Tị nạn,ひなん,shinkanzen,台風が来る前に避難する。,Sơ tán trước khi bão đến.,,,
皮肉,Bì nhục,ひにく,shinkanzen,彼の言葉には皮肉が含まれてい<br>る。,Lời nói của anh ấy có chứa sự mỉa mai.,,,
ひねる,,ひねる,shinkanzen,栓をひねっ<br>て水を出す。,Vặn vòinước để mở nước.,,,
批判,Phê phán,ひはん,shinkanzen,彼の行動を批判する。,Phê phán hành độngcủa anh ấy.,,,
批評,Phê bình,ひひょう,shinkanzen,映画の批評を書く。,Viết phê bình phim.,,,
冷やす,Lãnh,ひやす,shinkanzen,氷で手を冷やす。,Chườm lạnh tay bằng đá.,,,
ひやひや,,ひやひや,shinkanzen,崖の近くを歩いてひやひやした。,Tôi cảm thấy khiếp vía khi đi gần váchđá.,,,
表,Biểu,ひょう,shinkanzen,結果を表にまとめる。,Tóm tắt kết quả thành bảng.,,,
費用,Phí dụng,ひよう,shinkanzen,旅行の費用を計算す る。,Tính toán chi phí du lịch.,,,
美容,Mỹ dung,びよう,shinkanzen,美容院で髪を切る。,Cắt tóc ở tiệm làm đẹp.,,,
評価,Bình giá,ひょうか,shinkanzen,彼の努力を評価する。,Đánh giá cao nỗ lực của anh ấy.,,,
美容師,Mỹ dung sư,びようし,shinkanzen,美容師に髪を染めてもらう。,Nhuộm tóc bởi nhân viên thẩm mỹ.,,,
評判,Bình phán,ひょうばん,shinkanzen,このレストランは評判がいい。,Nhà hàng này đượcđánh giá tốt.,,,
標本,Tiêu bản,ひょうほん,shinkanzen,博物館に動物の標本が展示されている。,Tiêu bản động vậtđược trưng bày ở bảo tàng.,,,
表面化,Biểu diện hóa,ひょうめんか,shinkanzen,問題が表面化してき た。,Vấn đề đã bắt đầu lộ rõ.,,,
評論,Bình luận,ひょうろん,shinkanzen,彼の評論は的確だ。,Bình luận của anh ấyrất chính xác.,,,
評論家,Bình luận gia,ひょうろんか,shinkanzen,評論家の意見を聞く。,Nghe ý kiến của nhà bình luận.,,,
ひよこ,,ひよこ,shinkanzen,ひよこがピヨピヨ鳴い<br>ている。,Gà con kêu chiếp chiếp.,,,
ひょっとしたら,,ひょっとしたら,shinkanzen,ひょっとしたら雨が降るかもしれない。,Không biết có phải trời sẽ mưa không.,,,
ひょっとすると,,ひょっとすると,shinkanzen,ひょっとすると彼は来るかもしれない。,Chẳng biết chừng anh ấy sẽ đến.,,,
微量,Vi lượng,びりょう,shinkanzen,微量の毒が<br>含まれている。,Chứa một lượng nhỏ độc tố.,,,
広がる,Quảng,ひろがる,shinkanzen,影響が広がっている。,Ảnh hưởng đang được mở rộng.,,,
広げる,Quảng,ひろげる,shinkanzen,地図を広げる。,Mở rộng bản đồ.,,,
広場,Quảng trường,ひろば,shinkanzen,駅前の広場でイベントが開催される。,Sự kiện được tổ chức tại quảng trườngtrước nhà ga.,,,
広まる,Quảng,ひろまる,shinkanzen,うわさが広まった。,Tin đồn đã lan rộng.,,,
広める,Quảng,ひろめる,shinkanzen,文化を広める。,Mở rộng văn hóa.,,,
瓶,Bình,びん,shinkanzen,ワインの瓶を開ける。,Mở chai rượu.,,,
品種,Phẩm chủng,ひんしゅ,shinkanzen,この品種のリンゴは甘い。,Loại táo này ngọt.,,,
品種改良,Phẩm chủng cải lương,ひんしゅかいりょう,shinkanzen,品種改良によって収穫量が増え た。,Nhờ cải tạo giống màsản lượng thu hoạch tăng.,,,
頻繁,Tần phồn,ひんぱん,shinkanzen,頻繁に連絡を取る。,Liên lạc thường xuyên.,,,
ひんやり,,ひんやり,shinkanzen,冷蔵庫の中はひんやりしている。,Bên trong tủ lạnh thì mát lạnh.,,,
不～,Bất ~,ふ～,shinkanzen,不安を感じる。,Cảm thấy bất an.,,,
ファイル,File,ふぁいる,shinkanzen,新しいファイルを作成する。,Tạo file mới.,,,
～風,Phong,～ふう,shinkanzen,和風の部屋が好きで<br>す。,Tôi thích phòng kiểu Nhật.,,,
風景,Phong cảnh,ふうけい,shinkanzen,美しい風景を楽しむ。,Thưởngthức phong cảnh đẹp.,,,
フォント,Font,ふぉんと,shinkanzen,フォントを変更する。,Thay đổi phông chữ.,,,
部下,Bộ hạ,ぶか,shinkanzen,部下に指示を出す。,Ra chỉ thị cho cấp dưới.,,,
不可能,Bất khả năng,ふかのう,shinkanzen,それは不可能な計画 だ。,Đó là kế hoạch bất khả thi.,,,
ぶかぶか,,ぶかぶか,shinkanzen,このズボンはぶかぶか<br>だ。,Chiếc quần này rộng thùng thình.,,,
深まる,Thâm,ふかまる,shinkanzen,理解が深まる。,Hiểu biếttrở nên sâu sắc.,,,
深み,Thâm,ふかみ,shinkanzen,この作品に<br>は深みがある。,Tác phẩm này có chiều sâu.,,,
深める,Thâm,ふかめる,shinkanzen,友情を深める。,Làm sâu sắc tình bạn.,,,
不規則,Bất quy tắc,ふきそく,shinkanzen,不規則な生活を送る。,Sống cuộc sống không giờ giấc.,,,
不気味,Bất khí vị,ぶきみ,shinkanzen,不気味な音が聞こえ る。,Nghe thấy âm thanh đáng sợ.,,,
普及,Phổ cập,ふきゅう,shinkanzen,インターネットの普及が進む。,Sự phổ cập của internet đang tiếntriển.,,,
普及率,Phổ cập suất,ふきゅうりつ,shinkanzen,スマートフォンの普及率が上がる。,Tỷ lệ phổ cập của điện thoại thông minh tăng.,,,
不器用,Bất khí dụng,ぶきよう,shinkanzen,彼は手先が不器用だ。,Anh ấy vụng về.,,,
ふきん,,ふきん,shinkanzen,新しいふきんを使う。,Sử dụngkhăn lau bát mới.,,,
拭く,Thức,ふく,shinkanzen,テーブルを拭く。,Lau bàn.,,,
副～,Phó ~,ふく～,shinkanzen,副社長が挨拶する。,Phó giám đốc chào hỏi.,,,
副作用,Phó tác dụng,ふくさよう,shinkanzen,この薬には副作用があります。,Thuốc này có tác dụng phụ.,,,
服装,Phục trang,ふくそう,shinkanzen,正式な服装を着る。,Mặc trang phục trang trọng.,,,
副都心,Phó đô tâm,ふくとしん,shinkanzen,新しい副都心が開発される。,Khu trung tâm mớiđang được phát triển.,,,
含む,Hàm,ふくむ,shinkanzen,このジュースにはビタ<br>ミンが含まれている。,Nước trái cây này chứa vitamin.,,,
膨らむ,Bành,ふくらむ,shinkanzen,風船が膨らむ。,Bóng bay phồng lên.,,,
不景気,Bất cảnh khí,ふけいき,shinkanzen,不景気で会社が倒産する。,Công ty phá sản do tình trạng kinhtế suy thoái.,,,
不潔,Bất khiết,ふけつ,shinkanzen,不潔な環境で暮らす。,Sống trong môi trường bẩn thỉu.,,,
夫妻,Phu thê,ふさい,shinkanzen,夫妻で旅行<br>に行く。,Vợ chồng đi du lịch.,,,
塞がる,Tắc,ふさがる,shinkanzen,道が塞がって通れな い。,Đường bị chặn nên không thể đi qua.,,,
ふざける,,ふざける,shinkanzen,ふざけている場合ではない。,Không phải lúc để đùa giỡn.,,,
不作法,Bất tác pháp,ぶさほう,shinkanzen,不作法な態度を改め る。,Thay đổithái độ bất lịch sự.,,,
相応しい,Tương ứng,ふさわしい,shinkanzen,この場に相応しい服 装。,Trang phục phù hợp với hoàn cảnhnày.,,,
武士,Võ sĩ,ぶし,shinkanzen,武士の道を守る。,Tuân thủ con đường của võ sĩ.,,,
夫人,Phu nhân,ふじん,shinkanzen,大統領夫人が来日す る。,Phu nhân Tổng thống đến thăm Nhật Bản.,,,
不足,Bất túc,ふそく,shinkanzen,時間が不足している。,Thiếu thời gian.,,,
舞台,Vũ đài,ぶたい,shinkanzen,舞台に立つ。,Đứng trên sân khấu.,,,
双子,Song tử,ふたご,shinkanzen,双子の兄弟。,Anh em sinh đôi.,,,
負担,Phụ đam,ふたん,shinkanzen,費用を負担する。,Đảm nhiệm chi phí.,,,
物価,Vật giá,ぶっか,shinkanzen,物価が上がる。,Giá cả tăng.,,,
ぶつかる,,ぶつかる,shinkanzen,車が壁にぶつかる。,Xe đâm vào tường.,,,
復旧,Phục cựu,ふっきゅう,shinkanzen,地震後の復旧作業が進む。,Công việc khôi phục sau động đất đangtiến triển.,,,
物質,Vật chất,ぶっしつ,shinkanzen,物質の構造を研究す る。,Nghiên cứu cấu trúc vật chất.,,,
ぶつぶつ,,ぶつぶつ,shinkanzen,彼はいつもぶつぶつ言っている。,Anh ấy lúc nào cũng cằn nhằn.,,,
物理学,Vật lý học,ぶつりがく,shinkanzen,物理学を専攻する。,Chuyênngành vật lý học.,,,
ふと,,ふと,shinkanzen,ふと昔のことを思い出す。,Bất chợt nhớ lạichuyện xưa.,,,
部品,Bộ phẩm,ぶひん,shinkanzen,自動車の部品を交換する。,Thay thếlinh kiện ô tô.,,,
吹雪,Xuy tuyết,ふぶき,shinkanzen,吹雪で前が見えない。,Không nhìn thấy phíatrước vì tuyết rơi mạnh.,,,
不平,Bất bình,ふへい,shinkanzen,不平を言う。,Phàn nàn.,,,
不真面目,Bất chân diện,ふまじめ,shinkanzen,彼は不真面目な学生 だ。,Anh ấy là học sinh khôngnghiêm chỉnh.,,,
踏切,Đạp thiết,ふみきり,shinkanzen,踏切で電車を待つ。,Chờ tàu tại đoạn giao cắt đường sắt.,,,
麓,Lộc,ふもと,shinkanzen,山の麓に住む。,Sống ở chân núi.,,,
ブラシ,Brush,ぶらし,shinkanzen,髪をブラシで整える。,Chải tóc bằng bàn chải.,,,
プラスチック製,Plastic chế,ぷらすちっくせい,shinkanzen,プラスチック製の容<br>器。,Đồ chứa làm bằng nhựa.,,,
（プラット）ホーム,Platform,ぷらっとほーむ,shinkanzen,ホームで電車を待つ。,Chờ tàu ở sảnh chờ.,,,
プラン,Plan,ぷらん,shinkanzen,旅行のプランを立て<br>る。,Lập kếhoạch du lịch.,,,
振り～,Chấn ~,ふり～,shinkanzen,振り返ると誰もいなかった。,Khi quay lại thì không có ai.,,,
～ぶり,,～ぶり,shinkanzen,彼の話しぶりは説得力がある。,Cách nói chuyện của anh ấy rấtthuyết phục.,,,
振り返る,Chấn phản,ふりかえる,shinkanzen,過去を振り返る。,Nhìn lại quá khứ.,,,
振り向く,Chấn hướng,ふりむく,shinkanzen,名前を呼ばれて振り向いた。,Nghe gọi tên và quay lại.,,,
不良品,Bất lương phẩm,ふりょうひん,shinkanzen,不良品を返品する。,Trả lại sản phẩm lỗi.,,,
プリントアウト,Print Out,ぷりんとあうと,shinkanzen,レポートをプリントア<br>ウトする。,In báo cáo.,,,
振る,Chấn,ふる,shinkanzen,手を振って別れる。,Vẫy tay tạm biệt.,,,
古～,Cổ ~,ふる～,shinkanzen,古新聞を捨てる。,Vứt báo cũ.,,,
震える,Chấn,ふるえる,shinkanzen,寒さで体が震える。,Cơ thể run lên vì lạnh.,,,
古新聞,Cổ tân văn,ふるしんぶん,shinkanzen,古新聞を再利用する。,Tái sử dụng báo cũ.,,,
ふれる,,ふれる,shinkanzen,彼に触れてはいけな い。,Không được chạm vào anh ấy.,,,
プログラム,Program,ぷろぐらむ,shinkanzen,コンサートのプログラム。,Chương trình buổi hòa nhạc.,,,
～分,Phân,ぶん,shinkanzen,仕事の分担を決める。,Quyết định phân công công việc.,,,
噴火,Phun hỏa,ふんか,shinkanzen,火山が噴火する。,Núi lửa phun trào.,,,
文学,Văn học,ぶんがく,shinkanzen,文学を勉強する。,Học văn học.,,,
文学部,Văn học bộ,ぶんがくぶ,shinkanzen,大学の文学部に所属する。,Thuộc khoa văn học của trường đạihọc.,,,
文芸作品,Văn<br>nghệ tác phẩm,ぶんげいさくひん,shinkanzen,新しい文芸作品を読 む。,Đọc tácphẩm văn học mới.,,,
文書,Văn thư,ぶんしょ,shinkanzen,重要な文書<br>を保管する。,Lưu trữ tài liệu quan trọng.,,,
奮闘,Phấn đấu,ふんとう,shinkanzen,目標に向かって奮闘する。,Đấu tranh vì mục tiêu.,,,
分野,Phân dã,ぶんや,shinkanzen,彼は科学の分野で活躍している。,Anh ấyđang hoạt động trong lĩnh vựckhoa học.,,,
平気,Bình khí,へいき,shinkanzen,彼は平気でうそをつ く。,Anh ấy thản nhiên nói dối.,,,
平均～,Bình quân,へいきん～,shinkanzen,平均点を計算する。,Tính điểm trung bình.,,,
平均気温,Bình<br>quân khí ôn,へいきんきおん,shinkanzen,年間の平均気温が上がる。,Nhiệt độ trung bình hàng năm tăng.,,,
平均寿命,Bình<br>quân thọ mệnh,へいきんじゅみょう,shinkanzen,日本人の平均寿命が延びる。,Tuổi thọ trung bình của người Nhật tăng.,,,
平方センチメートル,Bình phương cm,へいほうセンチメートル,shinkanzen,面積を平方センチメートルで計算<br>する。,Tính diện tích bằng cm².,,,
平野,Bình dã,へいや,shinkanzen,広い平野が広がる。,Đồng bằng rộng lớn trải dài.,,,
へこむ,,へこむ,shinkanzen,失敗してへこむ。,Suy sụp vì thất bại.,,,
別～,Biệt ~,べつ～,shinkanzen,別の意見を聞く。,Nghe ý kiến khác.,,,
～別,,～べつ,shinkanzen,年齢別のデータ。,Dữ liệu theo từng độtuổi.,,,
別荘,Biệt sái,べっそう,shinkanzen,海辺の別荘を購入す る。,Mua biệt thự ở bờ biển.,,,
ペットボトル,PET<br>Bottle,ぺっとぼとる,shinkanzen,ペットボトルをリサイクルする。,Tái chế chai nhựa.,,,
別に,Biệt,べつに,shinkanzen,別に気にすることはない。,Không cần phải lo lắng đặc biệt.,,,
ベテラン,Veteran,べてらん,shinkanzen,ベテランの教師が指導する。,Giáo viên kỳ cựu hướng dẫn.,,,
へとへと,,へとへと,shinkanzen,一日中働いてへとへとだ。,Mệt nhoài vì làm việc cả ngày.,,,
便,Tiện,びん,shinkanzen,次の便で出発する。,Khởi hành bằngchuyến bay tiếp theo.,,,
変更,Biến canh,へんこう,shinkanzen,スケジュールを変更する。,Thay đổi lịch trình.,,,
変更届,Biến canh giới,へんこうとどけ,shinkanzen,住所変更届を提出す る。,Nộp đơn xin thay đổi địa chỉ.,,,
弁護士,Biện hộ sĩ,べんごし,shinkanzen,弁護士に相談する。,Tham khảo ý kiến luật sư.,,,
返済,Phản tế,へんさい,shinkanzen,借金を返済する。,Trả nợ vay.,,,
編集者,Biên tập giả,へんしゅうしゃ,shinkanzen,雑誌の編集者として働く。,Làm việc như một biên tậpviên tạp chí.,,,
変動,Biến động,へんどう,shinkanzen,物価が変動する。,Giá cả biến động.,,,
返品,Biến phẩm,へんぴん,shinkanzen,購入した商品を返品する。,Trả lại sản phẩm đã mua.,,,
保育所,Bảo dục sở,ほいくしょ,shinkanzen,保育所に子供を預け る。,Gửi con đến nhà trẻ.,,,
～法,Pháp,～ほう,shinkanzen,学習法を研究する。,Nghiên cứu phươngpháp học tập.,,,
ほうき,,ほうき,shinkanzen,ほうきで掃除する。,Quét dọn bằng chổi.,,,
防災対策,Phòng tai đối sách,ぼうさいたいさく,shinkanzen,防災対策を講じる。,Triển khai các biệnpháp phòng chống thiên tai.,,,
法事,Pháp sự,ほうじ,shinkanzen,祖母の法事に参加す る。,Tham gia lễ giỗ bà.,,,
防止,Phòng chỉ,ぼうし,shinkanzen,事故防止のための対 策。,Biện pháp để phòng chống tai nạn.,,,
報じる,Báo,ほうじる,shinkanzen,テレビでニュースを報じる。,Đưa tin tức trên truyền hình.,,,
方針,Phương châm,ほうしん,shinkanzen,経営方針を決める。,Quyết định phươngchâm kinh doanh.,,,
放送,Phóng tống,ほうそう,shinkanzen,ラジオ番組を放送す る。,Phát sóng chương trình radio.,,,
包帯,Bao đới,ほうたい,shinkanzen,手に包帯を巻く。,Quấn băng vào tay.,,,
法廷,Pháp đình,ほうてい,shinkanzen,法廷で証言する。,Làm chứng tại tòa.,,,
報道,Báo đạo,ほうどう,shinkanzen,ニュースを報道する。,Đưa tin tức.,,,
ボーナス,Bonus,ぼーなす,shinkanzen,会社からボーナスをもらう。,Nhận tiền thưởng từ công ty.,,,
防犯対策,Phòng<br>phạm đối sách,ぼうはんたいさく,shinkanzen,防犯対策を強化する。,Tăng cường biện pháp chống trộm.,,,
豊富,Phong phú,ほうふ,shinkanzen,豊富な経験を持つ。,Có kinh nghiệmphong phú.,,,
方々,Phương phương,ほうぼう,shinkanzen,世界の方々を旅行す<br>る。,Du lịch các nơi trên thế giới.,,,
方面,Phương diện,ほうめん,shinkanzen,仕事の方面で成功す る。,Thành công trong lĩnhvực công việc.,,,
保険,Bảo hiểm,ほけん,shinkanzen,生命保険に加入する。,Tham gia bảo hiểm nhân thọ.,,,
保険金,Bảo<br>hiểm kim,ほけんきん,shinkanzen,保険金を請求する。,Yêu cầu tiền bảo hiểm.,,,
保健所,Bảo kiện sở,ほけんじょ,shinkanzen,保健所で予防接種を受ける。,Tiêm phòng tại trạm y tế.,,,
保護,Bảo hộ,ほご,shinkanzen,環境を保護する。,Bảo vệ môi trường.,,,
ほこり,,ほこり,shinkanzen,ほこりを掃除する。,Quét dọn bụi.,,,
募集,Mộ tập,ぼしゅう,shinkanzen,新しいスタッフを募集する。,Tuyển nhân viên mới.,,,
保証金,Bảo chứng kim,ほしょうきん,shinkanzen,アパートの保証金を支払う。,Trả tiền bảo hiểm cho căn hộ.,,,
干す,Can,ほす,shinkanzen,洗濯物を干す。,Phơi quần áo.,,,
保存,Bảo tồn,ほぞん,shinkanzen,データを保存する。,Lưu dữ liệu.,,,
保存料,Bảo tồn liệu,ほぞんりょう,shinkanzen,保存料を使わない食 品。,Thực phẩm không sử dụng chất bảo quản.,,,
墓地,Mộ địa,ぼち,shinkanzen,墓地に墓を建てる。,Xây mộ tại nghĩa địa.,,,
仏,Phật,ほとけ,shinkanzen,仏の教えを学ぶ。,Học giáo lý của Phật.,,,
骨が折れる,Cốt chiết,ほねがおれる,shinkanzen,このプロジェクトは骨が折れる。,Dự án này tốn nhiều công sức.,,,
ほぼ,,ほぼ,shinkanzen,ほぼ完成した。,Gần như đã hoàn thành.,,,
ほほえみ合う,,ほほえみあう,shinkanzen,彼らはほほえみ合っ た。,Họ đã mỉm cười với nhau.,,,
ほほえみかける,,ほほえみかける,shinkanzen,彼女は彼にほほえみかけた。,Cô ấy đã mỉm cười với anh ấy.,,,
ほやほや,,ほやほや,shinkanzen,焼きたてのほやほやのパン。,Bánh mì mới nướng hôi hổi.,,,
彫る,Điêu,ほる,shinkanzen,木に名前を彫る。,Khắc tên lên gỗ.,,,
滅びる,Diệt,ほろびる,shinkanzen,古代文明が滅びる。,Nền vănminh cổ đại bị diệt vong.,,,
ぼろぼろ,,ぼろぼろ,shinkanzen,古い本がぼろぼろになる。,Quyển sách cũ trở nên tả tơi.,,,
本格的,Bản cách đích,ほんかくてき,shinkanzen,本格的な料理を作る。,Nấu món ăn chính thống.,,,
香港経由,Hương cảng kinh do,ほんこんけいゆ,shinkanzen,香港経由で旅行する。,Du lịch qua Hồng Kông.,,,
盆地,Bồn địa,ぼんち,shinkanzen,盆地で農業を営む。,Làm nông nghiệp ở thung lũng.,,,
本の,Bản,ほんの,shinkanzen,本の一部を読む。,Chỉ đọc một phần củasách.,,,
ぼんやり,,ぼんやり,shinkanzen,ぼんやりと景色を眺める。,Nhìn ngắm cảnh vậtmột cách lơ đễnh.,,,
真～,Chân ~,ま～,shinkanzen,真夜中に起きる。,Thức dậy giữa đêm.,,,
参る,Tham,まいる,shinkanzen,試験に参った。,Chịu thua trong kỳ thi.,,,
負かす,Phụ,まかす,shinkanzen,相手を負かす。,Đánh bại đối thủ.,,,
巻く,Quyển,まく,shinkanzen,帯を巻く。,Quấn đai.,,,
幕,Mạc,まく,shinkanzen,幕が上がる。,Màn được kéo lên.,,,
撒く,Tát,まく,shinkanzen,種を撒く。,Gieo hạt.,,,
孫,Tôn,まご,shinkanzen,孫と遊ぶ。,Chơi với cháu.,,,
まさか,,まさか,shinkanzen,まさか彼が来るとは思わなかっ た。,Không thể ngờ rằng anh ấy lại đến.,,,
まさに,,まさに,shinkanzen,まさにその通りだ。,Đúng là như vậy.,,,
まして,,まして,shinkanzen,まして彼ができるはずがない。,Thì chẳng có lý do gì anh ấy có thể làmđược.,,,
マスコミ,Mass Com,ますこみ,shinkanzen,マスコミの影響力が大きい。,Ảnh hưởng của phươngtiện truyền thông lớn.,,,
ますます,,ますます,shinkanzen,彼の人気はますます高まってい<br>る。,Sự nổi tiếng của anh ấy càng ngày càng tăng.,,,
混ぜ込む,Hỗn nhập,まぜこむ,shinkanzen,材料を混ぜ込む。,Trộn lẫn các nguyên liệu.,,,
待ち合わせる,Đãi hợp,まちあわせる,shinkanzen,駅前で待ち合わせる。,Hẹn gặp ở trước nhà ga.,,,
真っ暗,Chân ám,まっくら,shinkanzen,真っ暗な部屋。,Phòng tối om.,,,
全く,Toàn,まったく,shinkanzen,全くわからない。,Hoàn toàn không hiểu.,,,
まとめる,,まとめる,shinkanzen,会議の内容をまとめ る。,Tóm tắt nội dung cuộc họp.,,,
マナー,Manner,まなー,shinkanzen,正しいマナーを学ぶ。,Học phéplịch sự đúng cách.,,,
招く,Chiêu,まねく,shinkanzen,事故を招く原因。,Nguyênnhân dẫn tới tai nạn.,,,
まぶしい,,まぶしい,shinkanzen,太陽がまぶしい。,Mặt trời chói mắt.,,,
真向かい,Chân hướng,まむかい,shinkanzen,家の真向かいに公園がある。,Có công viên ngay đối diện nhà.,,,
間もなく,Gian,まもなく,shinkanzen,間もなく電車が来る。,Tàu sắp đến.,,,
守る,Thủ,まもる,shinkanzen,環境を守る。,Bảo vệ môi trường.,,,
迷う,Mê,まよう,shinkanzen,道に迷う。,Lạc đường.,,,
～まる,,～まる,shinkanzen,暖かくなる。,Trở nên ấm áp.,,,
まるで,,まるで,shinkanzen,まるで夢のようだ。,Hoàn toàn như mơ.,,,
丸まる,Hoàn,まるまる,shinkanzen,体が丸まる。,Cơ thể trở nên tròn.,,,
丸み,Hoàn,まるみ,shinkanzen,丸みのある形。,Hình dáng tròn trịa.,,,
丸める,Hoàn,まるめる,shinkanzen,紙を丸める。,Cuộn giấy.,,,
まれ,,まれ,shinkanzen,まれに見る美しさ。,Vẻ đẹphiếm thấy.,,,
回る,Hồi,まわる,shinkanzen,時計の針が回る。,Kim đồng hồ quay.,,,
～回る,,～まわる,shinkanzen,町を歩き回る。,Đi dạo lòng vòng quanh thị trấn.,,,
万一,Vạn nhất,まんいち,shinkanzen,万一のために準備す る。,Chuẩn bị cho trường hợp bất đắcdĩ.,,,
見～,Kiến,み～,shinkanzen,見学に行く。,"Đi tham quan, quan sát.",,,
未～,Vị,み～,shinkanzen,未完成の作品。,Tác phẩm chưa hoàn thành.,,,
～み,,～み,shinkanzen,甘みが強い。,Độ ngọt mạnh.,,,
見上げる,Kiến thượng,みあげる,shinkanzen,空を見上げる。,Nhìn lên bầu trời.,,,
見誤る,Kiến ngộ,みあやまる,shinkanzen,彼を見誤った。,Nhìn nhầm anh ấy.,,,
ミーティング,,みーてぃんぐ,shinkanzen,明日のミーティングは何時からで<br>すか？,Cuộc họp ngày mai bắt đầu từ mấy giờ?,,,
見送る,Kiến tống,みおくる,shinkanzen,友達を駅で見送る。,Tiễn bạn ở nhà ga.,,,
見下ろす,Kiến hạ,みおろす,shinkanzen,ビルの屋上から街を見下ろす。,Nhìn xuống thành phốtừ nóc tòa nhà.,,,
見かけ,Kiến,みかけ,shinkanzen,見かけによらず彼は強い。,"Dù nhìn bề ngoài, anh ấy rất mạnh.",,,
見かける,Kiến,みかける,shinkanzen,彼を駅で見かけた。,Nhìn thấy anh ấy ở nhà ga.,,,
味方,Vị phương,みかた,shinkanzen,彼は私の味方だ。,Anh ấy là bạn của tôi.,,,
身が入る,Thân nhập,みがはいる,shinkanzen,仕事に身が入る。,Chăm chỉ trong công việc.,,,
未完成,Vị hoàn thành,みかんせい,shinkanzen,未完成のプロジェク ト。,Dự án chưa hoàn thành.,,,
見事,Kiến sự,みごと,shinkanzen,見事な演技。,Diễn xuất tuyệt vời.,,,
未婚者,Vị hôn giả,みこんしゃ,shinkanzen,未婚者のためのイベント。,Sự kiện dành chongười chưa kết hôn.,,,
岬,Giáp,みさき,shinkanzen,岬の灯台。,Hải đăng ở mũi đất.,,,
ミシン,,みしん,shinkanzen,ミシンで服を作る。,May quần áo bằng máy khâu.,,,
ミス,,みす,shinkanzen,試験でミスをする。,Gặp lỗi trong kỳ thi.,,,
湖,Hồ,みずうみ,shinkanzen,湖のほとりでキャンプをする。,Cắm trại bên hồ.,,,
自ら,Tự,みずから,shinkanzen,自らの力で成功する。,Thành công bằng chính sức mình.,,,
水玉模様,Thủy<br>ngọc mô dạng,みずたまもよう,shinkanzen,水玉模様のドレス。,Váy hoa văn chấm bi.,,,
見出し,Kiến xuất,みだし,shinkanzen,新聞の見出し。,Tiêu đề của tờ báo.,,,
道沿い,Đạo<br>duyên,みちぞい,shinkanzen,道沿いの店。,Cửa hàng ven đường.,,,
みっともない,,みっともない,shinkanzen,彼の態度はみっともない。,Thái độ của anh ấy thật khó coi.,,,
見つめ合う,Kiến hợp,みつめあう,shinkanzen,二人は見つめ合った。,Hai người nhìn nhau chằm chằm.,,,
見つめ直す,Kiến trực,みつめなおす,shinkanzen,仕事の方法を見つめ直す。,Xem xét lại phươngpháp làm việc.,,,
見つめる,Kiến,みつめる,shinkanzen,星を見つめる。,Nhìn chằm chằm vào sao.,,,
認める,Nhận,みとめる,shinkanzen,彼の才能を認める。,Công nhận tài năng của anh ấy.,,,
見直す,Kiến trực,みなおす,shinkanzen,レポートを見直す。,Chỉnh sửa lại báo cáo.,,,
見習う,Kiến tập,みならう,shinkanzen,先輩を見習う。,Học theo tiền bối.,,,
見慣れる,Kiến quán,みなれる,shinkanzen,見慣れた景色。,Cảnh vậtquen thuộc.,,,
身につける,Thân,みにつける,shinkanzen,新しい技術を身につける。,Học kỹnăng mới.,,,
実る,Thực,みのる,shinkanzen,木が実る。,Cây ra quả.,,,
未発表,Vị phát biểu,みはっぴょう,shinkanzen,未発表の研究。,Nghiên cứu chưa công bố.,,,
身分証,Thân phân chứng,みぶんしょう,shinkanzen,身分証を提示する。,Xuất trình giấy chứng minh.,,,
見回る,Kiến hồi,みまわる,shinkanzen,工場を見回る。,Đi kiểm tra nhà máy.,,,
耳が痛い,Nhĩ thống,みみがいたい,shinkanzen,彼の話を聞くと耳が痛い。,Nghe anh ấy nói mà rát tai.,,,
耳が早い,Nhĩ tảo,みみがはやい,shinkanzen,彼は耳が早い。,Anh ấy rất thính tai.,,,
耳にする,Nhĩ,みみにする,shinkanzen,うわさを耳にする。,Nghe thấy tin đồn.,,,
耳を貸す,Nhĩ thải,みみをかす,shinkanzen,友達の話に耳を貸す。,Lắng nghe bạn bè nói.,,,
魅力的,Mị lực đích,みりょくてき,shinkanzen,彼女は魅力的な女性 だ。,Cô ấy là một ngườiphụ nữ hấp dẫn.,,,
診る,Chẩn,みる,shinkanzen,医者が患者を診る。,Bác sĩ khám bệnh chobệnh nhân.,,,
見分ける,Kiến phân,みわける,shinkanzen,似たものを見分ける。,Phân biệt những thứ giống nhau.,,,
無～,Vô,む～,shinkanzen,無条件で賛成する。,Đồng ý mà không có điều kiện.,,,
～む,,～む,shinkanzen,暖かくなる。,Trở nên ấm áp.,,,
向かう,Hướng,むかう,shinkanzen,会社に向かう。,Hướng đến công ty.,,,
むかむか,,むかむか,shinkanzen,彼の言葉にむかむかする。,Bực bội vì lời nói của anh ấy.,,,
無許可,Vô hứa khả,むきょか,shinkanzen,無許可で駐車する。,Đậu xe không phép.,,,
無気力,Vô khí lực,むきりょく,shinkanzen,無気力な状態になる。,Trở nên mất tinh thần.,,,
無視,Vô thị,むし,shinkanzen,意見を無視する。,Phớt lờ ý kiến.,,,
蒸し暑い,Chưng thử,むしあつい,shinkanzen,蒸し暑い日が続く。,Ngày oi bức kéo dài.,,,
虫の居所が悪い,Trùng cư sở ác,むしのいどころがわるい,shinkanzen,今日は虫の居所が悪 い。,Hôm nay tâm trạng không tốt.,,,
むしろ,,むしろ,shinkanzen,むしろ彼の方がいい。,Thà anh ấy còn tốt hơn.,,,
蒸す,Chưng,むす,shinkanzen,魚を蒸す。,Hấp cá.,,,
結びつける,Kết,むすびつける,shinkanzen,二つの事実を結びつける。,Gắn kết hai sự việc với nhau.,,,
胸が一杯になる,Hung<br>nhất bôi,むねがいっぱいになる,shinkanzen,彼の話を聞いて胸が一杯になる。,Nghechuyện của anh ấy mà xúc động.,,,
胸に納める,Hung nạp,むねにおさめる,shinkanzen,彼の秘密を<br>胸に納める。,Giữ kín bí mật của anh ấy.,,,
胸を打つ,Hung đả,むねをうつ,shinkanzen,映画のラストシーンが胸を打つ。,Cảnh cuối của bộ phim gây xúc động mạnh.,,,
胸を張る,Hung trương,むねをはる,shinkanzen,自信を持って胸を張 る。,Ngẩng cao đầu đầy tự tin.,,,
無反応,Vô phản ứng,むはんのう,shinkanzen,薬に無反応な患者。,Bệnh nhân không phản ứng với thuốc.,,,
群がる,Quần,むらがる,shinkanzen,鳥が餌に群がる。,Chim xúm lại kiếm mồi.,,,
群れ,Quần,むれ,shinkanzen,魚の群れが泳ぐ。,Đàn cá bơi lội.,,,
真～,Chân,ま～,shinkanzen,真夜中に起きる。,Thức dậy giữa đêm.,,,
名～,Danh,めい～,shinkanzen,名曲を演奏する。,Trình diễn ca khúc nổi tiếng.,,,
名演技,Danh diễn kỹ,めいえんぎ,shinkanzen,名演技に感動する。,Cảm động trước màn diễn xuất nổi tiếng.,,,
名曲,Danh khúc,めいきょく,shinkanzen,名曲を聴く。,Nghe ca khúc nổi tiếng.,,,
名作,Danh tác,めいさく,shinkanzen,名作映画を観る。,Xem phim danh tác.,,,
名所,Danh sở,めいしょ,shinkanzen,京都の名所を訪れる。,Thăm danh thắng Kyoto.,,,
名勝負,Danh thắng phụ,めいしょうぶ,shinkanzen,名勝負を観戦する。,Xem trận đấu ấn tượng.,,,
名セリフ,Danh,めいせりふ,shinkanzen,名セリフを覚える。,Nhớ lời thoại nổi tiếng.,,,
名場面,Danh trường diện,めいばめん,shinkanzen,名場面を再現する。,Tái hiện cảnh nổi tiếng.,,,
迷惑メール対策,Mê hoặc,めいわくめーるたいさく,shinkanzen,迷惑メール対策を強化する。,Tăng cường biện phápxử lý mail quấy rối.,,,
目上,Mục thượng,めうえ,shinkanzen,目上の人に敬意を示 す。,Tỏ lòng kính trọngvới người trên.,,,
～メーカー,,～めーかー,shinkanzen,自動車メーカー。,Hãng sản xuất ô tô.,,,
メール,,めーる,shinkanzen,メールを送る。,Gửi email.,,,
目がない,Mục,めがない,shinkanzen,彼は甘い物に目がな い。,Anh ấy mê đồ ngọt.,,,
巡る,Tuần,めぐる,shinkanzen,街を巡る。,Đi tham quan phố.,,,
目指す,Mục chỉ,めざす,shinkanzen,目指すゴール。,Mục tiêu hướng đến.,,,
目覚ましい,Mục giám,めざましい,shinkanzen,目覚ましい成長を見せる。,Thể hiện sự phát triểnvượt bậc.,,,
飯,Phạn,めし,shinkanzen,飯を食べる。,Ăn cơm.,,,
目下,Mục hạ,めした,shinkanzen,目下の人を指導する。,Hướng dẫn người dưới.,,,
雌,Thư,めす,shinkanzen,雌の猫。,Con mèo cái.,,,
めちゃくちゃ,,めちゃくちゃ,shinkanzen,部屋がめちゃくちゃ だ。,Phòng tan hoang.,,,
目つき,Mục,めつき,shinkanzen,怒った目つき。,Ánh mắt giận dữ.,,,
めっきり,,めっきり,shinkanzen,めっきり寒くなる。,Trời trở nên lạnh hẳn.,,,
メッセージ,,めっせーじ,shinkanzen,友達にメッセージを送る。,Gửi tinnhắn cho bạn bè.,,,
めったに,,めったに,shinkanzen,めったに行<br>かない場所。,Nơi hiếm khi đến.,,,
メディア,,めでぃあ,shinkanzen,メディアの役割。,Vai trò của phương tiện truyền thông.,,,
目に浮かぶ,Mục phù,めにうかぶ,shinkanzen,彼の顔が目に浮かぶ。,Hình dung khuôn mặt anh ấy.,,,
目につく,Mục,めにつく,shinkanzen,目につく広告。,Quảng cáo bắt mắt.,,,
めまい,,めまい,shinkanzen,めまいがする。,Bị chóng mặt.,,,
～める,,～める,shinkanzen,明るくする。,Làm sáng.,,,
目をつける,Mục,めをつける,shinkanzen,彼に目をつける。,Chú ý đến anh ấy.,,,
目を通す,Mục thông,めをとおす,shinkanzen,書類に目を通す。,Xem qua tài liệu.,,,
免許証,Miễn hứa chứng,めんきょしょう,shinkanzen,運転免許証を取得す る。,Lấy bằng lái xe.,,,
免税店,Miễn thuế điếm,めんぜいてん,shinkanzen,免税店で買い物をす る。,Mua sắm tại cửa hàngmiễn thuế.,,,
面積,Diện tích,めんせき,shinkanzen,部屋の面積を計算す る。,Tính diệntích của căn phòng.,,,
面倒,Diện đảo,めんどう,shinkanzen,面倒な手続き。,Thủ tục phiền phức.,,,
メンバー,,めんばー,shinkanzen,チームのメンバー。,Thành viên của đội.,,,
もうかる,,もうかる,shinkanzen,商売がもうかる。,Kinh doanh có lãi.,,,
もうける,,もうける,shinkanzen,株で儲ける。,Kiếm tiềntừ cổ phiếu.,,,
申し込み,Thân nhập,もうしこみ,shinkanzen,大学に申し込みをす る。,Nộp đơnvào đại học.,,,
申し込む,Thân nhập,もうしこむ,shinkanzen,コンサートに申し込 む。,Đăng ký tham gia buổi hòa nhạc.,,,
申し訳ない,Thân dịch,もうしわけない,shinkanzen,遅刻して申し訳ない。,Xin lỗi vì đến muộn.,,,
目次,Mục thứ,もくじ,shinkanzen,本の目次を確認する。,Kiểm tramục lục của cuốn sách.,,,
もしかしたら,,もしかしたら,shinkanzen,もしかしたら彼が来るかもしれな<br>い。,Rất có thể anh ấy sẽ đến.,,,
もしかすると,,もしかすると,shinkanzen,もしかすると雨が降るかもしれな<br>い。,Rất có thểtrời sẽ mưa.,,,
もたれる,,もたれる,shinkanzen,油っこい食事にもたれる。,Nặng bụng vì ăn đồ nhiều dầu mỡ.,,,
持ち上げる,Trì thượng,もちあげる,shinkanzen,箱を持ち上げる。,Nâng cái hộp lên.,,,
持ち込む,Trì nhập,もちこむ,shinkanzen,会場に荷物を持ち込 む。,Mang hành lý vào hội trường.,,,
持ち出す,Trì xuất,もちだす,shinkanzen,本を図書館から持ち出す。,Mang sách ra khỏi thư viện.,,,
持ち直す,Trì trực,もちなおす,shinkanzen,病気が持ち直す。,Bệnh tình hồi phục.,,,
もてる,,もてる,shinkanzen,彼は女性にもてる。,Anh ấyđược phụ nữ yêuthích.,,,
元,Nguyên,もと,shinkanzen,元の場所に戻る。,Quay lại vị trí ban đầu.,,,
元～,Nguyên,もと～,shinkanzen,元大統領。,Cựu tổng thống.,,,
モニター,,もにたー,shinkanzen,コンピューターモニター。,Màn hình máy tính.,,,
モノレール,,ものれーる,shinkanzen,モノレールに乗る。,Đi đườngsắt một ray.,,,
もはや,,もはや,shinkanzen,もはや手遅れだ。,Bây giờ thì đã muộn rồi.,,,
紅葉,Hồng diệp,もみじ,shinkanzen,秋には紅葉が美しい。,Lá đỏ đẹp vào mùa thu.,,,
もむ,,もむ,shinkanzen,肩をもむ。,Nắn bóp vai.,,,
模様,Mô dạng,もよう,shinkanzen,花の模様が<br>ある布。,Vải có hoa văn hoa.,,,
～模様,,～もよう,shinkanzen,水玉模様。,Hoa văn chấm bi.,,,
文句,Văn cú,もんく,shinkanzen,文句を言う。,Phàn nàn.,,,
文部科学省,Văn bộ khoa học tỉnh,もんぶかがくしょう,shinkanzen,文部科学省の予算。,Ngân sách của Bộ Giáo dục và khoa học.,,,
やかましい,,やかましい,shinkanzen,やかましい音楽。,Âm nhạc ồn ào.,,,
焼き上がる,Thiêu thượng,やきあがる,shinkanzen,パンが焼き上がる。,Bánh mì đã nướng xong.,,,
焼き立て,Thiêu lập,やきたて,shinkanzen,焼き立てのパン。,Bánh mìvừa nướng xong.,,,
～役,Dịch,～やく,shinkanzen,映画の主役。,Vai chính trong phim.,,,
役者,Dịch giả,やくしゃ,shinkanzen,彼は有名な役者だ。,Anh ấy là một diễn viên nổitiếng.,,,
訳す,Dịch,やくす,shinkanzen,日本語を英語に訳す。,Dịch từtiếng Nhật sang tiếng Anh.,,,
役立つ,Dịch lập,やくだつ,shinkanzen,彼の意見は役立つ。,Ý kiến của anh ấy hữu ích.,,,
役目,Dịch mục,やくめ,shinkanzen,彼の役目は重要だ。,Vai trò của anh ấy quan trọng.,,,
役割,Dịch cát,やくわり,shinkanzen,チームでの役割を果たす。,Đảm nhậnvai trò trong đội.,,,
休み明け,Hưu minh,やすみあけ,shinkanzen,休み明けの学校。,Trường học sau kỳ nghỉ.,,,
厄介,Ách giới,やっかい,shinkanzen,厄介な問題。,Vấn đề rắc rối.,,,
薬局,Dược cục,やっきょく,shinkanzen,薬局で薬を買う。,Mua thuốc ở hiệu thuốc.,,,
雇う,Cố,やとう,shinkanzen,新しい社員を雇う。,Thuê nhân viên mới.,,,
野党,Dã đảng,やとう,shinkanzen,野党の議員。,Nghị viên đảng đối lập.,,,
破る,Phá,やぶる,shinkanzen,約束を破る。,Phá vỡ lời hứa.,,,
敗れる,Bại,やぶれる,shinkanzen,試合で敗れる。,Thua trong trận đấu.,,,
やむをえず,,やむをえず,shinkanzen,やむをえず会議を中止する。,Buộc phải hủy cuộc họp.,,,
やむをえない,,やむをえない,shinkanzen,やむをえない理由で出席できな い。,Không thể tham dự vìlý do không thể tránhđược.,,,
やや,,やや,shinkanzen,やや難しい問題。,Vấn đề hơi khó.,,,
有害,Hữu hại,ゆうがい,shinkanzen,有害な物質。,Chất có hại.,,,
夕刊,Tịch san,ゆうかん,shinkanzen,夕刊を読む。,Đọc báobuổi chiều.,,,
夕暮れ時,Tịch mộ thời,ゆうぐれどき,shinkanzen,夕暮れ時に散歩する。,Đi dạo lúc hoàng hôn.,,,
有効,Hữu hiệu,ゆうこう,shinkanzen,有効な手段。,Biện pháp hiệu quả.,,,
優先度,Ưu tiên độ,ゆうせんど,shinkanzen,優先度の高い仕事。,Công việc có mức độ ưu tiên cao.,,,
夕立,Tịch lập,ゆうだち,shinkanzen,夕立に遭う。,Gặp mưa rào hoàng hôn.,,,
有能,Hữu năng,ゆうのう,shinkanzen,彼は有能な社員だ。,Anh ấy là một nhân viên cónăng lực.,,,
有望,Hữu vọng,ゆうぼう,shinkanzen,有望な若者。,Người trẻ có triển vọng.,,,
有名人,Hữu danh nhân,ゆうめいじん,shinkanzen,有名人と写真を撮る。,Chụp ảnh với người nổi tiếng.,,,
ユーモア,,ゆーもあ,shinkanzen,彼の話はユーモアがある。,Câu chuyện của anh ấy rất hàihước.,,,
有利,Hữu lợi,ゆうり,shinkanzen,有利な条件。,Điều kiện có lợi.,,,
有力,Hữu lực,ゆうりょく,shinkanzen,有力な候補。,Ứng viên tiềm năng.,,,
行方,Hành phương,ゆくえ,shinkanzen,彼の行方を追う。,Theo dấuvết của anh ấy.,,,
ゆで上がる,Thang thượng,ゆであがる,shinkanzen,卵がゆで上がる。,Trứng đã luộc chín.,,,
ゆでる,Thang,ゆでる,shinkanzen,野菜をゆでる。,Luộc rau.,,,
湯飲み,Thang ẩm,ゆのみ,shinkanzen,湯飲みでお茶を飲む。,Uống trà bằng cốc.,,,
許す,Hứa,ゆるす,shinkanzen,彼の過ちを許す。,Tha thứ lỗi lầm của anh ấy.,,,
湯沸かし器,Thang phí khí,ゆわかしき,shinkanzen,電気湯沸かし器。,Ấm đun nước siêu tốc.,,,
夜明け,Dạ minh,よあけ,shinkanzen,夜明けに起きる。,Thức dậyvào lúc rạng sáng.,,,
酔い,Túy,よい,shinkanzen,酔いが回る。,Bị say.,,,
酔う,Túy,よう,shinkanzen,酒に酔う。,Say rượu.,,,
～用,,～よう,shinkanzen,子供用の椅子。,Ghế dành cho trẻ em.,,,
陽気,Dương khí,ようき,shinkanzen,彼は陽気な性格だ。,Anh ấy có tính cách vui vẻ.,,,
要求,Yêu cầu,ようきゅう,shinkanzen,給料の要求。,Yêu cầu tăng lương.,,,
洋食,Dương thực,ようしょく,shinkanzen,洋食レストラン。,Nhà hàng món Âu.,,,
幼稚園,Ấu trĩ viên,ようちえん,shinkanzen,幼稚園に通う。,Đi học mẫu giáo.,,,
幼稚園児,Ấu trĩ viên nhi,ようちえんじ,shinkanzen,幼稚園児の絵。,Tranh của trẻ mẫu giáo.,,,
用途,Dụng đồ,ようと,shinkanzen,用途の広い道具。,Dụng cụ có nhiều mục đích sử dụng.,,,
洋風,Dương phong,ようふう,shinkanzen,洋風の家。,Nhà kiểu Âu.,,,
ようやく,,ようやく,shinkanzen,ようやく問題が解決した。,Cuối cùng vấn đề cũngđã được giải quyết.,,,
要領,Yếu lĩnh,ようりょう,shinkanzen,要領のいい人。,Người có cách làm việc hiệu quả.,,,
預金,Dự kim,よきん,shinkanzen,銀行に預金する。,Gửi tiền vào ngân hàng.,,,
～預金,,～よきん,shinkanzen,定期預金。,Tiền gửi định kỳ.,,,
余計,Dư kế,よけい,shinkanzen,余計な心配をする。,Lo lắngthừa thãi.,,,
汚す,Ô,よごす,shinkanzen,服を汚す。,Làm bẩn quần áo.,,,
予算案,Dự toán án,よさんあん,shinkanzen,予算案を提出する。,Đệ trình dự thảo ngânsách.,,,
寄せる,Ký,よせる,shinkanzen,車を寄せる。,Rẽ xe vào.,,,
予想通り,Dự tưởng thông,よそうどおり,shinkanzen,試験の結果は予想通りだった。,Kết quả thi đúng như dự đoán.,,,
酔っ払い,Túy,よっぱらい,shinkanzen,酔っ払いが騒ぐ。,Kẻ say rượu làm ồn.,,,
よっぽど,,よっぽど,shinkanzen,よっぽど疲れている。,Mệt quá.,,,
予定通り,Dự định thông,よていどおり,shinkanzen,会議は予定通りに進行した。,Cuộc họp diễn ra như dự định.,,,
与党,Dữ đảng,よとう,shinkanzen,与党の政策。,Chính sách của đảng cầm quyền.,,,
夜中,Dạ trung,よなか,shinkanzen,夜中に目が覚める。,Thức giấc giữa đêm.,,,
呼び出す,Hô xuất,よびだす,shinkanzen,友達を呼び出す。,Gọi bạn ra ngoài.,,,
余分,Dư phân,よぶん,shinkanzen,余分な荷物を減らす。,Giảm bớt hành lýthừa.,,,
予防,Dự phòng,よぼう,shinkanzen,風邪を予防する。,Phòng ngừa cảm lạnh.,,,
予防法,Dự phòng pháp,よぼうほう,shinkanzen,インフルエンザの予防法。,Phươngpháp phòng ngừa cúm.,,,
よほど,,よほど,shinkanzen,よほど疲れている。,Khá là mệt.,,,
読み直す,Độc trực,よみなおす,shinkanzen,報告書を読み直す。,Đọc lại báo cáo.,,,
弱気,Nhược khí,よわき,shinkanzen,弱気になる。,Trở nên yếu đuối.,,,
弱まる,Nhược,よわまる,shinkanzen,風が弱まる。,Gió yếu dần.,,,
弱み,Nhược,よわみ,shinkanzen,彼の弱みを知ってい る。,Biết điểmyếu của anh ấy.,,,
弱める,Nhược,よわめる,shinkanzen,音を弱める。,Giảm âm lượng.,,,
四歳児,Tứ tuế nhi,よんさいじ,shinkanzen,四歳児の教育。,Giáo dục trẻ 4 tuổi.,,,
～らしい,,～らしい,shinkanzen,彼らしい行動。,Hành động đúng chất của anh ấy.,,,
ラッシュアワー,,らっしゅあわー,shinkanzen,ラッシュアワーに電車が混む。,Tàu điện đông vào giờ cao điểm.,,,
乱暴,Loạn bạo,らんぼう,shinkanzen,乱暴な運転。,Lái xe thô bạo.,,,
利害,Lợi hại,りがい,shinkanzen,利害が一致する。,Lợi ích trùng khớp.,,,
陸,Lục,りく,shinkanzen,船が陸に上がる。,Tàu lên bờ.,,,
離婚,Ly hôn,りこん,shinkanzen,離婚手続きをする。,Làm thủ tục ly hôn.,,,
リサイクル,,りさいくる,shinkanzen,リサイクルショップ。,Cửa hàng tái chế.,,,
利子,Lợi tử,りし,shinkanzen,利子がつく。,Có tiền lãi.,,,
理想,Lý tưởng,りそう,shinkanzen,理想の生活を追求す る。,Theo đuổi cuộc sống lý tưởng.,,,
理想的,Lý tưởng đích,りそうてき,shinkanzen,理想的な結婚。,Cuộc hôn nhân lý tưởng.,,,
利息,Lợi tức,りそく,shinkanzen,預金の利息。,Tiền lãi của tiền gửi.,,,
～率,Suất,～りつ,shinkanzen,成功率。,Tỷ lệ thành công.,,,
立体,Lập thể,りったい,shinkanzen,立体の模型。,Mô hình lập thể.,,,
リットル,,りっとる,shinkanzen,一リットルの水。,Một lít nước.,,,
立方センチメートル,Lập phương cm,りっぽうセンチメートル,shinkanzen,立方センチメートルで計算する。,Tính bằng cen-ti-mét khối.,,,
立方体,Lập phương thể,りっぽうたい,shinkanzen,立方体の箱。,Hộp hình lập phương.,,,
両～,Lưỡng,りょう～,shinkanzen,両手を使う。,Dùng cả hai tay.,,,
～料,Liệu,～りょう,shinkanzen,交通料。,Tiền giao thông.,,,
～量,Lượng,～りょう,shinkanzen,薬の量。,Lượng thuốc.,,,
料金,Liệu kim,りょうきん,shinkanzen,電話料金。,Phí điện thoại.,,,
両ひざ,Lưỡng tất,りょうひざ,shinkanzen,両ひざが痛<br>い。,Đau cả hai đầu gối.,,,
両わき,Lưỡng dịch,りょうわき,shinkanzen,両わきが痛い。,Đau cả hai lách.,,,
～力,Lực,～りょく,shinkanzen,学力。,Khả năng học tập.,,,
リラックス,,りらっくす,shinkanzen,リラックスする音楽。,Âm nhạc thư giãn.,,,
礼儀,Lễ nghi,れいぎ,shinkanzen,礼儀を守る。,Giữ gìn lễ nghi.,,,
礼儀正しい,Lễ nghi chính,れいぎただしい,shinkanzen,礼儀正しい態度。,Thái độ lễ phép.,,,
冷静,Lãnh tĩnh,れいせい,shinkanzen,冷静に考える。,Suy nghĩ bình tĩnh.,,,
レジャー,,れじゃー,shinkanzen,レジャー施設。,Khu vuichơi giải trí.,,,
～連合,Liên hợp,～れんごう,shinkanzen,ヨーロッパ連合。,Liên minh Châu Âu.,,,
労働組合,Lao động tổ hợp,ろうどうくみあい,shinkanzen,労働組合に加入する。,Tham gia công đoàn.,,,
労働条件,Lao động điều kiện,ろうどうじょうけん,shinkanzen,労働条件を改善する。,Cải thiện điều kiện lao động.,,,
ローン,,ろーん,shinkanzen,家のローンを返済す る。,Trả nợ mua nhà.,,,
ロンドン行き,,ろんどんいき,shinkanzen,ロンドン行<br>きの飛行機。,Máy bay đi Luân Đôn.,,,
論文,Luận văn,ろんぶん,shinkanzen,卒業論文を提出する。,Nộp luận văn tốt nghiệp.,,,
わがまま,,わがまま,shinkanzen,わがままな子供。,Đứa trẻ ương bướng.,,,
わく,,わく,shinkanzen,水がわく。,Nước chảy ra.,,,
枠,Khung,わく,shinkanzen,写真の枠。,Khung ảnh.,,,
わざと,,わざと,shinkanzen,わざと負ける。,Cố tình thua.,,,
わざわざ,,わざわざ,shinkanzen,わざわざ来てくれてありがとう。,Cảm ơn vì đã cất công đến.,,,
和食,Hòa thực,わしょく,shinkanzen,和食レストラン。,Nhà hàng món Nhật.,,,
わずか,,わずか,shinkanzen,わずかなお<br>金。,Số tiền vẻn vẹn.,,,
綿,Miên,わた,shinkanzen,綿のシャツ。,Áo sơ mi bằng bông.,,,
話題,Thoại đề,わだい,shinkanzen,話題の映画。,Bộ phim đang gây chú ý.,,,
和風,Hòa<br>phong,わふう,shinkanzen,和風の家。,Nhà kiểuNhật.,,,
笑いかける,Tiếu,わらいかける,shinkanzen,彼に笑いかける。,Mỉm cười với anh ấy.,,,
割合,Cát hợp,わりあい,shinkanzen,割合うまくいった。,Đã khá thành công.,,,
割り勘,Cát khán,わりかん,shinkanzen,食事代を割り勘にす る。,Chia nhau thanh toán tiền ăn.,,,
割り算,Cát toán,わりざん,shinkanzen,割り算の問題。,Bài toán phép chia.,,,
割と,Cát,わりと,shinkanzen,割と安い。,Khá rẻ.,,,
割る,Cát,わる,shinkanzen,りんごを割る。,Chia táo ra.,,,
湾,Vịnh,わん,shinkanzen,東京湾。,Vịnh Tokyo.,,,
