pattern,meaning,title,explanation,category,example_sentence,example_translation
～ことだ,Để giữ gìn sức khỏe cần phải ngủ đủ giấc và không dồn nén stress.,N3,"""Cấu trúc này được dùng để đưa ra lời khuyên, nhắc nhở hoặc mệnh lệnh nhẹ nhàng từ người có kinh nghiệm. Thường diễn tả những điều """"nên làm"""" hoặc """"không nên làm"""" trong một tình huống cụ thể. Cách nói này có tính chất nhắc nhở hơn là ra lệnh.""",jlpt_grammar,,
default,"""#文型 #助言 #忠告 #提案 #N3 #文法""",[sound:J2TEAM-TTS-1747311410464.mp3],,jlpt_grammar,,
～ことだ,健康のためには十分睡眠をとり、ストレスをためないことだ。(Để giữ gìn sức khỏe cần phải ngủ đủ giấc và không dồn nén stress.),N3,"""Cấu trúc """"～ことだ"""" được sử dụng để đưa ra {{c1::lời khuyên}} hoặc {{c1::mệnh lệnh nhẹ nhàng}} từ người có kinh nghiệm. Cấu trúc này mang tính {{c2::nhắc nhở}} hơn là ra lệnh trực tiếp. Thường được dùng trong các tình huống khi người nói muốn {{c3::đề xuất phương án tốt nhất}} hoặc {{c3::hướng dẫn cách giải quyết}} một vấn đề nào đó.""",jlpt_grammar,,
助言・アドバイスの文型,Các cấu trúc ngữ pháp diễn đạt lời khuyên và sự bắt buộc,N3,,jlpt_grammar,,
～さえ～ば/たら,Chỉ cần đường không bị tắc là chúng ta có thể đến nơi trong 10 phút rồi.,N3,"""Cấu trúc này diễn tả ý nghĩa """"chỉ cần"""" một điều kiện là đủ để điều gì đó xảy ra. Nó nhấn mạnh rằng điều kiện đề cập là điều kiện tối thiểu cần thiết, và những yếu tố khác không quan trọng hoặc không cần thiết.""",jlpt_grammar,,
default,"""#条件 #仮定 #十分条件 #可能性 #制限""",[sound:J2TEAM-TTS-1748153261035.mp3],,jlpt_grammar,,
～さえ～ば/たら,"この国では、まじめに働きさえすれば生活に困ることはない。(Ở nước này, chỉ cần làm việc chăm chỉ thì cuộc sống sẽ không có khó khăn.)",N3,"Cấu trúc này được sử dụng để diễn tả rằng {{c1::chỉ cần}} một điều kiện nào đó là {{c1::đủ}} để điều gì đó xảy ra. Nó nhấn mạnh rằng điều kiện được đề cập là {{c2::điều kiện tối thiểu}} cần thiết, và những yếu tố khác không quan trọng. Cấu trúc này thường xuất hiện trong các tình huống {{c3::đưa ra điều kiện đơn giản}} hoặc {{c3::giải pháp tối thiểu}} cho một vấn đề.",jlpt_grammar,,
条件を表す表現の比較 (So sánh các biểu thức điều kiện),So sánh các biểu thức điều kiện,N3,,jlpt_grammar,,
〜ながら(も),"Bọn trẻ dù cãi cọ nhau, thế nhưng về sau vẫn giúp tôi dọn dẹp.",N3,"""Cấu trúc 〜ながら(も) được dùng để diễn tả ý nghĩa ngược với sự việc nêu ở đằng trước, thường dịch là """"mặc dù, tuy nhiên, thế nhưng"""". Nó chỉ ra sự trái ngược hoặc mâu thuẫn giữa hai sự việc, mang ý nghĩa nhượng bộ tương tự như 〜けれども.""",jlpt_grammar,,
default,"""#助詞 #接続 #逆説 #譲歩 #対比 #形式名詞""",[sound:J2TEAM-TTS-1748152651130.mp3],,jlpt_grammar,,
〜ながら(も),"事情はよくわからないながら、何とかして助けてあげたいと思った。 (Tôi không nắm rõ tình hình, nhưng tôi vẫn muốn bằng cách nào đó giúp đỡ họ.)",N3,"Cấu trúc 〜ながら(も) được sử dụng để diễn tả {{c1::ý nghĩa trái ngược}} hoặc {{c1::mâu thuẫn}} giữa hai sự việc. Nó thể hiện rằng mặc dù có một điều kiện hay hoàn cảnh nào đó, nhưng {{c2::kết quả lại khác}} với những gì người ta thường mong đợi. Cấu trúc này mang tính {{c3::nhượng bộ}} tương tự như けれども nhưng cách dùng {{c3::trang trọng hơn}} và thường xuất hiện trong {{c2::văn viết}} hoặc {{c2::phát biểu chính thức}}.",jlpt_grammar,,
〜ながら(も)・〜のに・〜けれども・〜にもかかわらず,"Các cấu trúc diễn tả sự trái ngược, nhượng bộ",N3,,jlpt_grammar,,
我ながら,"Dù là món lần đầu tiên nấu, nhưng là tôi thì tôi thấy ngon.",N3,"我ながら là một cách dùng đặc biệt của ながら, dùng khi người nói tự đánh giá bản thân, có thể là khen ngợi hoặc chê bai chính mình. Biểu hiện này thường được dùng khi người nói nhận ra một điều gì đó về bản thân mà bản thân cũng ngạc nhiên.",jlpt_grammar,,
default,"""#慣用句 #感想 #自己評価 #謙遜 #表現 #感情""",,,jlpt_grammar,,
〜まで,"Đến buổi chiều gió dần mạnh lên, chiều tối thì đến cả tuyết cũng rơi.",N3,"""Cấu trúc 〜まで được dùng để diễn tả một điều gì đó xảy ra vượt quá mong đợi thông thường, nhấn mạnh sự bất ngờ, kinh ngạc. Biểu thị một sự bất ngờ hoặc khó tin. Thường được dịch là """"đến cả"""", """"thậm chí"""", """"tới mức"""".""",jlpt_grammar,,
default,"""#助詞 #程度 #範囲 #極端 #驚き #アニメ""",[sound:J2TEAM-TTS-1748152705007.mp3],,jlpt_grammar,,
〜てまで／〜にまで,"Tôi muốn có một chiếc tivi mới, nhưng không đến mức phải đi vay tiền để mua.",N3,"Cấu trúc 〜てまで được dùng để chỉ một hành động cực đoan hoặc quá mức mà người ta (không) làm để đạt được mục đích nào đó. Thường được dùng trong ngữ cảnh phủ định hoặc tiêu cực, chỉ ra rằng hành động đó quá cực đoan.",jlpt_grammar,,
default,"""#助詞 #程度 #手段 #極端 #否定 #行為""",[sound:J2TEAM-TTS-1748152722661.mp3],,jlpt_grammar,,
〜まで,親友にまで裏切られた。(Đến cả bạn thân thiết cũng quay lưng với tôi.),N3,"""Trợ từ 〜まで có hai ý nghĩa chính:",jlpt_grammar,,
〜まで・〜さえ・〜すら・〜だけでなく～も,Các trợ từ nhấn mạnh mức độ bất ngờ và cực đoan,N3,,jlpt_grammar,,
〜てでも,Dù có thế nào thì tôi vẫn muốn có được bức tranh này. Đến mức phải đi vay tiền thì tôi cũng vẫn muốn mua.,N3,"Cấu trúc 〜てでも được dùng để thể hiện một mong muốn, ý chí mạnh mẽ hoặc mệnh lệnh, đến mức sẵn sàng làm những việc vượt quá phạm vi thông thường để đạt được mục đích. Nó nhấn mạnh quyết tâm cao độ hoặc sự cần thiết phải hoàn thành điều gì đó bằng mọi giá.",jlpt_grammar,,
default,"""#助詞 #程度 #意志 #決意 #強調 #極端""",[sound:J2TEAM-TTS-1748152609020.mp3],,jlpt_grammar,,
〜てでも,どうしてもこの絵がほしい。借金してでも買いたい。 (Dù có thế nào thì tôi vẫn muốn có được bức tranh này. Đến mức phải đi vay tiền thì tôi cũng vẫn muốn mua.),N3,"Cấu trúc 〜てでも được sử dụng để diễn tả một {{c1::quyết tâm mạnh mẽ}} hoặc {{c1::ý chí kiên định}} để đạt được điều gì đó. Người nói thể hiện rằng họ sẵn sàng {{c2::vượt qua mọi trở ngại}} hoặc {{c2::làm những điều cực đoan}} để đạt được mục tiêu. Cấu trúc này thường xuất hiện trong các câu mang {{c3::ý nghĩa tích cực}}, thể hiện {{c3::quyết tâm không thay đổi}} của người nói trước khó khăn.",jlpt_grammar,,
〜てでも・〜てまで・〜ても,Các cấu trúc biểu thị mức độ quyết tâm và nhượng bộ,N3,,jlpt_grammar,,
～上で,"Sau khi thảo luận cùng với gia đình, tôi sẽ phản hồi lại.",N3,"""Cấu trúc ～上で có hai ý nghĩa chính. Ý nghĩa thứ nhất là """"sau khi…"""", chỉ hành động được thực hiện trước khi một hành động khác diễn ra, thường là các bước chuẩn bị cần thiết. Ý nghĩa thứ hai là """"trong quá trình…"""", """"khi…"""", chỉ điều cần lưu ý trong quá trình làm gì đó.""",jlpt_grammar,,
default,"""#接続表現 #順序 #条件 #準備 #過程""",[sound:J2TEAM-TTS-1748152350753.mp3],,jlpt_grammar,,
～上で,よく考えた上で決断することが大切です。(Điều quan trọng là đưa ra quyết định sau khi đã suy nghĩ kỹ lưỡng.),N3,"""Cấu trúc """"～上で"""" được sử dụng với hai ý nghĩa chính. Ý nghĩa thứ nhất là {{c1::sau khi thực hiện một hành động}} và {{c1::dựa trên kết quả đó}} để tiến hành hành động tiếp theo. Trong trường hợp này, hành động đầu tiên được xem là {{c2::điều kiện cần thiết}} hoặc {{c2::bước chuẩn bị quan trọng}}. Ý nghĩa thứ hai là {{c3::trong quá trình}} hoặc {{c3::trong trường hợp}} làm gì đó, nhấn mạnh những điểm cần lưu ý.""",jlpt_grammar,,
「前提・過程」表現,Các cách diễn đạt tiền đề và quá trình,N3,,jlpt_grammar,,
～以上(は) / ～上は,"Một khi đã hứa là sẽ đi, thì không thể không đi được.",N3,"""Cấu trúc ～以上(は) / ～上は diễn tả """"một khi đã… thì đương nhiên…"""". Nó thể hiện mối quan hệ nhân quả logic, trong đó vế sau là kết quả tất yếu, không thể tránh khỏi hoặc là trách nhiệm phải gánh vác sau khi vế trước đã xảy ra hoặc được xác định.""",jlpt_grammar,,
default,"""#接続詞 #因果関係 #確定 #結論 #責任""",[sound:J2TEAM-TTS-1748152474680.mp3],,jlpt_grammar,,
～以上(は) / ～上は,"先生に任された以上、最善を尽くすべきだ。(Một khi đã được thầy giao phó, tôi nên cố gắng hết sức.)",N3,"""Cấu trúc """"～以上(は) / ～上は"""" được sử dụng để diễn tả {{c1::mối quan hệ logic tất yếu}} giữa hai sự việc. Cụ thể, nó thể hiện rằng {{c1::một khi điều kiện ở vế trước đã được xác lập}} thì {{c2::hậu quả ở vế sau là không thể tránh khỏi hoặc phải được thực hiện}}. Cấu trúc này thường xuất hiện trong {{c3::ngữ cảnh đưa ra quyết định}} hoặc {{c3::thể hiện trách nhiệm}} khi một tình huống đã được xác định.""",jlpt_grammar,,
「必然性・責任」表現,Các cách diễn đạt tính tất yếu và trách nhiệm,N3,,jlpt_grammar,,
～上(に),"Em gái anh ta là người xinh đẹp, hơn nữa tính cách lại tốt nữa.",N3,"""Cấu trúc ～上(に) được sử dụng để thể hiện """"không chỉ A mà còn B"""", nhấn mạnh rằng cả A và B đều có cùng mức đánh giá (tốt hoặc xấu). Cấu trúc này thường được dùng khi muốn liệt kê nhiều tính chất/đặc điểm cùng chiều (đều tốt hoặc đều xấu) của một đối tượng.""",jlpt_grammar,,
default,"""#接続詞 #追加 #強調 #列挙 #評価""",[sound:彼の妹は美人の上に性格も良い。.mp3],,jlpt_grammar,,
～上(に),"この店は料理がおいしい上に、値段も安いです。(Cửa hàng này có món ăn ngon, hơn nữa giá cả lại còn rẻ.)",N3,"""Cấu trúc """"～上(に)"""" được sử dụng để diễn tả {{c1::không chỉ có một đặc điểm}} mà {{c1::còn có thêm đặc điểm khác}}. Đặc biệt, nó nhấn mạnh rằng {{c2::cả hai đặc điểm đều có cùng mức đánh giá}} (đều tốt hoặc đều xấu). Cấu trúc này thường xuất hiện khi {{c3::liệt kê nhiều tính chất}} của một đối tượng hoặc {{c3::nhiều yếu tố của một tình huống}} cùng góp phần tạo nên một ấn tượng/kết quả tổng thể.""",jlpt_grammar,,
「さらに追加」表現,"""Các cách diễn đạt """"sự bổ sung, thêm vào""""""",N3,,jlpt_grammar,,
～ばかりだ,"Càng có tuổi, trí nhớ càng suy giảm.",N3,"Cấu trúc ～ばかりだ diễn tả tình trạng hoặc sự việc đang thay đổi liên tục theo một chiều hướng nhất định, thường là chiều hướng không tốt. Nó thể hiện sự tiếp diễn của một xu hướng tiêu cực hoặc một tình trạng đang ngày càng trở nên tệ hơn.",jlpt_grammar,,
default,"""#補助詞 #変化 #傾向 #程度 #悪化""",[sound:年をとると、記憶力は衰えるばかりだ。.mp3],,jlpt_grammar,,
～ばかりだ,"物価は上がるばかりで、給料は変わらない。(Giá cả thì ngày càng tăng, nhưng lương thì không thay đổi.)",N3,"""Cấu trúc """"～ばかりだ"""" được sử dụng để diễn tả {{c1::sự thay đổi liên tục}} theo {{c1::một chiều hướng nhất định}}. Đặc biệt, cấu trúc này thường diễn tả {{c2::xu hướng tiêu cực}} hoặc {{c2::tình trạng đang xấu đi}}. Nó thường xuất hiện trong {{c3::các phàn nàn}} hoặc khi {{c3::mô tả tình huống không như mong đợi}} và ngày càng trở nên tồi tệ hơn theo thời gian.""",jlpt_grammar,,
一方向の変化表現,Các cách diễn đạt sự thay đổi theo một chiều,N3,,jlpt_grammar,,
～ばかりか,Nữ hoàng không những xinh đẹp mà còn hiền hậu nữa.,N3,"""Cấu trúc ～ばかりか được sử dụng để thể hiện """"không chỉ A mà còn B"""", với B thường là điều bất ngờ hoặc mang tính chất bổ sung quan trọng. Nó nhấn mạnh rằng không chỉ có đặc điểm đầu tiên, mà còn có đặc điểm thứ hai với mức độ hoặc tầm quan trọng cao hơn.""",jlpt_grammar,,
default,"""#補助詞 #追加 #程度 #比較 #強調""",[sound:女王は美しいばかりか心も優しかった。.mp3],,jlpt_grammar,,
～ばかりか,彼は日本語が上手なばかりか、中国語も話せる。(Anh ấy không chỉ giỏi tiếng Nhật mà còn có thể nói tiếng Trung.),N3,"""Cấu trúc """"～ばかりか"""" được sử dụng để diễn tả {{c1::không chỉ một điều}} mà {{c1::còn có thêm điều khác}}. Điểm đặc biệt là nó thường nhấn mạnh rằng {{c2::yếu tố thứ hai có mức độ cao hơn}} hoặc {{c2::đáng ngạc nhiên hơn}} yếu tố đầu tiên. Cấu trúc này thường xuất hiện trong {{c3::văn viết}} hoặc {{c3::phát biểu trang trọng}} để làm nổi bật sự bổ sung đáng giá.""",jlpt_grammar,,
「不只…而且…」表現,"""Các cách diễn đạt """"Không chỉ… mà còn…""""""",N3,,jlpt_grammar,,
～ないものか/だろうか,Ước gì đến một ngày cả thế giới này trở nên hòa bình.,N3,"Cấu trúc này diễn tả ước muốn, mong mỏi của người nói về một điều gì đó. Người nói thể hiện mong muốn mạnh mẽ rằng điều đó có thể xảy ra, mặc dù biết rằng khả năng thực hiện có thể không cao hoặc đòi hỏi nhiều nỗ lực.",jlpt_grammar,,
default,"""#願望 #希望 #可能性 #N3文法 #表現""",[sound:世界が平和になる日が来ないものだろうか。.mp3],,jlpt_grammar,,
～ないものか/だろうか,何とか手術をしないで治せないものだろうかと、医者に相談してみた。 (Tôi đã thử bàn với bác sĩ rằng tôi muốn làm cách nào mà không cần phẫu thuật mà vẫn chữa khỏi bệnh được.),N3,"""Cấu trúc """"～ないものか/だろうか"""" được sử dụng để diễn tả {{c1::ước muốn mạnh mẽ}} hoặc {{c1::mong mỏi thiết tha}} của người nói về việc một điều gì đó có thể xảy ra hoặc thực hiện được.",jlpt_grammar,,
願望表現の文型,"Các cấu trúc diễn đạt mong muốn, ước ao",N3,,jlpt_grammar,,
～ものだ/～ものではない,Thông thường thì nên nhường chỗ cho người cao tuổi.,N3,"Cấu trúc này có ba ý nghĩa chính: 1) diễn tả điều tự nhiên, thông thường hoặc mệnh lệnh nhẹ nhàng; 2) hồi tưởng về quá khứ, kỷ niệm xưa; 3) diễn tả cảm xúc, cảm thán sâu sắc về điều gì đó.",jlpt_grammar,,
default,"""#常識 #感慨 #回想 #忠告 #N3文法""",[sound:お年寄りには席を譲るものですよ。.mp3],,jlpt_grammar,,
～ものだ/～ものではない,女性の年を聞くものじゃないですよ。 (Không nên hỏi tuổi phụ nữ đâu.),N3,"""Cấu trúc """"～ものだ"""" có ba ý nghĩa chính cần phân biệt rõ:",jlpt_grammar,,
規範・感情・回想の表現,"Các cấu trúc diễn đạt quy tắc, hồi tưởng và cảm xúc",N3,,jlpt_grammar,,
～ものの,Tôi biết là thuốc lá có hại cho sức khỏe nhưng mãi không bỏ được.,N3,"""Cấu trúc này diễn tả một sự đối lập giữa hai vế câu, tương tự như """"～が"""" hoặc """"～けれども"""". Vế trước là một sự thật đã được thừa nhận, nhưng vế sau diễn tả một kết quả trái ngược với những gì được kỳ vọng từ sự thật đó.""",jlpt_grammar,,
default,"""#逆接 #譲歩 #対比 #N3文法 #接続表現""",[sound:たばこは体に悪いとわかってはいるものの、なかなかやめられない。.mp3],,jlpt_grammar,,
～ものの,あの学生は成績は良いものの、学習態度は良くない。 (Học sinh đó có thành tích học tập tốt nhưng thái độ học tập thì không tốt.),N3,"""Cấu trúc """"～ものの"""" được sử dụng để diễn tả {{c1::sự đối lập}} hoặc {{c1::nhượng bộ}} giữa hai vế câu. Vế trước thường là {{c2::một sự thật được thừa nhận}}, nhưng vế sau diễn tả {{c2::kết quả hoặc tình huống trái ngược}} với những gì được kỳ vọng từ sự thật đó. So với các cấu trúc đối lập khác, """"～ものの"""" mang sắc thái {{c3::nhẹ nhàng hơn}} và {{c3::thể hiện sự thừa nhận}} trước khi đưa ra ý đối lập.""",jlpt_grammar,,
逆接の接続表現,Các cấu trúc diễn đạt sự đối lập,N3,,jlpt_grammar,,
～ことに,"Thật là vui mừng, tôi đã được chọn làm đại diện tham dự cuộc thi hùng biện.",N3,"Cấu trúc này dùng để nhấn mạnh, nêu lên tâm trạng hoặc cảm xúc của người nói về một sự việc. Phần đầu thường là tính từ chỉ cảm xúc, và phần sau là sự việc gây ra cảm xúc đó.",jlpt_grammar,,
default,"""#感情 #気持ち #驚き #N3文法 #表現""",[sound:J2TEAM-TTS-1748150686226.mp3],,jlpt_grammar,,
～ことに,"残念なことに、楽しみにしていたキャンプが雨で中止になった。 (Thật là đáng tiếc, hội trại đang vui vẻ thì bị mưa rơi khiến cho phải bị hoãn.)",N3,"""Cấu trúc """"～ことに"""" được sử dụng để {{c1::diễn đạt cảm xúc}} hoặc {{c1::phản ứng chủ quan}} của người nói đối với một tình huống hoặc sự việc. Cấu trúc này thường bắt đầu câu và {{c2::tạo sự kết nối}} giữa cảm xúc với sự kiện gây ra cảm xúc đó. Người nói sử dụng cấu trúc này khi muốn {{c3::nhấn mạnh phản ứng cảm xúc}} của mình trước khi trình bày sự việc chính.""",jlpt_grammar,,
感情表現の文型,Các cấu trúc diễn đạt cảm xúc,N3,,jlpt_grammar,,
～ことだから,Ai chứ người hay dậy muộn như anh ta thì hôm nay chắc cũng sẽ đến muộn thôi.,N3,"Cấu trúc này dùng để đưa ra suy luận, phán đoán về hành động, tình huống dựa trên tính cách, đặc điểm đã biết của đối tượng. Người nói thường sử dụng kiến thức về đối tượng làm cơ sở cho nhận định của mình.",jlpt_grammar,,
default,"""#性格 #予想 #判断 #推測 #N3文法""",[sound:J2TEAM-TTS-1748072528145.mp3],,jlpt_grammar,,
～ことだから,真面目な木村さんのことだから、約束は守るに違いない。 (Người nghiêm túc như anh Kimura thì nhất định sẽ giữ lời hứa.),N3,"""Cấu trúc """"～ことだから"""" được sử dụng để đưa ra {{c1::suy luận hoặc phán đoán}} dựa trên {{c1::tính cách hoặc đặc điểm}} của người/vật/nơi chốn mà người nói đã biết rõ. Đây là cách diễn đạt mang tính {{c2::chủ quan}} dựa trên {{c2::kinh nghiệm cá nhân}} về đối tượng. Thường được dùng khi muốn {{c3::giải thích lý do}} hoặc {{c3::dự đoán hành động}} của ai đó một cách tự nhiên.""",jlpt_grammar,,
推測・予想の表現,Các cấu trúc diễn đạt sự suy luận và dự đoán,N3,,jlpt_grammar,,
～ことなく,"Để giành chiến thắng trong trận đấu, họ đã phấn đấu luyện tập không nghỉ một ngày nào.",N3,"""Cấu trúc này diễn tả việc """"hoàn toàn không làm gì đó"""", tương tự với ～しないで nhưng nhấn mạnh hơn vào sự triệt để, hoàn toàn không làm điều gì, ngay cả một chút cũng không. Thường được dùng để diễn tả sự kiên trì hoặc hành động liên tục không bị gián đoạn.""",jlpt_grammar,,
default,"""#否定 #連続 #完全否定 #N3文法 #表現""",[sound:J2TEAM-TTS-1748072930278.mp3],,jlpt_grammar,,
～ことなく,"彼らは試合に勝つために、1日も休むことなく練習に励んだ。 (Để giành chiến thắng trong trận đấu, họ đã phấn đấu luyện tập không nghỉ một ngày nào.)",N3,"""Cấu trúc """"～ことなく"""" được sử dụng để diễn tả hành động {{c1::hoàn toàn không thực hiện}} hoặc {{c1::hoàn toàn không xảy ra}}. Nó mang nghĩa tương tự như """"～しないで"""" nhưng {{c2::nhấn mạnh tính triệt để}} và {{c2::sự liên tục không bị gián đoạn}}. Cấu trúc này thường xuất hiện trong {{c3::văn viết}} hoặc {{c3::phát biểu trang trọng}} và tạo cảm giác rằng người nói đang nhấn mạnh vào sự hoàn hảo hoặc triệt để của hành động.""",jlpt_grammar,,
否定表現の文型,Các cấu trúc diễn đạt phủ định,N3,,jlpt_grammar,,
～を～として,"Năm nay tôi quyết tâm cố gắng, đặt mục tiêu sau một năm sẽ thi đỗ đại học.",N3,"Cấu trúc này được dùng để diễn tả việc lấy một sự vật, sự việc làm đối tượng hoặc mục tiêu của hành động. Nó thể hiện cách nhìn nhận, xác định vai trò, chức năng hoặc mục đích của đối tượng đó.",jlpt_grammar,,
default,"""#目的 #対象 #考え方 #機能 #役割""",[sound:J2TEAM-TTS-1748159387191.mp3],,jlpt_grammar,,
～を～として,"山田氏を団長とする訪米団が結成された。(Đoàn đại biểu đến Mỹ đã được lựa ra, lấy ông Yamada làm trưởng đoàn.)",N3,Cấu trúc này được sử dụng để diễn tả việc {{c1::lấy một thứ gì đó làm đối tượng}} hoặc {{c1::mục tiêu}} của hành động. Nó thường xuất hiện khi người nói muốn {{c2::xác định vai trò}} hoặc {{c2::chức năng}} của đối tượng đó trong một ngữ cảnh cụ thể. Cấu trúc này còn được dùng để {{c3::thể hiện cách nhìn nhận}} hoặc {{c3::quan điểm}} của người nói đối với một vấn đề nào đó.,jlpt_grammar,,
"役割・機能を表す表現の比較 (So sánh các biểu thức chỉ vai trò, chức năng)",So sánh các biểu thức chỉ vai trò và chức năng,N3,,jlpt_grammar,,
～てしようがない(しょうがない)/しかたがない,"Suốt giờ kiểm tra, tôi cứ bị để tâm vào tiếng bước chân đi lại quanh phòng của thầy giáo.",N3,"Cấu trúc「～てしようがない」diễn tả một trạng thái cảm xúc hoặc cảm giác rất mạnh đến mức không thể kiểm soát hoặc kìm chế được. Cấu trúc này thường được sử dụng để nhấn mạnh sự không thể kiểm soát trước một cảm giác, trạng thái mạnh mẽ.",jlpt_grammar,,
default,"""#文法 #N3 #感情 #程度 #抑制 #制御不能""",[sound:J2TEAM-TTS-1748153314656.mp3],,jlpt_grammar,,
～てしようがない(しょうがない)/しかたがない,"当たりを探しましたが、全然見つからなくて悔しくてしようがありませんでした。(Tôi đã tìm kiếm chìa khóa, nhưng hoàn toàn không thấy nên cảm thấy tức giận không chịu được.)",N3,Cấu trúc「～てしようがない」được sử dụng để diễn tả một tình huống mà người nói cảm thấy {{c1::không thể kiểm soát}} hoặc {{c1::kìm chế}} trước một cảm xúc hoặc cảm giác mạnh mẽ. Nó thường được dùng khi cảm giác đó {{c2::quá mạnh}} đến mức chi phối hoàn toàn người nói. Cấu trúc này thường xuất hiện trong {{c3::ngữ cảnh cá nhân}} để diễn tả cảm xúc chủ quan và ít khi được dùng để mô tả cảm xúc của người khác một cách khách quan.,jlpt_grammar,,
抑制できない感情を表す表現,Các cách diễn đạt cảm xúc không thể kiềm chế,N3,,jlpt_grammar,,
～をめぐって/めぐり,"Xung quanh phát ngôn của thủ tướng, đảng cầm quyền và đảng đối lập có ý kiến trái chiều nhau và phiên thảo luận đã bị dừng lại.",N2,"Cấu trúc「～をめぐって/めぐり」được sử dụng để diễn tả việc có nhiều ý kiến, tranh luận hoặc sự kiện xoay quanh một vấn đề hay chủ đề cụ thể. Nó thường xuất hiện khi một sự việc trở thành trung tâm của sự chú ý và gây ra nhiều phản ứng khác nhau.",jlpt_grammar,,
default,"""#文法 #N2 #話題 #議論 #状況 #対立""",[sound:J2TEAM-TTS-1748159422440.mp3],,jlpt_grammar,,
～をめぐって/めぐり,"新しい法律をめぐって、専門家の間で激しい議論が起きている。(Xung quanh đạo luật mới, đang diễn ra cuộc tranh luận gay gắt giữa các chuyên gia.)",N2,"「～をめぐって/めぐり」là cấu trúc được sử dụng để diễn tả việc có {{c1::nhiều ý kiến}} hoặc {{c1::tranh luận}} xoay quanh một vấn đề. Cấu trúc này thường được dùng khi một chủ đề trở thành {{c2::tâm điểm của sự chú ý}} và gây ra {{c2::nhiều phản ứng khác nhau}}. Nó thường xuất hiện trong {{c3::tin tức}} hoặc {{c3::bài viết phân tích}} về các vấn đề xã hội, chính trị hoặc tranh chấp.",jlpt_grammar,,
話題に関する表現,Các cách diễn đạt liên quan đến chủ đề,N2,,jlpt_grammar,,
～といった,"Mùa hè năm nay có nhiều màu sắc tươi sáng được thịnh hành như xanh da trời, cam…",N3,"Cấu trúc「～といった」được sử dụng để đưa ra ví dụ điển hình cho một nhóm, loại hoặc phạm trù rộng hơn. Nó thường được dùng khi người nói muốn nêu ra một vài ví dụ cụ thể nhưng ngụ ý rằng còn nhiều ví dụ khác tương tự.",jlpt_grammar,,
default,"""#文法 #N3 #例示 #列挙 #説明""",[sound:J2TEAM-TTS-1748153365502.mp3],,jlpt_grammar,,
～といった,京都には金閣寺や清水寺といった有名な観光スポットがあります。(Ở Kyoto có những địa điểm du lịch nổi tiếng như chùa Kinkakuji hay chùa Kiyomizu.),N3,「～といった」là cấu trúc được sử dụng để {{c1::đưa ra ví dụ cụ thể}} hoặc {{c1::liệt kê một số trường hợp điển hình}} cho một nhóm hoặc loại rộng hơn. Cấu trúc này giúp người nói {{c2::nêu ra một vài ví dụ tiêu biểu}} mà không cần liệt kê đầy đủ tất cả các trường hợp. Nó thường xuất hiện trong {{c3::văn phong trang trọng}} hoặc {{c3::báo cáo học thuật}} khi cần minh họa cho một khái niệm tổng quát.,jlpt_grammar,,
例示を表す表現,Các cách diễn đạt để đưa ra ví dụ,N3,,jlpt_grammar,,
～に沿って／沿い,"Đi bộ khoảng 5 phút dọc theo tuyến đường này, bạn sẽ thấy công viên ở phía bên phải.",N3,"""Cấu trúc「～に沿って」được sử dụng để diễn tả việc di chuyển hoặc hành động dọc theo một đường, ranh giới hoặc theo sát một tiêu chuẩn, kế hoạch. Nó thể hiện ý """"bám sát theo"""" hoặc """"tuân theo"""" điều gì đó như kim chỉ nam.""",jlpt_grammar,,
default,"""#文法 #N3 #進行 #方向 #基準 #指針""",[sound:J2TEAM-TTS-1748159335795.mp3],,jlpt_grammar,,
～に沿って／沿い,川沿いの道を散歩するのは気持ちがいいです。(Đi dạo trên con đường dọc theo sông thật là dễ chịu.),N3,"Cấu trúc「～に沿って」được sử dụng để diễn tả việc {{c1::đi dọc theo}} hoặc {{c1::bám sát}} một đường, ranh giới vật lý. Ngoài ra, nó còn có nghĩa là {{c2::tuân theo}} hoặc {{c2::làm theo}} một kế hoạch, nguyện vọng hoặc tiêu chuẩn. Trong trường hợp thứ hai, nó thể hiện sự {{c3::trung thành với mục tiêu}} hoặc {{c3::không xa rời tiêu chuẩn}}. Dạng「沿い」thường được sử dụng như một phần của danh từ ghép.",jlpt_grammar,,
基準や指針を表す表現,Các cách diễn đạt về tiêu chuẩn và chỉ dẫn,N3,,jlpt_grammar,,
～に応じ（て）,Khách sạn chúng tôi cung cấp các dịch vụ tương ứng với nhu cầu của từng khách hàng.,N2,"Cấu trúc「～に応じ（て）」được sử dụng để diễn tả việc đáp ứng, phản ứng hoặc thích ứng với điều kiện, tình huống hay yêu cầu nào đó. Cấu trúc này thường xuất hiện khi cần diễn tả sự thay đổi tương ứng theo một điều kiện khác.",jlpt_grammar,,
default,"""#文法 #N2 #対応 #変化 #反応 #状況""",[sound:J2TEAM-TTS-1748153408631.mp3],,jlpt_grammar,,
～に応じ（て）,学校では、生徒の能力に応じて授業を分けています。(Trường chúng tôi tổ chức phân chia lớp học tương ứng với trình độ của học sinh.),N2,"「～に応じ（て）」là cấu trúc được sử dụng để diễn tả việc {{c1::đáp ứng}} hoặc {{c1::thích ứng}} với các yêu cầu, điều kiện hay tình huống. Cấu trúc này thường được dùng khi muốn nhấn mạnh sự {{c2::phản hồi tương ứng}} với điều kiện bên ngoài. Nó thường xuất hiện trong {{c3::văn phong trang trọng}} hoặc {{c3::văn bản chính thức}} như thông báo công ty, hướng dẫn dịch vụ.",jlpt_grammar,,
状況に応じる表現,Các cách diễn đạt thích ứng với tình huống,N2,,jlpt_grammar,,
～にこたえ(て),"Đáp lại sự cổ vũ của các khán giả trong hội trường, các cầu thủ đã vẫy tay.",N3,"""Cấu trúc ～にこたえ(て) được sử dụng để diễn tả việc thực hiện một hành động nào đó để đáp ứng lại yêu cầu, kỳ vọng, mong muốn hoặc tình cảm từ phía đối phương. Động từ こたえる (応える) mang ý nghĩa """"đáp ứng, đáp lại"""" khác với こたえる (答える) là """"trả lời"""".""",jlpt_grammar,,
default,"""#文法 #応答 #対応 #N3 #表現""",[sound:J2TEAM-TTS-1748159746748.mp3],,jlpt_grammar,,
～にこたえ(て),"市民の要望にこたえて、新しい公園が建設されました。(Đáp ứng nguyện vọng của người dân, công viên mới đã được xây dựng.)",N3,"""Cấu trúc """"～にこたえ(て)"""" được sử dụng để diễn tả việc {{c1::đáp ứng}} hoặc {{c1::đáp lại}} các yêu cầu, kỳ vọng, mong muốn hoặc tình cảm từ phía đối phương. Động từ こたえる (応える) mang ý nghĩa """"đáp ứng"""" khác với こたえる (答える) là """"trả lời"""". Cấu trúc này thường xuất hiện trong {{c2::tình huống tích cực}} khi một bên muốn {{c2::làm hài lòng}} hoặc {{c2::thỏa mãn}} yêu cầu của bên kia. Nó được sử dụng khi người hoặc tổ chức {{c3::có hành động cụ thể}} để {{c3::đáp lại}} một kỳ vọng hoặc tình cảm.""",jlpt_grammar,,
対応を表す表現,Các cấu trúc diễn tả sự đáp ứng hoặc phản ứng,N3,,jlpt_grammar,,
～だの…だの,"Trong phòng tôi truyện tranh với quần áo vứt lung tung, đến nỗi còn không có chỗ ngủ.",N3,"Cấu trúc ～だの…だの được sử dụng để liệt kê các ví dụ với hàm ý tiêu cực, chê bai hoặc phàn nàn. Nó thường xuất hiện khi người nói muốn bày tỏ sự khó chịu, bất mãn về một tình huống hoặc hành vi nào đó, đặc biệt là khi liệt kê các yếu tố gây phiền toái.",jlpt_grammar,,
default,"""#文法 #列挙 #批判 #N3 #表現""",[sound:J2TEAM-TTS-1748159709396.mp3],,jlpt_grammar,,
～だの…だの,"毎日遅刻だの欠席だのといった問題が続いている。(Những vấn đề như đi muộn, vắng mặt cứ tiếp diễn hàng ngày.)",N3,"""Cấu trúc """"～だの…だの"""" được sử dụng để {{c1::liệt kê các ví dụ}} với hàm ý {{c1::tiêu cực hoặc chê bai}}. Nó thường xuất hiện khi người nói muốn bày tỏ {{c2::sự khó chịu}} hoặc {{c2::phàn nàn}} về một tình huống, đặc biệt khi liệt kê các yếu tố gây phiền toái. Cấu trúc này còn được dùng để {{c3::trích dẫn lời nói}} hoặc {{c3::yêu cầu lặp đi lặp lại}} của người khác với thái độ không hài lòng.""",jlpt_grammar,,
列挙を表す表現（否定的）,Các cấu trúc diễn tả sự liệt kê mang sắc thái tiêu cực,N3,,jlpt_grammar,,
～のやら/ものやら,Vì không có phản ứng gì nên tôi không biết được Lee có hiểu bài giảng hay không.,N3,"""Cấu trúc ～のやら/ものやら được sử dụng để diễn tả sự không chắc chắn hoặc không biết rõ về điều gì đó. Nó mang ý nghĩa """"cái này hay cái kia"""", hàm ý người nói không biết được là cái nào đúng. Cấu trúc này thể hiện trạng thái hoang mang, lúng túng hoặc khó xác định về tình huống.""",jlpt_grammar,,
default,"""#文法 #不確か #疑問 #N3 #表現""",[sound:J2TEAM-TTS-1748159789760.mp3],,jlpt_grammar,,
～のやら/ものやら,"彼が本当に来るのやら来ないのやら、心配でたまらない。(Không biết anh ấy thực sự sẽ đến hay không, tôi lo lắng không chịu được.)",N3,"""Cấu trúc """"～のやら/ものやら"""" được sử dụng để diễn tả {{c1::sự không chắc chắn}} hoặc {{c1::không biết rõ}} về một tình huống nào đó. Nó thường mang {{c2::sắc thái cảm xúc}} như bối rối, hoang mang hoặc lo lắng của người nói. Khi dùng のやら, người nói thường {{c3::không thể xác định}} giữa hai hoặc nhiều khả năng. Trong khi đó, ものやら thường diễn tả {{c3::sự băn khoăn}} về một quyết định hay hành động nên làm.""",jlpt_grammar,,
不確かさを表す表現,Các cấu trúc diễn tả sự không chắc chắn,N3,,jlpt_grammar,,
〜やら～やら,"Khi nộp đơn nguyện vọng, nào là phải xuất trình chứng minh thư, nào là phải điền vào đơn, rất vất vả.",N3,"Cấu trúc 〜やら～やら dùng để liệt kê các ví dụ tiêu biểu mà người nói muốn đề cập đến, với hàm ý còn nhiều thứ khác nữa không được liệt kê hết. Cách dùng này thường kèm theo cảm xúc về sự phong phú, phức tạp hoặc quá nhiều thứ đến mức không thể liệt kê hết.",jlpt_grammar,,
default,"""#文法 #列挙 #例示 #N3 #表現""",[sound:J2TEAM-TTS-1748159645618.mp3],,jlpt_grammar,,
〜やら～やら,"引っ越しの準備で、荷物を片付けるやら新居の契約をするやらで忙しい。(Tôi đang bận rộn với việc chuẩn bị chuyển nhà, nào là dọn đồ đạc, nào là ký hợp đồng nhà mới.)",N3,"""Cấu trúc """"〜やら～やら"""" được sử dụng để {{c1::liệt kê các ví dụ tiêu biểu}} với hàm ý {{c1::còn nhiều thứ khác}} không được đề cập đến. Cách dùng này thường kèm theo {{c2::cảm xúc mạnh}} như bối rối, ngạc nhiên, hoặc cảm giác {{c2::quá tải}} khi đối mặt với nhiều thứ cùng lúc. Cấu trúc này thường xuất hiện trong {{c3::tình huống phức tạp}} hoặc khi người nói muốn {{c3::nhấn mạnh sự đa dạng}} của các yếu tố được liệt kê.""",jlpt_grammar,,
列挙を表す表現,Các cấu trúc diễn tả sự liệt kê,N3,,jlpt_grammar,,
〜につき,"Hôm nay là ngày nghỉ của cửa hàng, vì thế chúng tôi xin phép được đóng cửa.",N3,"""Cấu trúc 〜につき có hai ý nghĩa chính: (1) diễn tả lý do, thường dùng trong thông báo chính thức hoặc biển báo; (2) diễn tả tỷ lệ, mang ý nghĩa """"mỗi, cho mỗi"""" trong trường hợp nói về đơn giá, tỷ lệ hoặc phân phối.""",jlpt_grammar,,
default,"""#文法 #理由 #割合 #N3 #表現""",[sound:J2TEAM-TTS-1748159513436.mp3],,jlpt_grammar,,
〜につき,"機器の点検につき、一時的にサービスを停止します。(Do kiểm tra thiết bị, chúng tôi tạm ngừng dịch vụ.)",N3,"""Cấu trúc """"〜につき"""" có hai ý nghĩa chính. Thứ nhất, nó được sử dụng để diễn tả {{c1::lý do chính thức}} hoặc {{c1::căn cứ}} dẫn đến một thông báo hoặc kết quả. Ý nghĩa này thường xuất hiện trong {{c2::thông báo công cộng}}, {{c2::biển báo}} hoặc {{c2::văn bản hành chính}}. Thứ hai, nó dùng để diễn tả {{c3::tỷ lệ}} hoặc {{c3::đơn giá}}, tương đương với cách nói """"mỗi, cho mỗi"""" trong tiếng Việt, thường được sử dụng khi nói về giá cả, phí tổn hoặc quy định.""",jlpt_grammar,,
理由と割合を表す表現,Các cấu trúc diễn tả lý do và tỷ lệ,N3,,jlpt_grammar,,
〜一方(で),"Thầy giáo một mặt chỉ dạy học sinh nghiêm khắc, mặt khác lại hay trao đổi với học sinh.",N3,"""Cấu trúc 〜一方(で) được sử dụng để diễn tả hai khía cạnh tương phản hoặc hai hành động diễn ra đồng thời. """"Một mặt… mặt khác…"""". Nó thường dùng để chỉ ra hai mặt đối lập hoặc hai hành động song song của cùng một đối tượng hoặc hiện tượng.""",jlpt_grammar,,
default,"""#文法 #対比 #並列 #N3 #表現""",[sound:J2TEAM-TTS-1748159666560.mp3],,jlpt_grammar,,
〜一方(で),"彼は家事を手伝う一方で、仕事も頑張っている。(Anh ấy vừa giúp việc nhà, vừa cố gắng trong công việc.)",N3,"""Cấu trúc """"〜一方(で)"""" được sử dụng để diễn tả {{c1::hai khía cạnh đối lập}} hoặc {{c1::hai hành động song song}} của cùng một đối tượng hoặc hiện tượng. Nó tương đương với cách nói """"một mặt… mặt khác…"""" trong tiếng Việt. Cấu trúc này thường dùng để {{c2::so sánh tương phản}} hoặc {{c2::liệt kê các hành động đồng thời}} diễn ra. Trong nhiều trường hợp, 一方 có thể {{c3::đứng một mình như một liên từ}} ở đầu câu sau để chỉ ra sự đối lập với câu trước.""",jlpt_grammar,,
対比を表す表現,Các cấu trúc diễn tả sự tương phản,N3,,jlpt_grammar,,
〜がたい,Một người ngay thẳng như cô ta mà lại nói dối thì thật khó có thể tin được.,N3,"""Cấu trúc 〜がたい kết hợp với động từ ở dạng ます (bỏ ます) để diễn tả """"khó có thể/không thể nào thực hiện được hành động đó"""". Đây là cấu trúc mang tính văn chương, chủ yếu xuất hiện trong văn viết và các tác phẩm văn học, ít dùng trong giao tiếp hàng ngày.""",jlpt_grammar,,
default,"""#文法 #困難 #書き言葉 #N3 #表現""",[sound:J2TEAM-TTS-1748159474714.mp3],,jlpt_grammar,,
〜がたい,この問題は一般の人には理解がたい内容です。(Nội dung của vấn đề này khó có thể hiểu được đối với người bình thường.),N3,"""Cấu trúc """"〜がたい"""" được sử dụng để diễn tả {{c1::khó có thể thực hiện}} hoặc {{c1::không thể nào thực hiện được}} một hành động nào đó. Đây là cấu trúc {{c2::mang tính văn chương}} và {{c2::trang trọng}}, thường xuất hiện trong văn bản học thuật, văn học hoặc báo chí. Ngoài nghĩa khách quan về sự khó khăn, cấu trúc này còn thể hiện {{c3::sự khó chấp nhận}} về mặt cảm xúc hoặc {{c3::sự quý hiếm}} của cơ hội hay trải nghiệm.""",jlpt_grammar,,
困難さを表す表現,Các cấu trúc diễn tả sự khó khăn,N3,,jlpt_grammar,,
〜得る,Trong tình hình kinh tế khó khăn thế này thì việc các tập đoàn lớn sụp đổ cũng có thể xảy ra.,N3,"Cấu trúc 〜得る (〜うる) kết hợp với động từ ở dạng ます để diễn tả khả năng xảy ra của một sự việc hoặc khả năng thực hiện một hành động. Cấu trúc này thường được sử dụng trong văn viết chính thức và mang tính học thuật, ít xuất hiện trong giao tiếp hàng ngày.",jlpt_grammar,,
default,"""#文法 #可能 #書き言葉 #N3 #表現""",[sound:J2TEAM-TTS-1748159809853.mp3],,jlpt_grammar,,
〜得る,将来起こり得る問題について考えておく必要がある。(Cần phải suy nghĩ về những vấn đề có thể xảy ra trong tương lai.),N3,"""Cấu trúc """"〜得る"""" (〜うる) được sử dụng để diễn tả {{c1::khả năng xảy ra}} của một sự việc hoặc {{c1::khả năng thực hiện}} một hành động. Đây là cấu trúc {{c2::mang tính văn chương}} và {{c2::trang trọng}}, thường xuất hiện trong văn bản học thuật, pháp lý hay báo chí. Cấu trúc này {{c3::không được dùng}} để diễn tả {{c3::năng lực cá nhân}} như """"〜ことができる"""" mà chỉ diễn tả khả năng khách quan.""",jlpt_grammar,,
可能性を表す表現,Các cấu trúc diễn tả khả năng,N3,,jlpt_grammar,,
やむを得ない,Vì sốt đến 39 độ nên tôi buộc phải nghỉ học.,N3,"""やむを得ない diễn tả tình huống """"bất đắc dĩ, không còn cách nào khác"""" khi phải làm một việc gì đó dù không muốn. Đây là một biến thể đặc biệt của 〜得る, thường dùng để giải thích lý do cho những quyết định miễn cưỡng hoặc tình huống không thể tránh khỏi.""",jlpt_grammar,,
default,"""#文法 #必然 #N3 #表現 #書き言葉""",,,jlpt_grammar,,
〜に相違ない,Chỉ cần có bằng chứng thế này thôi thì cũng có thể cho rằng người đàn ông kia chắc chắn là thủ phạm.,N3,"""Cấu trúc này diễn tả sự tin chắc của người nói rằng """"chắc chắn là thế, khó mà sai được"""". Đây là cách diễn đạt mạnh mẽ hơn """"〜だろう"""" và thường được sử dụng trong văn viết hoặc phát biểu trang trọng. Nó thể hiện mức độ chắc chắn rất cao.""",jlpt_grammar,,
default,"""#文法 #確信 #書き言葉 #N3 #表現""",[sound:J2TEAM-TTS-1748159586584.mp3],,jlpt_grammar,,
〜に相違ない,彼は天才に相違ない。(Anh ấy chắc chắn là một thiên tài.),N3,"""Cấu trúc """"〜に相違ない"""" được sử dụng để diễn tả {{c1::sự tin chắc rất cao}} hoặc {{c1::niềm tin mạnh mẽ}} của người nói về một sự việc. Đây là cách diễn đạt {{c2::mang tính văn chương}} và {{c2::trang trọng}} hơn so với """"〜だろう"""" hoặc """"〜と思う"""". Nó thường xuất hiện trong {{c3::văn viết chính thức}} hoặc {{c3::phát biểu trang trọng}} và ít khi được sử dụng trong hội thoại hàng ngày.""",jlpt_grammar,,
確信を表す表現,Các cấu trúc diễn tả sự chắc chắn,N3,,jlpt_grammar,,
～げ,Con trai tôi đưa bài kiểm tra được 100 điểm với vẻ mặt đắc ý lắm.,N3,"""Cấu trúc ～げ được gắn vào tính từ (イ形容詞・ナ形容詞) để diễn tả dáng vẻ, thái độ hoặc trạng thái bên ngoài của ai đó. Nó mang ý nghĩa """"có vẻ như ~"""" hoặc """"trông như ~"""". Cách dùng này thường xuất hiện trong văn viết.""",jlpt_grammar,,
default,"""#文法 #様態 #表情 #N3 #形容詞""",[sound:J2TEAM-TTS-1748160237145.mp3],,jlpt_grammar,,
～げ,彼女は悲しげな表情で窓の外を見ていた。(Cô ấy nhìn ra ngoài cửa sổ với vẻ mặt buồn bã.),N3,Cấu trúc ～げ được sử dụng để diễn tả {{c1::dáng vẻ bên ngoài}} hoặc {{c1::biểu hiện}} của một người hoặc sự vật. Nó thường được dùng khi muốn miêu tả {{c2::trạng thái cảm xúc}} mà người ta có thể {{c2::quan sát được qua nét mặt hoặc hành động}}. Cấu trúc này thường xuất hiện trong {{c3::văn viết}} hoặc {{c3::văn chương}} nhiều hơn trong văn nói thông thường.,jlpt_grammar,,
～げ vs ～そうだ vs ～らしい,So sánh các cấu trúc biểu thị suy đoán và biểu hiện trong tiếng Nhật,N3,,jlpt_grammar,,
～げ,Anh ta ra vẻ như muốn nói điều gì đó.,N3,Cấu trúc ～げ không chỉ gắn với tính từ mà còn có thể kết hợp với dạng たい của động từ (bỏ い) để diễn tả dáng vẻ như thể ai đó muốn làm gì đó. Nó cũng có thể kết hợp với dạng phủ định như なさげ để diễn tả sự thiếu vắng của một cảm xúc hoặc trạng thái.,jlpt_grammar,,
default,"""#文法 #様態 #表情 #N3 #形容詞 #否定""",,,jlpt_grammar,,
～げ,彼女は喜びげのない表情で賞状を受け取った。(Cô ấy nhận giấy khen với vẻ mặt không có chút vui mừng nào.),N3,"Cấu trúc ～げ ngoài việc kết hợp với tính từ thông thường, còn có thể kết hợp với {{c1::dạng たい của động từ}} để diễn tả {{c1::vẻ như muốn làm gì đó}} hoặc với {{c2::dạng phủ định của tính từ}} để diễn tả {{c2::sự thiếu vắng của một cảm xúc}}. Một cách dùng đặc biệt khác là cấu trúc {{c3::～げのない}} để nhấn mạnh {{c3::sự không biểu hiện cảm xúc}} một cách tinh tế hơn.",jlpt_grammar,,
～きり,"Mẹ tôi ra khỏi nhà từ sáng, đến tối rồi mà vẫn không trở về.",N3,"Cấu trúc ～きり với ý nghĩa thứ nhất được gắn vào động từ thể た hoặc từ chỉ định (これ・それ・あれ) để diễn tả một sự việc xảy ra và đến đó là kết thúc, từ sau đó không còn diễn ra nữa hoặc không có diễn biến tiếp theo như mong đợi.",jlpt_grammar,,
default,"""#文法 #終了 #限定 #N3 #動詞""",[sound:J2TEAM-TTS-1748160136446.mp3],,jlpt_grammar,,
～きり,彼は10年前に出て行ったきり、二度と戻ってこなかった。(Anh ta đã rời đi từ 10 năm trước và không bao giờ quay lại nữa.),N3,Cấu trúc ～きり kết hợp với động từ thể た để diễn tả một hành động {{c1::xảy ra một lần và kết thúc}} mà {{c1::không có diễn biến tiếp theo}} như mong đợi. Nó thường được sử dụng khi muốn nhấn mạnh rằng một sự việc {{c2::đã dừng lại tại một điểm}} và {{c2::không tiếp tục}} sau đó. Cấu trúc này thường xuất hiện trong các tình huống {{c3::mô tả sự vắng mặt kéo dài}} hoặc {{c3::sự ngắt quãng không mong muốn}}.,jlpt_grammar,,
～きり,"Bố tôi đi công tác một mình, nên cuộc sống giờ chỉ còn hai mẹ con tôi.",N3,"""Cấu trúc ～きり với ý nghĩa thứ hai được gắn vào số từ để nhấn mạnh số lượng ít hoặc sự giới hạn về mặt số lượng. Nó diễn tả ý """"chỉ có… mà thôi"""" với hàm ý nhấn mạnh sự hạn chế.""",jlpt_grammar,,
default,"""#文法 #限定 #数量 #N3 #名詞""",,,jlpt_grammar,,
～きり,彼らは二人きりで長い旅をした。(Họ chỉ có hai người đi cuộc hành trình dài.),N3,Cấu trúc ～きり kết hợp với số từ để nhấn mạnh rằng {{c1::số lượng rất ít}} hoặc {{c1::chỉ có ngần ấy mà thôi}}. Nó thường được sử dụng khi muốn diễn tả rằng một số lượng nào đó {{c2::ít hơn mong đợi}} hoặc {{c2::không đủ}}. Cấu trúc này thường xuất hiện trong các tình huống {{c3::mô tả sự thiếu thốn}} hoặc {{c3::hoàn cảnh khó khăn}}.,jlpt_grammar,,
～きり,Hồi đó anh ta cứ ở lỳ trong phòng thôi.,N3,"Cấu trúc ～きり với ý nghĩa thứ ba (慣用的表現) được gắn vào động từ thể ます (bỏ ます) để diễn tả một trạng thái kéo dài liên tục, không thay đổi. Ý nghĩa này trái ngược với ý nghĩa thứ nhất, nhấn mạnh sự tiếp diễn mãi mãi của một trạng thái.",jlpt_grammar,,
default,"""#文法 #継続 #慣用表現 #N3 #動詞""",,,jlpt_grammar,,
～きり,彼女は子どもの看病で三日間付きっきりだった。(Cô ấy đã chăm sóc đứa trẻ liên tục trong ba ngày.),N3,Cấu trúc ～きり trong ngữ nghĩa thứ ba được sử dụng như một thành ngữ để diễn tả một trạng thái {{c1::kéo dài liên tục}} hoặc {{c1::không thay đổi}}. Nó thường được dùng khi muốn nhấn mạnh rằng một hành động hoặc trạng thái {{c2::tiếp diễn không ngừng}} và {{c2::không có sự gián đoạn}}. Cấu trúc này thường xuất hiện trong các tình huống {{c3::mô tả sự chăm sóc toàn tâm toàn ý}} hoặc {{c3::trạng thái không thể thay đổi}}.,jlpt_grammar,,
～きり vs ～だけ vs ～っぱなし,So sánh các cấu trúc diễn tả sự giới hạn và kéo dài trong tiếng Nhật,N3,,jlpt_grammar,,
～っこない,Nhớ được 100 chữ Hán trong ngày hôm nay là chuyện điên rồ. Làm sao mà làm được.,N3,Cấu trúc ～っこない được gắn vào động từ thể ます (bỏ ます) để nhấn mạnh rằng một hành động hoặc sự việc không thể nào xảy ra được. Nó mang ý nghĩa tương tự như ～はずがない nhưng thường chỉ dùng trong văn nói.,jlpt_grammar,,
default,"""#文法 #否定 #可能性 #話し言葉 #N3 #動詞""",[sound:J2TEAM-TTS-1748160279467.mp3],,jlpt_grammar,,
～っこない,彼がそんなことをするわけがない。できっこないよ。(Anh ta không có lý do gì để làm việc đó. Không thể nào làm được đâu.),N3,"Cấu trúc ～っこない được sử dụng để nhấn mạnh rằng một điều gì đó {{c1::không thể nào xảy ra}} hoặc {{c1::hoàn toàn không thể thực hiện được}}. Nó thường được dùng với {{c2::động từ thể khả năng}} để nhấn mạnh sự bất khả thi. Cấu trúc này {{c3::chỉ xuất hiện trong văn nói}} và mang tính {{c3::phủ định cảm tính mạnh mẽ}}, thường xuất phát từ sự chắc chắn chủ quan của người nói.",jlpt_grammar,,
～っこない vs ～はずがない vs ～わけがない,So sánh các cấu trúc phủ định mạnh trong tiếng Nhật,N3,,jlpt_grammar,,
～っこない,"Núi cao như vậy, tôi không thể nào leo được đâu.",N3,"Cấu trúc ～っこない được gắn vào động từ thể ます (bỏ ます) để nhấn mạnh sự bất khả thi một cách mạnh mẽ và dứt khoát. Nó mang tính chủ quan cao, thể hiện niềm tin chắc chắn của người nói rằng điều đó không thể xảy ra.",jlpt_grammar,,
default,"""#文法 #否定 #可能性 #話し言葉 #N3 #動詞 #強調""",,,jlpt_grammar,,
～っこない,あんな難しい試験に合格するのは無理だ。私には受かりっこない。(Đậu kỳ thi khó như vậy là điều không thể. Tôi không thể nào đậu được.),N3,"Cấu trúc ～っこない được sử dụng để {{c1::nhấn mạnh sự phủ định mạnh mẽ}} và {{c1::bày tỏ niềm tin chắc chắn}} rằng một điều gì đó không thể xảy ra. Nó thể hiện {{c2::sự bất khả thi tuyệt đối}} từ góc nhìn chủ quan của người nói. Cấu trúc này thường xuất hiện trong {{c3::văn nói hàng ngày}} và mang {{c3::sắc thái cảm xúc mạnh}}, thường là sự thất vọng, bất mãn hoặc phản đối.",jlpt_grammar,,
～っぱなし,"Cả tuần qua trời cứ mưa suốt, quần áo giặt mãi mà không khô được.",N3,Cấu trúc ～っぱなし gắn vào động từ thể ます (bỏ ます) để diễn tả một trạng thái hoặc hành động kéo dài liên tục. Ý nghĩa thứ nhất chỉ việc một trạng thái cứ tiếp diễn không ngừng nghỉ.,jlpt_grammar,,
default,"""#文法 #状態 #継続 #N3 #動詞""",[sound:J2TEAM-TTS-1748160313924.mp3],,jlpt_grammar,,
～っぱなし,朝から雨が降りっぱなしだ。(Từ sáng đến giờ trời cứ mưa suốt.),N3,Cấu trúc ～っぱなし kết hợp với động từ để diễn tả một trạng thái {{c1::kéo dài liên tục}} hoặc một hành động {{c1::tiếp diễn không ngừng nghỉ}}. Nó thường được dùng khi muốn nhấn mạnh rằng một hoạt động diễn ra {{c2::liên tục trong một khoảng thời gian dài}} mà không có dấu hiệu kết thúc. Cấu trúc này thường xuất hiện trong các tình huống {{c3::phàn nàn}} hoặc {{c3::miêu tả một trạng thái bất thường}}.,jlpt_grammar,,
～っぱなし,Cửa vẫn mở (không được đóng lại).,N3,Cấu trúc ～っぱなし với ý nghĩa thứ hai diễn tả việc để một thứ gì đó trong trạng thái không hoàn tất hoặc không được thu dọn/xử lý sau khi sử dụng. Thường mang nghĩa tiêu cực về sự thiếu trách nhiệm.,jlpt_grammar,,
default,"""#文法 #放置 #未完了 #N3 #動詞""",[sound:J2TEAM-TTS-1748160361758.mp3],,jlpt_grammar,,
～っぱなし,子供たちが部屋を散らかしっぱなしにしている。(Bọn trẻ cứ để phòng bừa bộn mãi.),N3,Cấu trúc ～っぱなし trong ngữ nghĩa thứ hai chỉ trạng thái một thứ gì đó bị {{c1::để nguyên}} hoặc {{c1::bỏ mặc}} sau khi sử dụng. Nó thường ám chỉ một việc gì đó {{c2::chưa được hoàn tất đúng cách}} hoặc {{c2::không được thu dọn}}. Cấu trúc này thường xuất hiện trong các tình huống {{c3::phê bình}} hoặc {{c3::nhắc nhở về sự cẩu thả}}.,jlpt_grammar,,
～っぱなし vs ～たまま vs ～続ける,So sánh các cấu trúc diễn tả trạng thái kéo dài trong tiếng Nhật,N3,,jlpt_grammar,,
～(ただ)～のみならず,Giáo sư Kimura không chỉ là một nhà nghiên cứu xuất sắc mà còn là một nhà giáo đáng kính.,N2,"""Cấu trúc này được sử dụng trong ngôn ngữ viết để diễn tả ý nghĩa """"không chỉ… mà còn…"""", nhấn mạnh việc bổ sung thêm thông tin tích cực hoặc tiêu cực. Hai vế trước sau phải có cùng mức độ đánh giá và thường mang tính trang trọng. Đây là cách nói mang màu sắc văn chương, ít dùng trong hội thoại thường ngày.""",jlpt_grammar,,
default,"""#書き言葉, #文語, #強調, #付加, #硬い表現, #接続表現, #N2文法""",[Để trống],,jlpt_grammar,,
～(ただ)～のみならず,彼は交通事故を起こし、自分の右足を失ったのみならず、相手にも大けがを負わせてしまった。 (Anh ta không những gây tai nạn mất chân phải mà còn làm đối phương bị thương nặng.),N2,"""Cấu trúc này được sử dụng để {{c1::bổ sung thêm thông tin}} với ý nghĩa """"không chỉ… mà còn…"""". Nó mang tính {{c2::trang trọng và văn chương}}, chủ yếu xuất hiện trong {{c2::ngôn ngữ viết}} như báo chí, học thuật. Hai vế trước sau phải có {{c3::cùng mức độ đánh giá}} (tích cực hoặc tiêu cực) và thường được sử dụng để {{c3::nhấn mạnh sự toàn diện}} của một hiện tượng hoặc đối tượng.""",jlpt_grammar,,
のみならず vs だけでなく vs ばかりでなく,"""Các cách diễn đạt """"không chỉ… mà còn…""""""",N2,,jlpt_grammar,,
のみ,Mỗi tỉnh chỉ có một trường được tham dự đại hội bóng chày toàn quốc.,N2,"のみ là cách nói trang trọng của だけ, được sử dụng trong văn viết và lời nói chính thức. Nó nhấn mạnh sự giới hạn hoặc tính duy nhất của một yếu tố nào đó. Cấu trúc này mang tính chất trang trọng và thường xuất hiện trong các văn bản chính thức, báo cáo hoặc bài phát biểu.",jlpt_grammar,,
default,"""#限定, #書き言葉, #正式, #文語, #強調, #N2, #助詞""",[Để trống],,jlpt_grammar,,
のみ,T大学合格には、ただ努力あるのみ！ (Đỗ được vào đại học T không phải chỉ có nỗ lực thôi đâu!),N2,"Cấu trúc のみ được sử dụng để {{c1::giới hạn}} hoặc {{c1::nhấn mạnh tính duy nhất}} của một yếu tố nào đó. Nó mang tính {{c2::trang trọng}} và {{c2::chính thức}} hơn so với だけ. Thường xuất hiện trong {{c3::văn viết}}, {{c3::báo cáo}} hoặc {{c3::bài phát biểu chính thức}}.",jlpt_grammar,,
のみ vs だけ vs ばかり (các cách biểu đạt giới hạn),"""Các cách biểu đạt giới hạn """"chỉ có""""""",N2,,jlpt_grammar,,
～にしろ／せよ／しても,"Dù rằng có một vài vấn đề về mặt tính cách đi nữa, nhưng không thể không thừa nhận tài năng xuất sắc của anh ấy.",N2,"""Cấu trúc """"～にしろ／せよ／しても"""" được sử dụng để diễn tả ý nghĩa """"dù giả sử có thừa nhận điều đó"""", theo sau thường là sự việc có ý nghĩa ngược lại hoặc bất ngờ. Đây là cách thể hiện sự nhượng bộ trong lập luận, thường xuất hiện trong văn viết trang trọng. Cấu trúc này mang tính chất đưa ra ý kiến, đánh giá hoặc phán đoán về một vấn đề nào đó.""",jlpt_grammar,,
default,"""#譲歩, #仮定, #逆接, #意見表明, #評価, #判断, #文法""",,,jlpt_grammar,,
～にしろ／せよ／しても,"性格的には問題があるにしても、彼の優秀さを認めないわけにはいかない。(Dù rằng có một vài vấn đề về mặt tính cách đi nữa, nhưng không thể không thừa nhận tài năng xuất sắc của anh ấy.)",N2,"""Cấu trúc """"～にしろ／せよ／しても"""" được sử dụng để {{c1::thừa nhận một phần sự thật}} trước khi đưa ra {{c1::quan điểm trái ngược}} hoặc bất ngờ. Nó mang tính {{c2::nhượng bộ trong lập luận}}, thể hiện thái độ {{c2::công nhận nhưng vẫn phản bác}}. Cấu trúc này thường xuất hiện trong {{c3::văn viết trang trọng}} và các tình huống {{c3::tranh luận}} hoặc {{c3::đánh giá}}.""",jlpt_grammar,,
譲歩を表す文法の比較,So sánh các cấu trúc biểu thị sự nhượng bộ,N2,,jlpt_grammar,,
～か（反語）,Chuyện đó sao nói đùa được.,N2,"""Cấu trúc ～か được sử dụng như một phản ngữ để nhấn mạnh ý nghĩa phủ định mạnh mẽ. Thay vì nói trực tiếp """"không thể"""", người nói sử dụng dạng câu hỏi để làm nổi bật sự bất khả thi hoặc không thể chấp nhận được của hành động đó. Đây là cách biểu đạt cảm xúc mạnh, thường mang tính phản bác hoặc khẳng định quyết liệt.""",jlpt_grammar,,
default,"""#反語, #疑問, #否定的, #強調, #感情表現, #文末""",,,jlpt_grammar,,
～か（反語）,"いくら頼まれたからといって、そんな詐欺みたいなこと、できるか。(Dù cho có được nhờ bao nhiêu đi nữa, thì chuyện lừa đảo như thế, làm sao có thể làm được.)",N2,"Cấu trúc này được sử dụng để {{c1::biểu đạt ý nghĩa phủ định mạnh mẽ}} thông qua {{c1::hình thức câu hỏi}}. Người nói không thực sự đặt câu hỏi mà muốn {{c2::khẳng định quyết liệt}} rằng điều đó không thể xảy ra hoặc không thể chấp nhận được. Cấu trúc này thường xuất hiện trong các tình huống {{c3::tranh luận}}, {{c3::phản bác}} hoặc khi muốn {{c3::nhấn mạnh cảm xúc}} của người nói.",jlpt_grammar,,
否定を強調する表現の比較,Các cách biểu đạt phủ định mạnh mẽ,N2,,jlpt_grammar,,
～にかけては,Về mặt sải chân thì tôi tự tin mình không thua kém ai.,N2,"""Cấu trúc ～にかけては được sử dụng để thể hiện đánh giá tích cực hoặc sự tự tin về một khía cạnh, lĩnh vực cụ thể nào đó. Nó mang ý nghĩa """"nếu xét về mặt…"""" hoặc """"về phương diện…"""". Thường được sử dụng khi muốn nhấn mạnh điểm mạnh hoặc khả năng đặc biệt của ai đó trong một lĩnh vực nhất định. Cấu trúc này chỉ dùng với ý nghĩa tích cực, không dùng để chỉ trích hay đánh giá tiêu cực.""",jlpt_grammar,,
default,"""#評価, #得意分野, #専門性, #自信, #比較, #優秀, #能力""",[Để trống],,jlpt_grammar,,
～にかけては,私は足の速さにかけてはだれにも負けない自信がある。(Về mặt sải chân thì tôi tự tin mình không thua kém ai.),N2,"Cấu trúc ～にかけては được sử dụng để {{c1::đánh giá tích cực}} hoặc {{c1::thể hiện sự tự tin}} về một khía cạnh, lĩnh vực cụ thể. Nó mang ý nghĩa {{c2::nếu xét về mặt}} hoặc {{c2::về phương diện}} một điều gì đó. Cấu trúc này {{c3::chỉ dùng với ý nghĩa tích cực}}, thường xuất hiện trong các tình huống {{c3::so sánh}} hoặc {{c3::khoe khoang năng lực}}.",jlpt_grammar,,
～といっても,Nói là học nhưng chỉ ở mức sơ cấp thôi.,N2,"Cấu trúc này được sử dụng khi người nói muốn phủ định một phần thông tin, nhấn mạnh rằng mức độ thực tế không đến mức như người nghe nghĩ. Nó thể hiện sự khiêm tốn hoặc làm rõ thực tế. Thường dùng trong các tình huống giải thích hoặc đính chính thông tin.",jlpt_grammar,,
default,"""#否定, #程度, #限定, #会話, #謙遜, #説明, #レベル""",[Để trống],,jlpt_grammar,,
～といっても,勉強したといっても、初級レベルだけなんです。(Nói là học nhưng chỉ ở mức sơ cấp thôi.),N2,"Cấu trúc này được sử dụng để {{c1::phủ định một phần}} thông tin đã được đề cập, nhấn mạnh rằng {{c2::mức độ thực tế không cao}} như người nghe tưởng tượng. Nó thể hiện {{c3::sự khiêm tốn}} và được dùng trong các tình huống {{c3::giải thích}} hoặc {{c3::đính chính}}. Người nói thừa nhận sự thật nhưng muốn làm rõ rằng không đến mức nghiêm trọng hoặc ấn tượng như vẻ ngoài.",jlpt_grammar,,
といっても・とはいえ・けれど類似表現,Nhóm cấu trúc phủ định một phần và đối lập,N2,,jlpt_grammar,,
～というと／いえば／いったら,"Nhắc đến món ăn Nhật, đầu tiên tôi liên tưởng đến tempura với sushi.",N3,"""Cấu trúc này được sử dụng để diễn tả sự liên tưởng hoặc nghĩ ra điều gì đó khi nghe thấy một từ hoặc chủ đề nào đó. Nó có thể mang ý nghĩa """"nhắc đến… thì"""", """"nói về… thì"""" hoặc """"khi nghĩ đến… thì"""". Thường được dùng để chuyển chủ đề hoặc đưa ra ví dụ điển hình.""",jlpt_grammar,,
default,"""#連想, #説明, #話題転換, #代表例, #印象, #思い出す, #例示""",[Để trống],,jlpt_grammar,,
～というと／いえば／いったら,佐藤先生といえば、今度本を出版なさるそうだよ。 (Nói về thầy Satou thì hình như lần này thầy sẽ xuất bản sách đấy.),N3,Cấu trúc này được sử dụng để diễn tả {{c1::sự liên tưởng}} hoặc {{c1::nghĩ ra điều gì}} khi nghe thấy một từ hoặc chủ đề nào đó. Nó có thể mang ý nghĩa {{c2::chuyển chủ đề}} hoặc {{c2::đưa ra ví dụ điển hình}} của một khái niệm. Thường xuất hiện trong các tình huống {{c3::hội thoại tự nhiên}} khi người nói muốn {{c3::bổ sung thông tin}} hoặc {{c3::chia sẻ kinh nghiệm}} liên quan.,jlpt_grammar,,
～というと/いえば/いったら vs 似たような表現,Các cách diễn tả sự liên tưởng và chuyển chủ đề,N3,,jlpt_grammar,,
〜と見えて,"Cha tôi có vẻ đang khó chịu, từ sáng đến giờ ông chẳng nói một lời.",N3,"""Cấu trúc 〜と見えて được sử dụng để đưa ra nhận định hoặc phán đoán dựa trên những điều quan sát được. Nó mang nghĩa """"có vẻ như, dường như"""" và thường được theo sau bởi bằng chứng cụ thể cho nhận định đó. Đây là cách nói tương đối trang trọng và thường xuất hiện trong văn viết hoặc lời nói lịch sự.""",jlpt_grammar,,
default,"""#推測, #観察, #判断, #根拠, #文語的, #N3, #中級""",[Để trống],,jlpt_grammar,,
〜と見えて,"あの会社は景気がいいと見えて、夜遅くまで明かりがついている。 (Công ty đó có vẻ có tình hình kinh doanh tốt, đến tận tối muộn rồi mà đèn vẫn thắp sáng.)",N3,"Cấu trúc 〜と見えて được sử dụng để {{c1::đưa ra nhận định}} hoặc {{c1::phán đoán}} dựa trên quan sát. Nó có hai ý nghĩa chính: thứ nhất là {{c2::thể hiện suy đoán có căn cứ}} từ những điều nhìn thấy được, thứ hai là {{c3::diễn tả sự tương phản}} giữa vẻ ngoài và thực tế. Cấu trúc này mang tính {{c2::trang trọng}} và thường xuất hiện trong {{c3::văn viết}} hoặc {{c3::lời nói lịch sự}}.",jlpt_grammar,,
推測・判断の表現,Các cách diễn tả suy đoán và phán đoán,N3,,jlpt_grammar,,
～に限って,Cứ hôm nào tôi không làm bài tập về nhà là lại bị cô giáo gọi.,N2,"""Cấu trúc """"～に限って"""" được sử dụng để nhấn mạnh rằng một điều gì đó bất thường hoặc không may xảy ra đúng vào thời điểm hoặc với người cụ thể. Nó thể hiện cảm xúc bất mãn, ngạc nhiên hoặc mỉa mai của người nói. Cấu trúc này có nghĩa là """"cứ… thì…"""" hoặc """"chỉ có… mới…"""". Thường được dùng để diễn tả những tình huống trùng hợp khó chịu.""",jlpt_grammar,,
default,"""#限って, #不満, #皮肉, #偶然, #強調, #特殊状況, #意外""",[Để trống],,jlpt_grammar,,
～に限って,宿題をして来なかった日に限って先生に当てられる。(Cứ hôm nào tôi không làm bài tập về nhà là lại bị cô giáo gọi.),N2,"""Cấu trúc """"～に限って"""" có hai ý nghĩa chính. Thứ nhất, nó được sử dụng để {{c1::nhấn mạnh sự trùng hợp bất ngờ}} và thường {{c1::thể hiện cảm xúc bất mãn}} của người nói. Thứ hai, nó dùng để {{c2::khẳng định niềm tin tuyệt đối}} vào một người hoặc vật, với ý nghĩa """"chắc chắn không thể"""". Cấu trúc này thường xuất hiện trong các tình huống {{c3::mỉa mai}} hoặc {{c3::bày tỏ sự ngạc nhiên}} về những điều trùng hợp khó tin.""",jlpt_grammar,,
～に限って vs ～だけ vs ～ばかり,So sánh các cách thể hiện sự giới hạn và đặc biệt,N2,,jlpt_grammar,,
～限り,Chừng nào chúng tôi còn im lặng thì sẽ không có chuyện bí mật này bị nói cho ai biết đâu.,N2,"""Cấu trúc ～限り có 3 ý nghĩa chính: (1) điều kiện giả định """"chừng nào mà…"""", (2) phạm vi phán đoán """"theo như…"""", (3) giới hạn tối đa """"hết mức có thể"""". Khi mang nghĩa điều kiện, nó nhấn mạnh rằng nếu điều kiện thay đổi thì kết quả cũng sẽ thay đổi theo. Cấu trúc này không được sử dụng để nói về các sự việc trong quá khứ.""",jlpt_grammar,,
default,"""#条件, #仮定, #範囲, #判断, #限界, #N2文法, #上級""",[Để trống],,jlpt_grammar,,
～限り,"彼女の表情を見た限りでは、それほどショックを受けたようではなかった。(Theo những gì tôi nhìn thấy từ vẻ mặt cô ấy, có vẻ cô ấy không bị sốc đến mức đó.)",N2,"""Cấu trúc ～限り có ba ý nghĩa chính tùy theo ngữ cảnh sử dụng. Thứ nhất, nó biểu thị {{c1::điều kiện giả định}} với nghĩa """"chừng nào mà…"""", nhấn mạnh rằng kết quả sẽ thay đổi khi điều kiện thay đổi. Thứ hai, khi đi với các động từ tri giác như 見る、聞く、調べる, nó mang nghĩa {{c2::phạm vi phán đoán}} """"theo như…"""". Thứ ba, nó có thể biểu thị {{c3::giới hạn tối đa}} với ý nghĩa """"hết mức có thể"""". Đặc điểm quan trọng là cấu trúc này {{c2::không được sử dụng}} để nói về các sự việc đã xảy ra trong quá khứ.""",jlpt_grammar,,
～限り vs ～間は vs ～以上,So sánh các cấu trúc biểu thị điều kiện và thời gian,N2,,jlpt_grammar,,
～上,"Về mặt pháp luật thì nam nữ bình đẳng, nhưng thực tế vẫn có rất nhiều vụ phân biệt giới tính.",N2,"""Cấu trúc """"～上"""" được sử dụng để chỉ một khía cạnh hoặc góc độ cụ thể của vấn đề, có nghĩa là """"về mặt"""", """"xét về khía cạnh"""". Đây là cách nói trang trọng thường xuất hiện trong các văn bản chính thức hoặc thảo luận chuyên môn. Cấu trúc này thường đi kèm với những từ ngữ có tính chuyên môn như pháp luật, giáo dục, tôn giáo.""",jlpt_grammar,,
default,"""#上, #見地, #面, #観点, #立場, #理由, #専門""",[sound:J2TEAM-TTS-1748162844826.mp3],,jlpt_grammar,,
～上,理論上は成功するはずだった。(Về lý thuyết thì phải thành công.),N2,"""Cấu trúc """"～上"""" được sử dụng để biểu thị {{c1::một khía cạnh}} hoặc {{c1::góc độ cụ thể}} của vấn đề, có nghĩa là """"về mặt"""", """"xét về khía cạnh"""". Đây là {{c2::cách nói trang trọng}} thường xuất hiện trong {{c2::các văn bản chính thức}} hoặc thảo luận chuyên môn. Cấu trúc này thường được sử dụng trong {{c3::các tình huống chuyên nghiệp}} như pháp luật, giáo dục, kinh doanh để {{c3::phân tích vấn đề từ nhiều góc độ}} khác nhau.""",jlpt_grammar,,
～上 vs ～という点で vs ～に関して,Các cách biểu thị góc độ và khía cạnh,N2,,jlpt_grammar,,
～だけあって,"Cửa hàng đó đúng là nổi tiếng có khác, khách hàng lúc nào cũng đông.",N2,"""Cấu trúc ～だけあって được sử dụng để thể hiện rằng kết quả hiện tại là hoàn toàn phù hợp và đáng kể với danh tiếng, năng lực hay vị thế của ai đó/cái gì đó. Nó mang ý nghĩa """"quả đúng là"""", """"đúng là có khác"""" và thường được dùng với sắc thái đánh giá tích cực. Cấu trúc này nhấn mạnh sự xứng đáng giữa nguyên nhân và kết quả.""",jlpt_grammar,,
default,"""#だけあって, #評価, #当然, #価値, #能力, #評判, #結果""",[sound:J2TEAM-TTS-1748162307685.mp3],,jlpt_grammar,,
～だけあって,"あの店は有名なだけあって、料理がおいしい。(Cửa hàng đó đúng là nổi tiếng có khác, món ăn rất ngon.)",N2,"""Cấu trúc ～だけあって được sử dụng để thể hiện {{c1::sự đánh giá tích cực}} về kết quả hoàn toàn {{c1::phù hợp với danh tiếng}} hoặc năng lực của ai đó/cái gì đó. Nó mang ý nghĩa {{c2::""""quả đúng là""""}} hoặc {{c2::""""đúng là có khác""""}} khi muốn nhấn mạnh rằng điều gì đó {{c2::xứng đáng}} với tiếng tăm hay vị thế của nó. Cấu trúc này thường xuất hiện trong các tình huống {{c3::đánh giá}} hoặc {{c3::nhận xét}} về sự tương xứng giữa nguyên nhân và kết quả.""",jlpt_grammar,,
だけあって vs だけのことはある vs さすが,Các cách thể hiện sự đánh giá tích cực,N2,,jlpt_grammar,,
～上（うえ）で,Tôi chỉ có mối quan hệ về công việc với anh ta mà thôi.,N2,"""Cấu trúc """"～上で"""" được sử dụng để chỉ phạm vi hoặc lĩnh vực cụ thể của một việc gì đó. Nó có nghĩa là """"về mặt～"""" hoặc """"trong phạm vi～"""". Đây là cách nói trang trọng hơn so với """"～で"""" thông thường và thường được sử dụng trong văn viết hoặc lời nói lịch sự.""",jlpt_grammar,,
default,"""#上で, #範囲, #面で, #関係, #限定, #N2文法, #名詞接続""",[sound:J2TEAM-TTS-1748162886388.mp3],,jlpt_grammar,,
～上（うえ）で,"暦の上ではもう秋だが、厳しい残暑が続いている。(Về lịch thì đã là mùa thu, nhưng cái nắng gay gắt vẫn kéo dài。)",N2,"""Cấu trúc """"～上で"""" được sử dụng để {{c1::giới hạn phạm vi}} hoặc {{c1::chỉ định lĩnh vực}} cụ thể của một việc gì đó. Nó mang nghĩa {{c2::về mặt}} hoặc {{c2::trong phạm vi}} của một lĩnh vực nhất định. Cấu trúc này thường xuất hiện trong các {{c3::văn cảnh trang trọng}} hoặc {{c3::ngữ cảnh học thuật}}, thể hiện sự hạn chế rõ ràng trong một khía cạnh cụ thể.""",jlpt_grammar,,
～上で vs ～において vs ～に関して,Các cách biểu thị phạm vi và lĩnh vực,N2,,jlpt_grammar,,
～どころではない,"Ngày hôm nay tôi bận quá, đâu phải lúc để ăn trưa.",N2,"""Cấu trúc ～どころではない được sử dụng để diễn tả rằng tình huống hiện tại không cho phép hoặc không phù hợp để làm một việc nào đó. Nó mang ý nghĩa """"đâu phải lúc để…"""" hoặc """"không thể nào…"""". Thường được dùng khi có tình huống khẩn cấp, bận rộn hoặc lo lắng khiến không thể tập trung vào việc khác.""",jlpt_grammar,,
default,"""#N2文法, #否定表現, #程度, #状況, #時間的余裕, #心理状態, #優先順位""",[sound:J2TEAM-TTS-1748162538160.mp3],,jlpt_grammar,,
～どころではない,"せっかく旅行に行ったのに病気になってしまい、楽しむどころではなかった。(Đã mất công làm chuyến đi du lịch mà lại đổ bệnh, đâu phải lúc để vui mừng chứ.)",N2,"Cấu trúc '～どころではない' được sử dụng để diễn tả {{c1::không có thời gian}} hoặc {{c1::tâm trí}} để thực hiện một hành động nào đó do hoàn cảnh bất khả kháng. Nó mang ý nghĩa {{c2::phủ định mạnh mẽ}} về khả năng thực hiện việc gì đó. Thường xuất hiện trong các tình huống {{c3::khẩn cấp}}, {{c3::căng thẳng}} hoặc khi có {{c3::ưu tiên cấp bách}} khác.",jlpt_grammar,,
Các cấu trúc diễn tả mức độ và phủ định,Các cấu trúc diễn tả mức độ và phủ định,N2,,jlpt_grammar,,
〜どころか,"Việc học quá bận rộn, đâu có đi chơi với bạn bè, đến cả xem TV ở nhà còn chẳng có thời gian.",N2,"""Cấu trúc """"〜どころか"""" được sử dụng để diễn tả việc thực tế hoàn toàn trái ngược hoặc nghiêm trọng hơn nhiều so với điều được nhắc đến trước đó. Nó mang ý nghĩa """"đâu có… mà còn…"""", nhấn mạnh rằng tình huống thực tế vượt xa khỏi mức độ ban đầu theo hướng tiêu cực hoặc tích cực. Thường được sử dụng để tạo hiệu ứng tương phản mạnh mẽ.""",jlpt_grammar,,
default,"""#どころか, #対比, #強調, #否定, #程度, #逆接, #まったく逆""",[sound:J2TEAM-TTS-1748161914161.mp3],,jlpt_grammar,,
〜どころか,"治るどころか悪化して、入院したんですよ。 (Không những không khỏi mà còn tệ hơn, phải vào viện rồi.)",N2,"""Cấu trúc """"〜どころか"""" được sử dụng để diễn tả {{c1::tình huống thực tế hoàn toàn trái ngược}} hoặc {{c1::nghiêm trọng hơn nhiều}} so với điều được đề cập. Nó mang ý nghĩa {{c2::phủ định mạnh mẽ}} phần đầu và {{c2::nhấn mạnh}} phần sau. Thường xuất hiện trong các tình huống {{c3::so sánh mức độ}} hoặc {{c3::diễn tả sự bất ngờ}} về kết quả thực tế.""",jlpt_grammar,,
どころか vs ばかりか vs というより,Các cấu trúc nhấn mạnh và so sánh,N2,,jlpt_grammar,,
～だけに,"Anh ta ở Nhật 10 năm rồi, nên đương nhiên hiểu biết rất rõ tình hình nước Nhật.",N2,"""Cấu trúc ～だけに được sử dụng để biểu thị rằng kết quả sau là điều đương nhiên phải xảy ra do nguyên nhân nêu trước. Có nghĩa là """"chính vì… nên đương nhiên…"""", """"càng… thì càng…"""". Cấu trúc này không đi kèm với hành động của người nói mà chỉ diễn tả sự việc khách quan. Thường được sử dụng khi muốn nhấn mạnh rằng kết quả là điều có thể dự đoán được.""",jlpt_grammar,,
default,"""#だけに, #N2文法, #因果関係, #当然, #結果, #理由, #接続表現""",[sound:J2TEAM-TTS-1748162465096.mp3],,jlpt_grammar,,
～だけに,有名な選手だけに、プレッシャーも大きい。(Chính vì là cầu thủ nổi tiếng nên áp lực cũng lớn.),N2,Cấu trúc '～だけに' được sử dụng để biểu thị {{c1::kết quả đương nhiên}} hoặc {{c1::tình trạng tất yếu}} từ nguyên nhân đã nêu. Nó mang ý nghĩa {{c2::nhấn mạnh tính hợp lý}} của kết quả hơn là chỉ đơn thuần nêu nguyên nhân. Thường xuất hiện trong các tình huống {{c3::đánh giá khách quan}} hoặc {{c3::nhận xét về tình hình}}.,jlpt_grammar,,
だけに・から・ので・ばかりに の比較,So sánh các cách biểu thị nguyên nhân kết quả,N2,,jlpt_grammar,,
～ものなら,Nếu mà làm lại cuộc đời được thì tôi cũng muốn.,N2,"""Cấu trúc này được sử dụng để diễn tả mong muốn về những điều không thể hoặc rất khó thực hiện trong thực tế. Mang ý nghĩa """"nếu mà có thể"""" với sắc thái tiếc nuối. Thường kết hợp với động từ khả năng và thể hiện ước muốn mạnh mẽ của người nói. Có hai cách sử dụng chính: diễn tả mong muốn về điều không thể và cảnh báo về hậu quả xấu.""",jlpt_grammar,,
default,"""#仮定, #願望, #不可能, #条件, #表現, #文法, #N2""",[sound:J2TEAM-TTS-1748162603539.mp3],,jlpt_grammar,,
～ものなら,自然破壊を止められるものなら、何としてでも止めたい。 (Nếu mà ngăn chặn được thảm họa tự nhiên thì tôi cũng muốn ngăn chặn bằng mọi cách.),N2,"""Cấu trúc """"～ものなら"""" được sử dụng để diễn tả {{c1::mong muốn mạnh mẽ}} về những điều {{c1::không thể thực hiện}} trong thực tế. Nó mang ý nghĩa {{c2::giả định trái với thực tế}} và thể hiện sự {{c2::tiếc nuối}} của người nói. Cấu trúc này thường xuất hiện trong các tình huống {{c3::bày tỏ ước muốn}} hoặc {{c3::cảnh báo về hậu quả xấu}} khi làm điều gì đó.""",jlpt_grammar,,
～ものなら vs ～たいものだ vs ～ばいいのに,Các cấu trúc diễn tả mong muốn và giả định,N2,,jlpt_grammar,,
～というものだ,Dù là mới gặp lần đầu nhưng việc hỏi han về những chuyện cá nhân là thất lễ.,N3,"""Cấu trúc này được sử dụng để đưa ra đánh giá mạnh mẽ về một tình huống, hành vi hoặc hiện tượng nào đó. Nó mang ý nghĩa """"đúng là…"""", """"quả thật là…"""" với tính chất nhấn mạnh và khẳng định. Thường được dùng để bày tỏ quan điểm cá nhân một cách rõ ràng và có tính thuyết phục. Cấu trúc này thể hiện sự đánh giá chủ quan của người nói về một vấn đề.""",jlpt_grammar,,
default,"""#断定, #強調, #評価, #意見表現, #説明, #批判, #価値判断""",[sound:J2TEAM-TTS-1748162502739.mp3],,jlpt_grammar,,
～というものだ,新しい薬の開発にやっと成功した。長年の苦労が報われたというものだ。(Việc phát triển loại thuốc mới cuối cùng đã thành công. Đó chính là sự đền đáp cho những năm tháng vất vả.),N3,"Cấu trúc này được sử dụng để {{c1::đưa ra đánh giá mạnh mẽ}} hoặc {{c1::nhấn mạnh}} về một tình huống, hành vi. Nó mang ý nghĩa {{c2::khẳng định chắc chắn}} với tính chất {{c2::thuyết phục}} cao. Thường xuất hiện trong các tình huống {{c3::bày tỏ quan điểm}} hoặc {{c3::phê phán}} một vấn đề nào đó.",jlpt_grammar,,
というものだ関連表現の比較,Nhóm biểu hiện đánh giá và nhấn mạnh,N3,,jlpt_grammar,,
～ことか／だろう,Sống một mình ở nước ngoài đúng là cô đơn biết bao.,N2,"""Cấu trúc """"～ことか／だろう"""" được sử dụng để biểu thị cảm xúc mạnh mẽ, sự cảm thán hoặc cảm nhận sâu sắc của người nói về một sự việc nào đó. Nó mang tính chất tu từ, không phải là câu hỏi thực sự mà là cách nhấn mạnh cảm xúc. Thường được dùng trong văn viết hoặc lời nói trang trọng để thể hiện sự xúc động.""",jlpt_grammar,,
default,"""#感嘆, #詠嘆, #強調, #感情表現, #修辞疑問文, #N2文法, #感想""",[sound:J2TEAM-TTS-1748162124305.mp3],,jlpt_grammar,,
～ことか／だろう,本との出会いがどれほど私を成長させてくれたことだろう。 (Có duyên với sách đã giúp tôi trưởng thành hơn bao nhiêu.),N2,"""Cấu trúc """"～ことか／だろう"""" được sử dụng để biểu thị {{c1::cảm xúc mạnh mẽ}} và {{c1::sự cảm thán}} của người nói về một sự việc. Nó mang tính chất {{c2::tu từ}}, không phải câu hỏi thực sự mà là cách {{c2::nhấn mạnh cảm xúc}} một cách sâu sắc. Cấu trúc này thường xuất hiện trong {{c3::văn viết}} hoặc {{c3::lời nói trang trọng}} để thể hiện sự xúc động hoặc cảm nhận cá nhân.""",jlpt_grammar,,
感嘆・強調表現の比較,So sánh các cách biểu thị cảm thán và nhấn mạnh,N2,,jlpt_grammar,,
〜ないことには,Nếu chủ tịch mà không đến thì cuộc họp sẽ không thể bắt đầu được.,N3,"""Cấu trúc """"〜ないことには"""" được sử dụng để diễn tả điều kiện cần thiết và bắt buộc. Nó mang ý nghĩa """"nếu không làm việc A thì việc B không thể xảy ra"""". Vế sau thường là câu phủ định hoặc câu biểu thị sự bất khả thi. Cấu trúc này nhấn mạnh tính chất bắt buộc của điều kiện được nêu ra.""",jlpt_grammar,,
default,"""#条件, #否定, #必要条件, #N3文法, #会話, #ビジネス, #日常""",[sound:J2TEAM-TTS-1748161965445.mp3],,jlpt_grammar,,
〜ないことには,実際にやってみないことには結果はわからない。 (Nếu không thực sự thử làm thì sẽ không biết được kết quả.),N3,"""Cấu trúc """"〜ないことには"""" được sử dụng để diễn tả {{c1::điều kiện cần thiết và bắt buộc}}. Nó mang ý nghĩa {{c1::""""nếu không làm việc A thì việc B không thể xảy ra""""}}. Cấu trúc này {{c2::nhấn mạnh tính chất bắt buộc}} của điều kiện được nêu ra, {{c2::khác với các cấu trúc điều kiện thông thường}}. Vế sau thường xuất hiện trong các tình huống {{c3::cần sự chắc chắn}} hoặc {{c3::đánh giá khách quan}}.""",jlpt_grammar,,
条件表現の比較 (〜ないことには vs 〜なければ vs 〜ないと),So sánh các cấu trúc điều kiện phủ định,N3,,jlpt_grammar,,
～ことから,"Giọng nói cô ấy đang run, từ đó có thể hiểu rằng cô ấy đang bị căng thẳng.",N2,"""Cấu trúc """"～ことから"""" được sử dụng để nêu lên một phán đoán dựa trên căn cứ hoặc bằng chứng cụ thể. Nó cũng có thể diễn tả lý do đặt tên cho sự vật hoặc nguyên nhân dẫn đến sự thay đổi. Cấu trúc này mang tính khách quan và thường được sử dụng trong văn viết hoặc ngôn ngữ trang trọng.""",jlpt_grammar,,
default,"""#理由, #判断, #名前, #変化, #きっかけ, #接続, #推論""",[sound:J2TEAM-TTS-1748162218014.mp3],,jlpt_grammar,,
～ことから,妹は3月に生まれたことから、「弥生」と名付けられた。 (Em gái tôi sinh vào tháng 3 nên được đặt tên là Yayoi.),N2,"""Cấu trúc """"～ことから"""" có ba nghĩa chính: đưa ra {{c1::phán đoán}} dựa trên {{c1::căn cứ cụ thể}}, giải thích {{c2::lý do đặt tên}} cho sự vật, và biểu hiện {{c3::nguyên nhân}} dẫn đến {{c3::sự thay đổi}} hoặc khởi đầu của một tình huống mới. Cấu trúc này mang tính {{c1::khách quan}} và thường xuất hiện trong {{c3::văn viết}} hoặc {{c3::ngôn ngữ trang trọng}}.""",jlpt_grammar,,
～ことから vs ～から vs ～ため vs ～によって,Các cấu trúc biểu hiện lý do và nguyên nhân,N2,,jlpt_grammar,,
～ことにする,Tôi làm như thể bài văn mà bạn tôi viết hộ là tự mình viết và nộp nó.,N3,"""Cấu trúc """"～ことにする"""" được sử dụng khi muốn quyết định coi một điều gì đó như sự thật hoặc quyết định làm một việc gì đó. Khác với """"～ことになる"""" (mang tính bị động), cấu trúc này thể hiện quyết định chủ động của người nói. Thường được dùng trong tình huống muốn tránh nói sự thật hoặc đưa ra quyết định cá nhân.""",jlpt_grammar,,
default,"""#動詞, #決定, #意向, #N3文法, #ことにする, #行動""",[sound:J2TEAM-TTS-1748162269256.mp3],,jlpt_grammar,,
～ことにする,今日は早く帰ることにします。 (Hôm nay tôi quyết định về sớm.),N3,"""Cấu trúc """"～ことにする"""" được sử dụng để {{c1::đưa ra quyết định}} hoặc {{c1::biểu thị ý định}} thực hiện một hành động nào đó. Nó cũng có thể có nghĩa {{c2::làm như thể}} hoặc {{c2::coi như}} một điều gì đó đã xảy ra khi thực tế không phải vậy. Cấu trúc này thường xuất hiện trong các tình huống {{c3::quyết định cá nhân}} hoặc khi muốn {{c3::tránh nói thẳng sự thật}}.""",jlpt_grammar,,
～ことにする/～ことになる/～つもりだ の比較,So sánh các cấu trúc biểu thị quyết định và ý định,N3,,jlpt_grammar,,
～次第だ,"Cha tôi sang năm đến tuổi về hưu, trong nhà còn em trai và em gái. Tôi đang nghĩ tới việc giảm đi làm thêm và chăm chỉ học hơn. Vì lẽ đó tôi đăng ký chương trình học bổng này.",N2,"""〜次第だ là cấu trúc trang trọng dùng để giải thích lý do, nguyên nhân của một hành động hay quyết định. Thường xuất hiện trong văn viết chính thức như đơn xin việc, thư từ trang trọng. Có nghĩa là """"vì lẽ đó"""", """"do đó"""", """"vì vậy mà"""". Cấu trúc này mang tính giải thích và thường đặt ở cuối câu để kết luận.""",jlpt_grammar,,
default,"""#次第, #説明, #改まった表現, #文語, #理由, #正式, #書き言葉""",,,jlpt_grammar,,
～次第だ,会社の業績が悪化したため、リストラを実施する次第です。(Do tình hình kinh doanh của công ty xấu đi nên chúng tôi thực hiện cắt giảm nhân sự.),N2,"Cấu trúc '～次第だ' được sử dụng để {{c1::giải thích lý do}} hoặc {{c1::trình bày nguyên nhân}} của một hành động hay quyết định một cách trang trọng. Nó mang tính {{c2::kết luận}} và thường xuất hiện ở cuối câu để {{c2::tổng kết}} những gì đã nêu trước đó. Cấu trúc này chủ yếu được sử dụng trong {{c3::văn viết chính thức}} như {{c3::thư từ trang trọng}}, {{c3::đơn xin việc}} hoặc {{c3::báo cáo}}.",jlpt_grammar,,
原因・理由を表す表現の比較,So sánh các cách diễn đạt lý do và nguyên nhân,N2,,jlpt_grammar,,
～しだいで/だ,Có phẫu thuật hay không còn tùy thuộc vào kết quả chẩn đoán.,N2,"""Cấu trúc """"～しだいで/だ"""" được sử dụng để biểu thị rằng kết quả hoặc quyết định phụ thuộc hoàn toàn vào một yếu tố cụ thể. Nó có nghĩa là """"tùy thuộc vào"""" hoặc """"phụ thuộc vào"""". Cấu trúc này thường được dùng khi muốn nhấn mạnh tính chất quyết định của một yếu tố nào đó đối với kết quả cuối cùng. Biến thể """"～しだいでは"""" được sử dụng khi muốn nói về khả năng xảy ra trong một số trường hợp nhất định.""",jlpt_grammar,,
default,"""#依存, #条件, #決定, #結果, #変化, #可能性, #判断""",[Để trống],,jlpt_grammar,,
～しだいで/だ,"能力主義の会社では、仕事の成績次第で給料に差がつく。(Trong các công ty theo chủ nghĩa năng lực, mức chênh lệch lương được tính tùy thuộc vào thành tích công việc.)",N2,"""Cấu trúc """"～しだいで/だ"""" được sử dụng để biểu thị {{c1::sự phụ thuộc hoàn toàn}} của một kết quả hoặc quyết định vào một yếu tố cụ thể. Nó có nghĩa {{c2::tùy thuộc vào}} hoặc {{c2::phụ thuộc vào}}. Cấu trúc này nhấn mạnh rằng {{c3::yếu tố được đề cập}} là điều kiện quyết định duy nhất cho kết quả. Biến thể """"～しだいでは"""" được dùng khi muốn nói về {{c3::khả năng xảy ra}} trong một số trường hợp nhất định.""",jlpt_grammar,,
依存・条件を表す文型の比較,Các cấu trúc biểu thị sự phụ thuộc và điều kiện,N2,,jlpt_grammar,,
～しだい,"Khi nào đến được bờ bên kia, hãy gọi lại cho tôi ngay.",N2,"""""""～しだい"""" được sử dụng để diễn tả ý nghĩa """"ngay sau khi"""", """"vừa mới"""". Cấu trúc này nhấn mạnh rằng hành động sẽ được thực hiện ngay lập tức sau khi điều kiện tiên quyết được đáp ứng. Đây là cách nói trang trọng, thường được sử dụng trong văn viết hoặc giao tiếp công sở.""",jlpt_grammar,,
default,"""#N2, #動詞接続, #時間表現, #条件, #すぐに, #マス形, #しだい""",[Để trống],,jlpt_grammar,,
～しだい,場所は決まりしだいお知らせします (Khi nào quyết định được địa điểm chúng tôi sẽ thông báo lại ngay),N2,"""Cấu trúc """"～しだい"""" được sử dụng để diễn tả {{c1::ngay sau khi}} một hành động hoặc sự việc xảy ra. Nó mang ý nghĩa {{c2::hành động sẽ được thực hiện ngay lập tức}} khi điều kiện được đáp ứng. Cấu trúc này {{c3::không thể dùng cho quá khứ}} và thường xuất hiện trong {{c3::văn viết trang trọng}} hoặc {{c3::giao tiếp công sở}}.""",jlpt_grammar,,
～しだい vs ～たらすぐに vs ～次第で,"""Các cách diễn tả """"ngay sau khi"""" và """"tùy thuộc vào""""""",N2,,jlpt_grammar,,
〜かねない,"Trong tình hình kinh tế bất ổn này, công ty chúng ta cũng có nguy cơ bị thua lỗ.",N2,"Cấu trúc 〜かねない được sử dụng để diễn tả khả năng xảy ra một kết quả xấu hoặc không mong muốn. Nó mang ý nghĩa lo lắng, cảnh báo về một tình huống có thể trở nên tồi tệ. Cấu trúc này thường xuất hiện trong các ngữ cảnh nghiêm túc hoặc khi nói về những vấn đề đáng lo ngại.",jlpt_grammar,,
default,"""#可能性, #心配, #危険, #懸念, #推測, #マイナス結果, #動詞マス形""",[sound:J2TEAM-TTS-1748162932769.mp3],,jlpt_grammar,,
〜かねない,"夫は仕事が忙しすぎて、過労死しかねない状態だ。(Chồng tôi vất vả vì công việc quá, ở vào trạng thái có thể đột tử vì làm việc quá sức.)",N2,Cấu trúc 〜かねない được sử dụng để thể hiện {{c1::khả năng xảy ra}} một kết quả {{c1::không mong muốn}} hoặc {{c1::có hại}}. Nó mang ý nghĩa {{c2::lo lắng}} và {{c2::cảnh báo}} về một tình huống có thể trở nên tồi tệ. Cấu trúc này thường được sử dụng trong các ngữ cảnh {{c3::nghiêm túc}} hoặc khi thảo luận về {{c3::những vấn đề đáng lo ngại}}.,jlpt_grammar,,
可能性を表す表現の比較,Các cách biểu đạt khả năng và lo ngại,N2,,jlpt_grammar,,
～かねる,Con trai tôi không thể chịu nổi những áp lực của kỳ thi và bị suy sụp sức khỏe.,N2,「～かねる」は動詞のマス形に接続して、「～することができない」「～するのが困難だ」という意味を表す文法です。感情的に耐えられない、物理的に無理、能力的に不可能などの状況で使用されます。書き言葉や丁寧な表現でよく用いられます。,jlpt_grammar,,
default,"""#動詞接続, #困難表現, #敬語, #書き言葉, #N2文法, #可能性否定, #感情表現""",[Để trống],,jlpt_grammar,,
～かねる,見るに見かねて手伝う。（Không thể khoanh tay đứng nhìn được và giúp đỡ。）,N2,"Cấu trúc「～かねる」được sử dụng để biểu thị {{c1::sự không thể thực hiện}} hoặc {{c1::tình trạng khó khăn}} trong việc làm một hành động nào đó. Nó mang ý nghĩa {{c2::cảm xúc mạnh mẽ}} hơn là chỉ đơn thuần nói về khả năng, thể hiện sự {{c2::không thể chịu đựng}} hoặc {{c2::không thể kiềm chế}}. Cấu trúc này thường xuất hiện trong {{c3::văn viết}} và {{c3::ngôn ngữ trang trọng}}, đặc biệt trong các tình huống {{c3::xin lỗi}} hoặc {{c3::từ chối lịch sự}}.",jlpt_grammar,,
かねる系の文法比較,Các cấu trúc biểu thị khả năng và hạn chế,N2,,jlpt_grammar,,
～にしたら／すれば／しても,"Với tôi thì không sao cả, nhưng với ông bà thì là việc không thể tha thứ.",N2,"Cấu trúc này được sử dụng để thể hiện cách nhìn nhận, đánh giá một vấn đề từ quan điểm hoặc lập trường của một người cụ thể. Nó nhấn mạnh sự khác biệt trong cách suy nghĩ giữa các người. Thường được dùng khi muốn so sánh quan điểm khác nhau về cùng một vấn đề. Có thể sử dụng với cả したら, すれば, しても với ý nghĩa tương tự.",jlpt_grammar,,
default,"""#立場, #観点, #気持ち, #考え方, #視点, #見方, #意見""",[Để trống],,jlpt_grammar,,
～にしたら／すれば／しても,会社の経営が苦しいので、組合側にしても大幅な賃金アップは要求できない。(Vì kinh doanh công ty khó khăn nên xét từ phía nghiệp đoàn cũng không thể đòi tăng lương nhiều.),N2,Cấu trúc này được sử dụng để {{c1::thể hiện quan điểm}} hoặc {{c1::cách đánh giá}} một vấn đề từ lập trường của một người cụ thể. Nó có chức năng {{c2::so sánh}} và {{c2::đối chiếu}} các quan điểm khác nhau về cùng một vấn đề. Thường xuất hiện trong các tình huống {{c3::thảo luận}} hoặc {{c3::phân tích}} khi cần làm rõ sự khác biệt trong cách suy nghĩ giữa các bên.,jlpt_grammar,,
Nhóm cấu trúc thể hiện quan điểm/lập trường,Nhóm cấu trúc thể hiện quan điểm và lập trường,N2,,jlpt_grammar,,
〜ずにすむ,"Tôi bị ngã xe đạp và bị thương, nhưng may mà không phải làm phẫu thuật.",N3,"""Cấu trúc """"〜ずにすむ"""" được sử dụng để diễn tả việc may mắn tránh khỏi được một sự việc không mong muốn hoặc không cần thiết phải làm. Nó thường mang sắc thái tích cực, thể hiện sự nhẹ nhõm. Cấu trúc này kết hợp với thể ナイ của động từ và có thể dịch là """"không cần phải"""", """"may mà không phải"""".""",jlpt_grammar,,
default,"""#避免, #不必要, #幸運, #動詞接続, #ナイ形, #済む, #省略""",[Để trống],,jlpt_grammar,,
〜ずにすむ,修理の費用が思ったより安くすんでよかった。(Thật tốt vì chi phí sửa chữa rẻ hơn so với tôi nghĩ.),N3,"""Cấu trúc """"〜ずにすむ"""" được sử dụng để diễn tả việc {{c1::may mắn tránh khỏi}} một sự việc không mong muốn hoặc {{c1::không cần thiết phải làm}} một hành động nào đó. Nó thường mang {{c2::sắc thái tích cực}} và thể hiện {{c2::sự nhẹ nhõm}} của người nói. Cấu trúc này thường xuất hiện trong các tình huống {{c3::bày tỏ may mắn}} hoặc {{c3::cảm ơn}} khi tránh được việc không muốn làm.""",jlpt_grammar,,
避免・不必要の表現,Các cách diễn đạt tránh khỏi và không cần thiết,N3,,jlpt_grammar,,
～に先立って／先立ち,"Trước khi bắt đầu buổi họp báo, mỗi người sẽ được phát bản diễn thuyết tóm tắt.",N2,"""Cấu trúc """"～に先立って／先立ち"""" được sử dụng để diễn tả một hành động chuẩn bị được thực hiện trước một sự kiện quan trọng. Nó mang tính trang trọng và thường xuất hiện trong các tình huống chính thức. Ý nghĩa tương đương với """"trước khi"""" nhưng có sắc thái lịch sự và trang trọng hơn. Thường theo sau là những hành động mang tính chất chuẩn bị, dự phòng.""",jlpt_grammar,,
default,"""#先立って, #準備, #前置き, #公式, #儀式, #N2文法, #時間関係""",[Để trống],,jlpt_grammar,,
～に先立って／先立ち,"今回のケースでは、噴火に先立つ地震が48時間続いた。 (Trong trường hợp lần này, các trận động đất đã diễn ra liên tục trong 48 giờ trước khi vụ phun trào xảy ra.)",N2,"""Cấu trúc """"～に先立って／先立ち"""" được sử dụng để diễn tả {{c1::hành động chuẩn bị}} được thực hiện {{c1::trước một sự kiện quan trọng}}. Nó mang tính {{c2::trang trọng và chính thức}}, khác với """"～前に"""" thông thường. Thường xuất hiện trong các tình huống {{c3::chính thức}} như {{c3::hội nghị}}, {{c3::lễ hội}} hoặc {{c3::sự kiện công cộng}}.""",jlpt_grammar,,
"""Nhóm cấu trúc diễn tả thời gian """"trước khi""""""","""Nhóm cấu trúc diễn tả """"trước khi""""""",N2,,jlpt_grammar,,
～（か）と思ったら／思うと,"Vào giờ cao điểm, đoàn tàu đằng trước vừa đi thì đoàn tàu sau đã tới.",N2,"Cấu trúc này được sử dụng để diễn tả hai sự việc xảy ra liên tiếp một cách nhanh chóng, gần như đồng thời. Người nói không có chủ ý điều khiển sự việc thứ hai, mà nó xảy ra một cách tự nhiên. Thường mang sắc thái ngạc nhiên hoặc bất ngờ về tốc độ diễn ra của các sự việc. Cấu trúc này nhấn mạnh tính chất liên tiếp và nhanh chóng của các hành động.",jlpt_grammar,,
default,"""#連続動作, #即座性, #同時発生, #変化, #時間表現, #客観的描写, #N2文法""",[Để trống],,jlpt_grammar,,
～（か）と思ったら／思うと,"春が来たかと思ったら、もう夏の暑さだ。(Mùa xuân vừa tới, thế mà đã nóng như mùa hè rồi.)",N2,"Cấu trúc này diễn tả {{c1::hai sự việc xảy ra liên tiếp}} trong thời gian rất ngắn, gần như {{c1::đồng thời}}. Nó mang ý nghĩa {{c2::bất ngờ}} và {{c2::ngạc nhiên}} về tốc độ diễn ra của sự việc thứ hai. Người nói {{c3::không có chủ ý}} điều khiển sự việc thứ hai, mà nó xảy ra một cách {{c3::tự nhiên và bất ngờ}}.",jlpt_grammar,,
連続・即座の時間表現,Các cách diễn tả hành động liên tiếp và tức thì,N2,,jlpt_grammar,,
～か～ないかのうちに,"Cửa trung tâm thương mại vừa mở, rất đông người đứng chờ đã xô vào khu bán hạ giá.",N2,この文法は二つの動作がほぼ同時に起こることを表します。前の動作が完了するかしないかというタイミングで、すぐに次の動作が始まることを強調します。時間的な間隔がほとんどないことを示し、「すぐに」「即座に」という意味を含んでいます。話し手の驚きや印象の強さも表現できます。,jlpt_grammar,,
default,"""#時間表現, #同時性, #瞬間, #継続, #タイミング, #N2文法, #動詞接続""",[Để trống],,jlpt_grammar,,
～か～ないかのうちに,"始業ベルが鳴り終わるか終わらないかのうちに先生が教室に入ってきた。 (Chuông vừa dứt, giáo viên liền đi vào lớp.)",N2,"Cấu trúc này được sử dụng để diễn tả {{c1::hai hành động xảy ra gần như đồng thời}}, trong đó hành động thứ hai xảy ra {{c2::ngay lập tức}} sau khi hành động đầu tiên vừa hoàn thành hoặc chưa hoàn thành. Nó nhấn mạnh {{c3::tính chất tức thời}} và không có khoảng thời gian chờ đợi giữa hai hành động.",jlpt_grammar,,
瞬間性を表す時間表現の比較,Các cấu trúc biểu thị tính đồng thời và tức thời,N2,,jlpt_grammar,,
～に限らず,Chúng tôi tiếp nhận đơn đăng ký không chỉ vào ngày thường mà cả ngày cuối tuần.,N2,"""Cấu trúc """"～に限らず"""" được sử dụng để biểu thị rằng điều gì đó không chỉ xảy ra trong phạm vi được đề cập mà còn mở rộng ra các phạm vi khác. Nó có nghĩa là """"không chỉ…mà còn"""" hoặc """"không giới hạn ở…"""". Cấu trúc này thường xuất hiện trong văn viết và ngôn ngữ trang trọng, đặc biệt trong bối cảnh kinh doanh và thông báo chính thức.""",jlpt_grammar,,
default,"""#N2文法, #限定表現, #範囲拡大, #接続, #名詞接続, #ビジネス, #日常会話""",[Để trống],,jlpt_grammar,,
～に限らず,問題は大人に限らず、子どもにも影響を与えている。 (Vấn đề này không chỉ ảnh hưởng đến người lớn mà còn cả trế em.),N2,"""Cấu trúc """"～に限らず"""" được sử dụng để {{c1::mở rộng phạm vi}} của một sự việc hoặc hiện tượng nào đó. Nó có nghĩa là {{c1::không chỉ giới hạn ở}} điều được đề cập trước đó mà còn {{c2::bao gồm cả các trường hợp khác}}. Cấu trúc này thường được sử dụng trong {{c3::văn viết trang trọng}} và {{c3::thông báo chính thức}} để nhấn mạnh tính toàn diện của một quy định hoặc hiện tượng.""",jlpt_grammar,,
～に限る,"Mùa đông thì rượu Nhật cũng tốt, nhưng mùa hè thì bia là nhất.",N3,"""Cấu trúc """"～に限る"""" có hai ý nghĩa chính: biểu thị sự giới hạn (chỉ có thế này thôi) và biểu thị ý kiến cho rằng điều gì đó là tốt nhất. Khi dùng với danh từ thể hiện giới hạn, khi dùng với động từ thể hiện khuyến nghị mạnh mẽ.""",jlpt_grammar,,
default,"""#限定, #範囲, #意見表明, #制限, #推薦, #N3文法, #接続制限""",,,jlpt_grammar,,
～に限る,スポーツは会場に行ってみるに限ると思う。 (Tôi nghĩ về thể thao thì đi xem ở nhà thi đấu là tốt nhất.),N3,"""Cấu trúc """"～に限る"""" được sử dụng để biểu thị {{c1::sự giới hạn}} hoặc {{c1::khẳng định mạnh mẽ}} về điều gì đó. Khi đi với danh từ, nó có nghĩa {{c2::chỉ giới hạn trong phạm vi}} nhất định. Khi đi với động từ dạng từ điển, nó thể hiện {{c3::ý kiến chủ quan}} cho rằng cách làm đó là tốt nhất. Cấu trúc này mang tính {{c3::khuyến nghị mạnh mẽ}} hơn so với các biểu hiện thông thường.""",jlpt_grammar,,
限定・推薦を表す表現,Các biểu hiện giới hạn và khuyến nghị,N3,,jlpt_grammar,,
～ないではいられない/ずにはいられない,"Khuôn mặt của anh ta lúc bất ngờ trông kỳ quặc quá, nên mặc dù thất lễ nhưng tôi buồn cười không chịu được.",N2,"Cấu trúc này được sử dụng để diễn tả việc không thể kìm chế được một hành động hoặc cảm xúc nào đó, mặc dù có thể không muốn làm như vậy. Chủ ngữ thường là ngôi thứ nhất (tôi) và thể hiện sự bất đắc dĩ phải thực hiện hành động đó. Đây là biểu hiện của cảm xúc hoặc bản năng tự nhiên của con người.",jlpt_grammar,,
default,"""#動詞, #感情, #衝動, #N2文法, #否定形, #自制, #心理""",[Để trống],,jlpt_grammar,,
～ないではいられない/ずにはいられない,"""人間は「見てはいけない」と言われると、かえって見てみずにはいられなくなるものらしい。(Con người dường như mỗi khi bị nói """"không được nhìn"""" thì ngược lại lại càng muốn nhìn.)""",N2,Cấu trúc này được sử dụng khi muốn diễn tả {{c1::việc không thể kìm chế được}} một hành động hoặc cảm xúc nào đó. Nó thể hiện {{c2::sự bất đắc dĩ}} và {{c2::tính tự nhiên}} của việc phải thực hiện hành động đó mặc dù có thể không muốn. Thường được sử dụng trong các tình huống {{c3::cảm xúc mạnh}} hoặc khi {{c3::bản năng tự nhiên}} chi phối hành vi.,jlpt_grammar,,
Cấu trúc diễn tả sự bắt buộc và không thể kìm chế,Các cấu trúc diễn tả sự bắt buộc và không thể kìm chế,N2,,jlpt_grammar,,
～まい,"Với một người không hề nghe những lời nhắc nhở của người khác như anh ta, tôi quyết không nói gì nữa.",N1,"Cấu trúc ～まい là một dạng ngữ pháp thuộc văn viết, thể hiện ý chí phủ định mạnh mẽ của người nói (quyết không làm gì) hoặc suy đoán phủ định (chắc không xảy ra). Khi chủ ngữ là ngôi thứ nhất, nó thể hiện quyết tâm không làm việc gì. Khi chủ ngữ là ngôi thứ ba, nó thể hiện suy đoán rằng điều gì đó sẽ không xảy ra.",jlpt_grammar,,
default,"""#意志, #否定, #決意, #推量, #書き言葉, #文語体, #N1文法""",[Để trống],,jlpt_grammar,,
～まい,"彼女は涙を見せまいとして横を向いた。 (Cô ấy quay mặt đi, quyết không để ai thấy nước mắt của mình。)",N1,"Cấu trúc ～まい được sử dụng để thể hiện {{c1::ý chí phủ định mạnh mẽ}} hoặc {{c1::quyết tâm không làm gì}}. Nó mang tính chất {{c2::trang trọng}} và chỉ xuất hiện trong {{c2::văn viết}} hoặc lời nói chính thức. Khi chủ ngữ là ngôi thứ ba, nó thể hiện {{c3::suy đoán phủ định}} về khả năng xảy ra của một sự việc.",jlpt_grammar,,
否定意志・推量の表現,Các cách thể hiện ý chí và suy đoán phủ định,N1,,jlpt_grammar,,
～ところを,Rất cảm ơn ông vì dù bận rộn nhưng đã dành thời gian đến với chúng tôi.,N2,"""Cấu trúc ～ところを được sử dụng như lời mở đầu trong các tình huống lịch sự để thể hiện sự cảm ơn, xin lỗi hoặc nhờ vả. Nó có ý nghĩa """"mặc dù đang trong tình trạng…"""" và thể hiện sự thông cảm của người nói đối với hoàn cảnh của người nghe. Đây là cách nói rất lịch sự và thường xuất hiện trong giao tiếp trang trọng.""",jlpt_grammar,,
default,"""#敬語, #感謝, #謝罪, #お詫び, #前置き, #会話, #丁寧語""",[sound:J2TEAM-TTS-1748161317009.mp3],,jlpt_grammar,,
～ところを,お忙しいところをありがとうございます。(Cảm ơn anh mặc dù đang bận rộn.),N2,"""Cấu trúc '～ところを' được sử dụng như {{c1::lời mở đầu}} trong các tình huống trang trọng để thể hiện {{c1::sự thông cảm}} đối với hoàn cảnh của người nghe. Nó có nghĩa là {{c2::""""mặc dù đang trong tình trạng…""""}} và thường đi kèm với {{c2::lời cảm ơn, xin lỗi hoặc nhờ vả}}. Cấu trúc này thể hiện {{c3::sự lịch sự}} và {{c3::tôn trọng}} trong giao tiếp formal.""",jlpt_grammar,,
Cấu trúc mở đầu lịch sự,Các cấu trúc mở đầu và tương phản,N2,,jlpt_grammar,,
～たところで,Cho dù có nói ra sự thật thì cũng chẳng ai tin tôi đâu.,N3,"""Cấu trúc ～たところで được sử dụng để diễn tả rằng dù có thực hiện hành động nào đó thì cũng không đạt được kết quả mong muốn. Nó mang ý nghĩa tiêu cực, thể hiện sự vô ích hoặc không hiệu quả của một hành động. Thường được dịch là """"dù có… thì cũng…"""" hoặc """"cho dù… đi chăng nữa"""". Cấu trúc này thể hiện quan điểm bi quan hoặc thực tế về tình huống.""",jlpt_grammar,,
default,"""#仮定, #逆接, #諦め, #無駄, #結果予想, #批判的表現, #N3文法""",[sound:J2TEAM-TTS-1748161237567.mp3],,jlpt_grammar,,
～たところで,"彼女は体力があるから、2、3日徹夜したところで平気だろう。(Thể lực cô ấy khỏe lắm, thức 2, 3 hôm thì vẫn bình thường.)",N3,Cấu trúc ～たところで được sử dụng để diễn tả {{c1::sự vô ích}} hoặc {{c1::không hiệu quả}} của một hành động nào đó. Nó thể hiện rằng dù có thực hiện hành động đó thì cũng {{c2::không đạt được kết quả mong muốn}}. Cấu trúc này mang {{c3::tính tiêu cực}} và thường được sử dụng trong các tình huống {{c3::bi quan}} hoặc {{c3::thực tế}}.,jlpt_grammar,,
たところで・ても・にしても の比較,So sánh các cấu trúc diễn tả nhượng bộ và giả định,N3,,jlpt_grammar,,
～にあたって／あたり,"Lúc bắt đầu công việc mới, tôi đã mượn chú tôi tới 1 triệu yên.",N2,"""Cấu trúc """"～にあたって／あたり"""" được sử dụng để diễn tả những hành động chuẩn bị hoặc lưu ý trước một thời điểm quan trọng, đặc biệt. Nó mang ý nghĩa """"trước khi…"""" hoặc """"khi…"""" và thường xuất hiện trong các tình huống trang trọng. Cấu trúc này thể hiện sự cẩn trọng và chu đáo trong việc chuẩn bị.""",jlpt_grammar,,
default,"""#準備, #特別な場面, #フォーマル, #書き言葉, #重要な時, #節目, #手続き""",[sound:J2TEAM-TTS-1748161402954.mp3],,jlpt_grammar,,
～にあたって／あたり,"新しい仕事を始めるにあたり、準備をしっかりした。 (Trước khi bắt đầu công việc mới, tôi đã chuẩn bị kỹ lưỡng.)",N2,"""Cấu trúc """"～にあたって／あたり"""" được sử dụng để diễn tả {{c1::hành động chuẩn bị}} hoặc {{c1::lưu ý đặc biệt}} trước một thời điểm quan trọng. Nó mang ý nghĩa {{c2::trang trọng}} và {{c2::chu đáo}}, thể hiện sự cẩn trọng trong việc chuẩn bị. Cấu trúc này thường xuất hiện trong {{c3::văn viết}} và các {{c3::tình huống chính thức}}.""",jlpt_grammar,,
時機を表す表現の比較,Các cách diễn tả thời điểm và cơ hội,N2,,jlpt_grammar,,
～末(に),"Sau một thời gian dài thảo luận, cuối cùng chúng tôi đã hoàn thành được kế hoạch.",N2,"Cấu trúc ～末(に) được sử dụng để diễn tả kết quả cuối cùng đạt được sau một quá trình dài. Nó nhấn mạnh rằng kết quả này là sản phẩm của một thời gian hoặc nỗ lực kéo dài. Cấu trúc này mang tính trang trọng và thường xuất hiện trong văn viết. Khác với tiếng Việt, cấu trúc này nhấn mạnh quá trình khó khăn trước khi đạt được kết quả.",jlpt_grammar,,
default,"""#結果, #時間, #努力, #最終的, #過程, #N2文法, #書き言葉""",[sound:J2TEAM-TTS-1748161816237.mp3],,jlpt_grammar,,
～末(に),父は長年の努力の末に成功を収めた。 (Cha tôi đã thành công sau nhiều năm nỗ lực.),N2,Cấu trúc '～末(に)' được sử dụng để diễn tả {{c1::kết quả cuối cùng}} đạt được sau {{c2::một quá trình dài và khó khăn}}. Nó nhấn mạnh rằng kết quả này không dễ dàng mà phải trải qua {{c3::thời gian hoặc nỗ lực kéo dài}}. Cấu trúc này mang tính {{c2::trang trọng}} và thường xuất hiện trong {{c3::văn viết}} hoặc các tình huống chính thức.,jlpt_grammar,,
～末/～あげく/～結果 の比較,So sánh các cách diễn đạt kết quả,N2,,jlpt_grammar,,
〜に際して/際し,"Khi tìm kiếm việc làm, tôi đã nhận được sự giúp đỡ từ nhiều bậc anh chị.",N2,"""Cấu trúc 〜に際して được sử dụng để diễn tả """"nhân dịp"""" hoặc """"khi"""" xảy ra một sự kiện quan trọng, đặc biệt. Nó mang tính trang trọng và thường xuất hiện trong văn viết hoặc lời nói lịch sự. Cấu trúc này nhấn mạnh tính chất đặc biệt của sự kiện được đề cập. Khác với に khi thông thường, に際して chỉ dùng cho những dịp quan trọng, trang trọng.""",jlpt_grammar,,
default,"""#際して, #機会, #公式, #文書語, #敬語, #重要な場面, #N2文法""",[sound:J2TEAM-TTS-1748160946232.mp3],,jlpt_grammar,,
〜に際して/際し,"海外駐在員を選ぶに際しては、仕事の能力だけではなく性格も考慮すべきだ。(Khi tuyển chọn nhân viên thường trú tại nước ngoài, nên cân nhắc không chỉ năng lực trong công việc mà còn cả tính cách nữa.)",N2,"Cấu trúc 〜に際して được sử dụng để diễn tả {{c1::nhân dịp}} hoặc {{c1::khi xảy ra}} một sự kiện đặc biệt, quan trọng. Nó mang tính {{c2::trang trọng}} và {{c2::lịch sự}} cao, thường xuất hiện trong {{c3::văn viết chính thức}} hoặc {{c3::các tình huống trang trọng}}. Cấu trúc này nhấn mạnh {{c4::tính đặc biệt}} và {{c4::tầm quan trọng}} của sự kiện được đề cập.",jlpt_grammar,,
〜に際して/際し vs 〜にあたって vs 〜を機に,"""Các cấu trúc diễn tả """"nhân dịp, khi""""""",N2,,jlpt_grammar,,
～を契機に(して)／として,"Kể từ trận đấu giao hữu bóng đá, mối quan hệ giữa hai nước đã có sự tiến triển.",N2,"""Cấu trúc này được sử dụng để biểu thị rằng một sự việc cụ thể trở thành cơ hội, thời điểm thích hợp để một sự thay đổi hoặc phát triển nào đó xảy ra. Thường được sử dụng trong văn viết trang trọng. Ý nghĩa tương đương với """"～をきっかけに"""" nhưng mang tính chính thức hơn. Sau """"契機"""" thường là những thay đổi tích cực hoặc sự phát triển quan trọng.""",jlpt_grammar,,
default,"""#契機, #きっかけ, #変化, #発展, #書き言葉, #機会, #転機""",[sound:J2TEAM-TTS-1748161783721.mp3],,jlpt_grammar,,
～を契機に(して)／として,"友人の留学を契機として、私も教師を目指そうと思った。 (Lấy việc bạn tôi đi du học làm cơ hội, tôi cũng quyết định hướng về nghề giáo viên.)",N2,"Cấu trúc này được sử dụng để biểu thị rằng {{c1::một sự việc cụ thể}} trở thành {{c1::cơ hội thích hợp}} cho sự thay đổi hoặc phát triển. Nó mang tính {{c2::trang trọng}} và chủ yếu xuất hiện trong {{c2::văn viết}}. Thường được dùng khi nói về những {{c3::thay đổi tích cực}} hoặc {{c3::sự phát triển quan trọng}} trong xã hội, kinh doanh hay cá nhân.",jlpt_grammar,,
契機・きっかけ・機会の比較,"""So sánh các cách diễn đạt """"cơ hội, dịp""""""",N2,,jlpt_grammar,,
～を問わず,"Công ty A tuyển dụng nhân tài có nhiệt huyết, không quan tâm đến học vấn.",N2,"""Cấu trúc """"～を問わず"""" được sử dụng để diễn tả ý nghĩa """"không quan tâm đến, không phân biệt"""" một yếu tố nào đó. Nó thường được dùng trong văn viết và các tình huống trang trọng. Cấu trúc này thường đi kèm với các cặp danh từ đối lập để nhấn mạnh sự không phân biệt. Đây là cách diễn đạt lịch sự và chính thức hơn so với """"～に関係なく"""".""",jlpt_grammar,,
default,"""#文法, #N2, #条件, #関係なく, #問わず, #表現, #敬語""",[sound:J2TEAM-TTS-1748161741739.mp3],,jlpt_grammar,,
～を問わず,アルバイト募集・年齢・経験を問わず応募可能 (Tuyển nhân viên bán thời gian - có thể ứng tuyển không phân biệt tuổi tác và kinh nghiệm),N2,"""Cấu trúc """"～を問わず"""" được sử dụng để diễn tả {{c1::không quan tâm đến}} hoặc {{c1::không phân biệt}} một yếu tố nào đó. Nó mang tính {{c2::trang trọng}} và {{c2::chính thức}}, thường xuất hiện trong các văn bản, thông báo hoặc quy định. Cấu trúc này thường được sử dụng trong các tình huống {{c3::tuyển dụng}}, {{c3::quảng cáo}} hoặc {{c3::thông báo công khai}} để nhấn mạnh sự bình đẳng và không phân biệt đối xử.""",jlpt_grammar,,
～を問わず vs ～に関係なく vs ～にかかわらず,"""Các cách diễn đạt """"không quan tâm đến, không phân biệt""""""",N2,,jlpt_grammar,,
～かのようだ,Phòng của anh ta lung tung cứ như thể vừa có trộm đột nhập vào vậy.,N3,"""Cấu trúc """"～かのようだ"""" được sử dụng để miêu tả một tình huống bằng cách so sánh với một điều gì đó khác, mặc dù thực tế không phải như vậy. Nó mang ý nghĩa """"cứ như thể là"""" hoặc """"như là"""". Cấu trúc này thường được sử dụng để tạo ra những hình ảnh sinh động và ấn tượng trong văn nói và văn viết. Thường đi kèm với """"まるで"""" để tăng cường hiệu quả diễn đạt.""",jlpt_grammar,,
default,"""#比喩, #表現, #ようだ, #まるで, #仮定, #描写, #文学的""",[sound:J2TEAM-TTS-1748160988140.mp3],,jlpt_grammar,,
～かのようだ,林君は大金持ちであるかのように、気前よく友だちにごちそうした。(Hayashi hào phóng khao bạn bè như thể nhà giàu có lắm vậy.),N3,"""Cấu trúc """"～かのようだ"""" được sử dụng để {{c1::biểu hiện sự so sánh bằng hình ảnh}} với một tình huống {{c1::không có thật}} nhưng được dùng để miêu tả sinh động. Nó mang tính chất {{c2::văn học}} và {{c2::trang trọng}} hơn so với """"～みたいだ"""". Thường xuất hiện trong các ngữ cảnh {{c3::miêu tả phong cảnh}}, {{c3::kể chuyện}} hoặc {{c3::diễn tả cảm xúc}} một cách nghệ thuật.""",jlpt_grammar,,
Nhóm cấu trúc so sánh và giả định,Nhóm cấu trúc biểu hiện sự so sánh và suy đoán,N3,,jlpt_grammar,,
～からいうと/いえば/いって、～からすると/すれば/して、～から見ると/見れば/見て,"Với các bậc cha mẹ, nếu có giờ giới nghiêm thì sẽ an tâm hơn, nhưng đối với con cái thì như vậy là mất tự do.",N2,"""Cấu trúc này được sử dụng để biểu thị quan điểm, lập trường của một nhóm người hoặc cá nhân nào đó. Nó có nghĩa là """"xét từ quan điểm của…, theo lập trường của…"""". Thường được dùng để so sánh các quan điểm khác nhau về cùng một vấn đề. Cấu trúc này mang tính khách quan hơn so với việc chỉ đưa ra ý kiến cá nhân.""",jlpt_grammar,,
default,"""#観点, #立場, #視点, #意見, #判断, #から構文, #N2文法""",[sound:J2TEAM-TTS-1748161043370.mp3],,jlpt_grammar,,
～からいうと/いえば/いって、～からすると/すれば/して、～から見ると/見れば/見て,"Xét về thu nhập thì công việc hiện tại cũng tốt, nhưng tính về tương lai thì tôi quyết định chuyển việc.",N2,"""Cấu trúc này được sử dụng để xét đánh giá một vấn đề trên một phương diện, khía cạnh cụ thể nào đó. Có nghĩa là """"xét về mặt…, về phương diện…"""". Thường được dùng để phân tích nhiều khía cạnh khác nhau của cùng một đối tượng. Cấu trúc này giúp làm rõ tiêu chí đánh giá.""",jlpt_grammar,,
default,"""#側面, #観点, #面, #評価, #比較, #から構文, #N2文法""",[sound:J2TEAM-TTS-1748161143717.mp3],,jlpt_grammar,,
～からいうと/いえば/いって、～からすると/すれば/して、～から見ると/見れば/見て,Nếu xét về thành tích trong một năm qua thì khả năng đỗ là cao.,N2,"""Cấu trúc này được sử dụng để chỉ căn cứ, đầu mối dẫn đến một phán đoán, kết luận nào đó. Có nghĩa là """"dựa vào…, căn cứ vào…để phán đoán"""". Thường được dùng khi muốn đưa ra nhận định dựa trên bằng chứng, dấu hiệu cụ thể. Cấu trúc này thể hiện tính logic trong suy luận.""",jlpt_grammar,,
default,"""#根拠, #判断, #推測, #証拠, #基準, #から構文, #N2文法""",[sound:J2TEAM-TTS-1748161164038.mp3],,jlpt_grammar,,
～からいうと/いえば/いって、～からすると/すれば/して、～から見ると/見れば/見て,"私からすれば、この提案は実現可能だと思う。(Theo quan điểm của tôi, đề xuất này có thể thực hiện được.)",N2,"Cấu trúc này có ba ý nghĩa chính. Thứ nhất, nó được sử dụng để {{c1::biểu thị quan điểm hoặc lập trường}} của một nhóm người hoặc cá nhân cụ thể. Thứ hai, nó dùng để {{c2::xét đánh giá trên một phương diện}} hoặc khía cạnh nhất định của vấn đề. Thứ ba, nó thể hiện {{c3::căn cứ hay đầu mối}} dẫn đến một phán đoán hoặc kết luận. Cấu trúc này thường xuất hiện trong {{c3::các tình huống phân tích}} hoặc {{c3::so sánh đánh giá}}.",jlpt_grammar,,
Nhóm biểu thị quan điểm và căn cứ phán đoán,Nhóm các cấu trúc biểu thị quan điểm và phán đoán,N2,,jlpt_grammar,,
～もかまわず,Tôi xin rút kinh nghiệm vì đã không bận tâm đến cảm xúc của đối phương mà lại nổi giận một cách độc đoán.,N2,"""Cấu trúc ～もかまわず có nghĩa là """"không bận tâm đến, không để ý đến"""". Nó diễn tả hành động được thực hiện mà không quan tâm đến hậu quả hoặc tác động của điều được nêu ở phía trước. Hành động này thường không thể hiện ý muốn của người nói mà là kết quả tự nhiên của tình huống. Cấu trúc này mang tính khách quan hơn là chủ quan.""",jlpt_grammar,,
default,"""#文法, #N2レベル, #動作, #無視, #気持ち, #構わず, #不注意""",[sound:J2TEAM-TTS-1748161636669.mp3],,jlpt_grammar,,
～もかまわず,"母は息子の無事を聞いて、人目もかまわず声を上げて泣いた。(Nghe tin con trai bình an vô sự, mẹ tôi òa khóc mà không để ý đến ánh mắt mọi người xung quanh.)",N2,Cấu trúc ～もかまわず được sử dụng để diễn tả việc {{c1::không bận tâm đến}} hoặc {{c1::không để ý đến}} điều gì đó. Nó thể hiện rằng hành động được thực hiện {{c2::một cách tự nhiên}} mà {{c2::không có ý định bỏ qua}} điều được nhắc đến. Cấu trúc này thường xuất hiện trong các tình huống {{c3::cảm xúc mạnh}} hoặc khi {{c3::tình thế bức bách}}.,jlpt_grammar,,
～もかまわず vs ～を気にしないで vs ～にかかわらず,Nhóm cấu trúc diễn tả sự không quan tâm,N2,,jlpt_grammar,,
～ぬく,Công việc gì đã quyết định làm thì hãy làm đến cùng.,N3,"Cấu trúc ～ぬく diễn tả việc thực hiện một hành động đến cùng, hoàn thành trọn vẹn dù có gặp khó khăn. Nó nhấn mạnh sự kiên trì và quyết tâm của người thực hiện. Thường được sử dụng với các động từ thể hiện sự nỗ lực như やる、がんばる、耐える、考える.",jlpt_grammar,,
default,"""#動詞, #完了, #継続, #意志, #努力, #困難, #最後まで""",[sound:J2TEAM-TTS-1748161495028.mp3],,jlpt_grammar,,
～ぬく,"悩み抜いた結果、答えが見つかった。(Sau khi day dứt suy nghĩ, cuối cùng đã tìm ra câu trả lời.)",N3,Cấu trúc ～ぬく được sử dụng để diễn tả việc {{c1::thực hiện một hành động đến cùng}} hoặc {{c1::hoàn thành trọn vẹn}} một công việc. Nó nhấn mạnh {{c2::sự kiên trì và quyết tâm}} khi phải đối mặt với khó khăn. Cấu trúc này thường xuất hiện trong các tình huống {{c3::cần sự nỗ lực lâu dài}} hoặc {{c3::vượt qua thử thách}}.,jlpt_grammar,,
～ぬく vs ～きる vs ～とおす,Các cấu trúc thể hiện sự hoàn thành,N3,,jlpt_grammar,,
～ばかりに,Chỉ vì đến muộn mà tôi đã gây phiền phức cho mọi người.,N3,"Cấu trúc ～ばかりに được sử dụng để biểu thị rằng chỉ vì một nguyên nhân duy nhất mà dẫn đến kết quả không mong muốn hoặc tiêu cực. Thường mang ý nghĩa hối tiếc, đáng tiếc về hành động hoặc tình huống đó. Người nói thường cảm thấy trách móc bản thân hoặc ai đó vì nguyên nhân này.",jlpt_grammar,,
default,"""#原因, #理由, #後悔, #結果, #悪い結果, #責任, #中級文法""",[sound:J2TEAM-TTS-1748161584764.mp3],,jlpt_grammar,,
～ばかりに,私が遅刻をしたばかりに皆に迷惑をかけてしまった。(Chỉ vì đến muộn mà tôi đã gây phiền phức cho mọi người.),N3,Cấu trúc '～ばかりに' được sử dụng để biểu thị {{c1::chỉ vì một nguyên nhân duy nhất}} mà dẫn đến {{c1::kết quả tiêu cực hoặc không mong muốn}}. Nó mang tính {{c2::hối tiếc}} và {{c2::trách móc}} về nguyên nhân đó. Thường xuất hiện trong các tình huống {{c3::phản ánh}} hoặc {{c3::giải thích lý do}} cho một việc xấu đã xảy ra.,jlpt_grammar,,
原因・理由を表す表現の比較,So sánh các cách diễn tả nguyên nhân và lý do,N3,,jlpt_grammar,,
～あまり(に),Vì quá căng thẳng nên tâm trạng tôi không được tốt.,N2,"""Cấu trúc này biểu thị việc một hành động hoặc trạng thái đạt đến mức độ quá cao, dẫn đến một hậu quả nào đó. Nó mang ý nghĩa """"vì quá… mà"""" hoặc """"do… quá mức"""". Thường được sử dụng trong văn viết và tình huống trang trọng. Có thể dùng cả """"あまり"""" và """"あまりに"""", với """"あまりに"""" nhấn mạnh hơn.""",jlpt_grammar,,
default,"""#結果, #程度, #過度, #感情, #状況, #中級文法, #書き言葉""",[sound:J2TEAM-TTS-1748160191071.mp3],,jlpt_grammar,,
～あまり(に),"日本では経済成長を急ぐあまりに、環境破壊が急激に進んだ。(Ở Nhật Bản, do tăng trưởng kinh tế quá gấp rút mà các vấn đề môi trường diễn biến rất nhanh.)",N2,"""Cấu trúc """"～あまり(に)"""" được sử dụng để biểu thị {{c1::mức độ quá cao}} của một hành động hoặc trạng thái. Nó mang ý nghĩa {{c2::nguyên nhân dẫn đến hậu quả}} không mong muốn hoặc bất thường. Cấu trúc này thường xuất hiện trong {{c3::văn viết}} và {{c3::ngôn ngữ trang trọng}}, ít được sử dụng trong hội thoại thường ngày. Phần sau """"あまり"""" luôn là một {{c2::kết quả tiêu cực}} hoặc bất ngờ.""",jlpt_grammar,,
程度を表す表現の比較,Các cách biểu thị mức độ và nguyên nhân,N2,,jlpt_grammar,,
～(よ)うとする/している,Năm mới chuẩn bị tới rồi. Liệu năm nay sẽ là năm như thế nào nhỉ.,N2,Cấu trúc này diễn tả thời điểm ngay trước khi một sự việc hoặc biến đổi bắt đầu xảy ra. Được sử dụng chủ yếu trong văn viết và có tính chất trang trọng. Thường kết hợp với các động từ không có ý chí như 始まる、終わる、明ける để mô tả các hiện tượng tự nhiên hoặc sự kiện.,jlpt_grammar,,
default,"""#文法, #意志形, #直前, #変化, #書面語""",[Để trống],,jlpt_grammar,,
～(よ)うとする/している,病院では、生まれようとする命と消えようとする命の交替が、日々くり返されている。(Ở các bệnh viện những khoảnh khắc giao thoa giữa một sinh linh chuẩn bị sinh với một sinh linh chuẩn bị kết thúc cuộc đời cứ ngày ngày lặp đi lặp lại.),N2,"Cấu trúc này được sử dụng để diễn tả {{c1::thời điểm ngay trước}} khi một sự việc hoặc biến đổi bắt đầu xảy ra. Nó mang tính {{c2::văn chương và trang trọng}}, thường xuất hiện trong {{c2::văn viết}} hơn là lời nói hàng ngày. Cấu trúc này chỉ được sử dụng với {{c3::động từ không có ý chí}} để mô tả các {{c3::hiện tượng tự nhiên}} hoặc {{c3::sự kiện quan trọng}}.",jlpt_grammar,,
直前・予定を表す表現の比較,Các cách diễn đạt thời điểm ngay trước và dự định,N2,,jlpt_grammar,,
～は…にかかっている,Có đỗ được hay không phụ thuộc vào sự cố gắng trong một tháng tới.,N3,"""Cấu trúc """"～は…にかかっている"""" được sử dụng để diễn tả ý nghĩa """"phụ thuộc vào"""" hoặc """"tùy thuộc vào"""". Vế trước thường là câu mang ý """"có được hay không"""" hoặc """"thành công hay thất bại"""". Cấu trúc này nhấn mạnh rằng kết quả cuối cùng hoàn toàn được quyết định bởi yếu tố được đề cập sau """"に"""". Thường được sử dụng trong các tình huống quan trọng, có tính quyết định.""",jlpt_grammar,,
default,"""#依存, #結果, #条件, #可能性, #成功失敗, #努力, #判断""",,,jlpt_grammar,,
～は…にかかっている,このプロジェクトが成功するかどうかは、あなたの肩にかかっているんです。 (Dự án này có thành công hay không hoàn toàn phụ thuộc vào bạn.),N3,"""Cấu trúc """"～は…にかかっている"""" được sử dụng để diễn tả {{c1::sự phụ thuộc}} hoặc {{c1::sự tùy thuộc}} vào một yếu tố quyết định nào đó. Nó thường xuất hiện trong các tình huống {{c2::quan trọng}} hoặc {{c2::có tính quyết định}} cao. Vế trước thường là câu hỏi dạng """"có…hay không"""" hoặc các {{c3::kết quả tương lai}} chưa chắc chắn. Cấu trúc này nhấn mạnh rằng yếu tố được đề cập sau """"に"""" có vai trò {{c3::then chốt}} trong việc quyết định kết quả cuối cùng.""",jlpt_grammar,,
依存・決定を表す表現の比較,Các cách diễn tả sự phụ thuộc và quyết định,N3,,jlpt_grammar,,
～を踏まえ(て),Tôi viết luận văn dựa trên nghiên cứu trước đó.,N2,"""Cấu trúc ～を踏まえ(て) được sử dụng để biểu thị việc lấy một cái gì đó làm căn cứ, tiền đề để suy nghĩ hoặc hành động. Đây là cấu trúc thuộc văn viết, thường xuất hiện trong các văn bản trang trọng, báo cáo, luận văn. Nó mang ý nghĩa """"dựa trên"""", """"căn cứ vào"""" với sắc thái nghiêm túc và chuyên nghiệp.""",jlpt_grammar,,
default,"""#基づく, #根拠, #前提, #考慮, #文語, #論文, #ビジネス""",[Để trống],,jlpt_grammar,,
～を踏まえ(て),会議の結果を踏まえて方針を決定する。(Quyết định phương hướng dựa trên kết quả cuộc họp.),N2,"Cấu trúc này được sử dụng để biểu thị việc {{c1::lấy một việc gì đó làm căn cứ}} hoặc {{c1::tiền đề}} để suy nghĩ, quyết định hoặc hành động. Nó mang tính {{c2::trang trọng}} và {{c2::chuyên nghiệp}}, chủ yếu xuất hiện trong {{c3::văn viết}} như báo cáo, luận văn, tài liệu công việc. Khác với các cấu trúc tương tự, nó nhấn mạnh sự {{c2::cân nhắc kỹ lưỡng}} và {{c2::thận trọng}} trong việc sử dụng thông tin làm cơ sở.",jlpt_grammar,,
～を踏まえ(て) vs ～に基づいて vs ～を参考に,"Các cấu trúc biểu thị sự dựa vào, căn cứ",N2,,jlpt_grammar,,
～(よ)うにも～ない,Răng tôi đau quá muốn ăn mà không ăn được.,N2,"""Cấu trúc ～(よ)うにも～ない được sử dụng để diễn tả tình huống """"dù có muốn làm gì đó nhưng vì một lý do nào đó mà không thể thực hiện được"""". Nó thể hiện sự bất lực hoặc không thể vượt qua được hoàn cảnh khách quan. Cấu trúc này mang tính cảm xúc mạnh, thể hiện sự frustration của người nói. Thường được sử dụng trong các tình huống khó khăn hoặc bất khả kháng.""",jlpt_grammar,,
default,"""#意志, #可能, #否定, #困難, #状況, #制限, #N2文法""",[Để trống],,jlpt_grammar,,
～(よ)うにも～ない,"高熱が出たのだが、すぐに病院へ行こうにも、日曜でどこも休診だった。 (Tôi bị sốt cao, muốn đến bệnh viện ngay nhưng vì là chủ nhật nên chỗ nào cũng nghỉ cả.)",N2,Cấu trúc '～(よ)うにも～ない' được sử dụng để diễn tả {{c1::sự bất lực}} khi {{c1::có ý định}} nhưng không thể thực hiện được vì hoàn cảnh khách quan. Nó thể hiện {{c2::sự frustration}} và {{c2::tình huống bất khả kháng}} mà người nói gặp phải. Cấu trúc này thường xuất hiện trong các tình huống {{c3::khó khăn}} hoặc khi gặp phải {{c3::trở ngại không thể vượt qua}}.,jlpt_grammar,,
～(よ)うにも～ない vs ～たくても～ない vs ～ようがない,Các cấu trúc diễn tả sự bất lực và không thể thực hiện,N2,,jlpt_grammar,,
〜にこしたことはない,"Tiền nhà thì đúng là rẻ thì vẫn tốt hơn, nhưng ở xa nhà ga thì cũng rắc rối đấy.",N2,"""Cấu trúc này được sử dụng để diễn tả rằng một điều gì đó tốt hơn hoặc lý tưởng hơn, nhưng không phải là điều bắt buộc. Nó mang ý nghĩa """"đương nhiên là… thì tốt hơn"""" hoặc """"không có gì tốt hơn…"""". Thường được sử dụng để đưa ra lời khuyên hoặc ý kiến một cách nhẹ nhàng.""",jlpt_grammar,,
default,"""#推薦, #意見, #比較, #アドバイス, #理想, #実用的, #日常会話""",[Để trống],,jlpt_grammar,,
〜にこしたことはない,アルバイトではなく正社員になれるのなら、それに越したことはない。(Nếu có thể trở thành nhân viên chính thức mà không đi làm thêm thì điều đó đúng là tốt hơn.),N2,"Cấu trúc này được sử dụng để diễn tả {{c1::lời khuyên nhẹ nhàng}} hoặc {{c1::ý kiến cá nhân}} về điều gì đó tốt hơn. Nó có nghĩa là {{c2::không có gì tốt hơn}} hoặc {{c2::đương nhiên là… thì tốt hơn}}. Khác với các cấu trúc mang tính bắt buộc, đây chỉ thể hiện {{c3::sự ưu tiên}} hoặc {{c3::lý tưởng}} trong một tình huống cụ thể.",jlpt_grammar,,
推薦・意見表現の比較,So sánh các cách diễn tả lời khuyên và ý kiến,N2,,jlpt_grammar,,
～というか…というか,"Cô ấy không rõ là dễ thương hay là giống trẻ con, nhưng nói chung là trẻ hơn tuổi.",N3,"Cấu trúc này được sử dụng khi người nói muốn đưa ra hai hoặc nhiều đánh giá về cùng một sự việc nhưng không thể xác định chính xác cái nào đúng hơn. Nó thể hiện sự do dự, không chắc chắn trong việc đưa ra nhận định. Thường được dùng để mô tả tính cách, ngoại hình hoặc hành động của ai đó một cách không quá khẳng định.",jlpt_grammar,,
default,"""#評価, #並列, #迷い, #表現, #曖昧, #意見, #描写""",,,jlpt_grammar,,
～というか…というか,"父は真面目というか頑固というか、とにかく自分の意見を曲げない。(Cha tôi không rõ là nghiêm túc hay cố chấp, nhưng nói chung là không thay đổi ý kiến của mình.)",N3,"Cấu trúc này được sử dụng để {{c1::nêu ra nhiều đánh giá}} về cùng một đối tượng khi người nói {{c2::không thể xác định chính xác}} cái nào đúng hơn. Nó thể hiện {{c2::sự do dự}} hoặc {{c2::không chắc chắn}} trong việc đưa ra nhận định. Thường xuất hiện khi {{c3::mô tả tính cách}}, {{c3::ngoại hình}} hoặc {{c3::đánh giá hành vi}} của ai đó một cách không quá khẳng định.",jlpt_grammar,,
Nhóm cấu trúc thể hiện sự do dự trong đánh giá,Nhóm cấu trúc thể hiện sự do dự và không chắc chắn trong đánh giá,N3,,jlpt_grammar,,
～からして,"Một người giàu như cô ấy, ngay từ món đồ mang theo cũng đã khác so với chúng ta rồi.",N2,"""～からして được sử dụng để nêu ra một trường hợp, thuộc tính hoặc ví dụ cụ thể nhất để làm căn cứ đánh giá, hàm ý rằng những thứ khác cũng tương tự như vậy. Cấu trúc này mang tính nhấn mạnh và thường được dịch là """"ngay từ… cũng đã…"""" trong tiếng Việt.""",jlpt_grammar,,
default,"""#比較, #例示, #評価, #判断基準, #N2文法, #接続助詞, #強調""",[Để trống],,jlpt_grammar,,
～からして,"金持ちの彼女は持ち物からして私たちとは違う。(Một người giàu như cô ấy, ngay từ món đồ mang theo cũng đã khác so với chúng ta rồi。)",N2,Cấu trúc '～からして' được sử dụng để {{c1::đưa ra một ví dụ cụ thể}} làm {{c1::căn cứ đánh giá}} toàn bộ. Nó mang ý nghĩa {{c2::nhấn mạnh}} rằng ngay cả một khía cạnh nhỏ cũng đã cho thấy {{c2::đặc điểm tổng thể}}. Thường xuất hiện trong các tình huống {{c3::so sánh}} hoặc {{c3::phê phán}}.,jlpt_grammar,,
からして・をはじめとして・にしても,Các cấu trúc nêu ví dụ và so sánh,N2,,jlpt_grammar,,
～（に）は…が／～ことは…が,Đúng là mưa có rơi nhưng chỉ có 3mm thôi. Thế này thì không giải quyết được vấn đề thiếu nước.,N2,"""Cấu trúc này được sử dụng khi người nói thừa nhận sự thật ở vế trước nhưng muốn nhấn mạnh có điều gì đó không như mong đợi ở vế sau. Thường mang ý nghĩa tiêu cực hoặc không hài lòng. Có thể dùng cả """"には"""" và """"ことは"""" với ý nghĩa tương tự.""",jlpt_grammar,,
default,"""#承認, #転換, #逆接, #強調, #会話, #文語, #口語""",,,jlpt_grammar,,
～（に）は…が／～ことは…が,"同窓会、行ったことは行ったんだけど、風邪気味だったんで、30分ほどで帰ってきちゃった。 (Đúng là tôi có đi hội đồng môn, nhưng lúc ấy hình như bị cảm, ngồi khoảng 30 phút thì tôi về.)",N2,Cấu trúc này được sử dụng để {{c1::thừa nhận}} sự thật ở vế trước nhưng {{c1::nhấn mạnh}} có vấn đề hoặc điều không như mong đợi ở vế sau. Nó mang tính {{c2::miễn cưỡng}} khi công nhận một sự việc. Thường được dùng trong các tình huống {{c3::không hài lòng}} hoặc {{c3::phàn nàn}} về kết quả thực tế.,jlpt_grammar,,
承認と転換を表す文法構造の比較,Các cấu trúc thể hiện sự thừa nhận và chuyển đổi,N2,,jlpt_grammar,,
～にとどまらず,Ảnh hưởng của sự suy giảm rừng mưa nhiệt đới không chỉ dừng ở các vùng xung quanh mà còn lan rộng ra toàn thế giới.,N1,"""Cấu trúc """"～にとどまらず"""" được sử dụng để biểu thị rằng một hiện tượng, tác động hay phạm vi không chỉ giới hạn ở một phạm vi nhất định mà còn mở rộng ra nhiều phạm vi khác lớn hơn. Đây là cấu trúc trang trọng thường xuất hiện trong văn viết và các bài phát biểu chính thức. Cấu trúc này nhấn mạnh sự lan rộng vượt quá kỳ vọng ban đầu.""",jlpt_grammar,,
default,"""#範囲, #拡大, #限定, #否定, #影響, #N1文法, #書き言葉""",[Để trống],,jlpt_grammar,,
～にとどまらず,問題は一企業にとどまらず、業界全体に影響している。 (Vấn đề không chỉ dừng ở một doanh nghiệp mà còn ảnh hưởng đến toàn ngành.),N1,"""Cấu trúc """"～にとどまらず"""" được sử dụng để biểu thị rằng một tác động, hiện tượng hay phạm vi {{c1::không chỉ giới hạn}} ở một phạm vi nhất định mà còn {{c1::mở rộng ra nhiều lĩnh vực khác}}. Nó mang ý nghĩa {{c2::vượt quá sự kỳ vọng ban đầu}} và thường được dùng trong {{c3::văn viết trang trọng}} như báo chí, học thuật. Cấu trúc này {{c3::nhấn mạnh sự lan rộng}} một cách bất ngờ hoặc đáng chú ý.""",jlpt_grammar,,
にとどまらず vs だけでなく vs のみならず,Các cấu trúc biểu thị mở rộng phạm vi,N1,,jlpt_grammar,,
～矢先に／の,Ngay sau khi vừa đến Nhật thì tôi quên để túi và làm mất hộ chiếu.,N1,"""Cấu trúc ～矢先に mang ý nghĩa """"ngay sau khi"""" hoặc """"đúng vào lúc"""", thường diễn tả một sự việc xảy ra ngay sau một hành động vừa hoàn thành hoặc ngay trước khi làm gì đó. Đây là cấu trúc văn viết, mang tính trang trọng và thường kết hợp với những tình huống bất ngờ hoặc không mong muốn. Có hai cách sử dụng chính: sau động từ thể た và sau ～ようとした.""",jlpt_grammar,,
default,"""#矢先に, #直後, #タイミング, #文章語, #N1文法, #時間表現, #接続表現""",[Để trống],,jlpt_grammar,,
～矢先に／の,突然彼女が婚約解消を言い出した。式場を決めた矢先のことだった。 (Đột nhiên cô ấy thông báo hủy hôn. Nó xảy ra ngay sau khi quyết định địa điểm tổ chức hôn lễ.),N1,"Cấu trúc ～矢先に được sử dụng để diễn tả {{c1::thời điểm ngay sau}} một hành động vừa hoàn thành hoặc {{c1::đúng lúc}} định thực hiện một việc gì đó. Nó mang tính {{c2::văn viết}} và {{c2::trang trọng}}, ít được sử dụng trong hội thoại thường ngày. Cấu trúc này thường kết hợp với những tình huống {{c3::bất ngờ}} hoặc {{c3::không mong đợi}}, tạo ra sự tương phản thú vị trong câu chuyện.",jlpt_grammar,,
時間表現の比較,"""So sánh các cách diễn đạt thời gian """"ngay sau khi""""""",N1,,jlpt_grammar,,
～では…～では,"Trời cứ mưa rồi lại ngớt, mưa rồi lại ngớt.",N3,"Cấu trúc ～では…～では được sử dụng để biểu thị một hành động hoặc trạng thái diễn ra lặp đi lặp lại một cách liên tục. Nó nhấn mạnh tính chất chu kỳ của hành động, tạo cảm giác nhàm chán hoặc bức bối. Cấu trúc này thường được sử dụng khi muốn miêu tả một tình huống không có tiến triển rõ ràng.",jlpt_grammar,,
default,"""#反復, #繰り返し, #習慣, #状況, #継続, #行動, #パターン""",[Để trống],,jlpt_grammar,,
～では…～では,留学のために貯金をしているのだが、なかなかたまらない。貯金通帳を見てはため息をつく毎日だ。(Tôi đang tích tiền để đi du học nhưng mãi mà vẫn không đủ. Mỗi ngày nhìn vào số tiền tiết kiệm tôi lại thở dài.),N3,"Cấu trúc '～では…～では' được sử dụng để biểu thị {{c1::hành động lặp đi lặp lại}} hoặc {{c1::trạng thái chu kỳ}}. Nó nhấn mạnh {{c2::tính chất không ngừng nghỉ}} của hoạt động và thường mang {{c2::sắc thái tiêu cực}} như sự nhàm chán, bức bối. Cấu trúc này thường xuất hiện khi {{c3::miêu tả thói quen}} hoặc {{c3::tình huống không có tiến triển}}.",jlpt_grammar,,
Cấu trúc biểu thị hành động lặp lại,Các cấu trúc biểu thị hành động lặp lại,N3,,jlpt_grammar,,
～ざるを得ない,Vì là quy định của nhà trường nên tôi bắt buộc phải cắt tóc.,N2,"Cấu trúc ～ざるを得ない dùng để diễn tả việc buộc phải làm một hành động nào đó mặc dù bản thân không muốn hoặc không thích. Đây là cách diễn đạt mang tính trang trọng, thường xuất hiện trong văn viết hoặc lời nói chính thức. Cấu trúc này nhấn mạnh tính bất đắc dĩ và sự miễn cưỡng của người nói.",jlpt_grammar,,
default,"""#義務, #必要性, #書き言葉, #不本意, #仕方がない, #硬い表現, #避けられない""",[Để trống],,jlpt_grammar,,
～ざるを得ない,彼の意見に反対せざるを得ない。(Tôi buộc phải phản đối ý kiến của anh ấy.),N2,Cấu trúc ～ざるを得ない được sử dụng để diễn tả {{c1::sự bắt buộc}} hoặc {{c1::nghĩa vụ}} phải thực hiện một hành động nào đó mặc dù bản thân {{c2::không muốn}} hoặc {{c2::miễn cưỡng}}. Đây là cách diễn đạt mang tính {{c3::trang trọng}} và thường xuất hiện trong {{c3::văn viết}} hoặc {{c3::lời nói chính thức}}. Cấu trúc này nhấn mạnh rằng người nói không có lựa chọn nào khác.,jlpt_grammar,,
義務・必要性を表す表現の比較,Các cách diễn đạt nghĩa vụ và sự cần thiết,N2,,jlpt_grammar,,
～にほかならない,Việc cô ấy thi đỗ chính là kết quả của những nỗ lực.,N2,"Cấu trúc này dùng để khẳng định mạnh mẽ rằng điều gì đó chính xác là như vậy, không có lý do nào khác. Mang tính chất trang trọng và thường xuất hiện trong văn viết. Thể hiện sự tin tưởng tuyệt đối của người nói về lý do hoặc nguyên nhân được nêu ra.",jlpt_grammar,,
default,"""#断定, #書き言葉, #文語的, #強調, #理由, #結果, #確信""",[Để trống],,jlpt_grammar,,
～にほかならない,脳死は人間の死にほかならないと考える人が増えた。(Ngày càng nhiều người cho rằng sự chết não chính là cái chết của con người.),N2,"Cấu trúc này được sử dụng để {{c1::khẳng định mạnh mẽ}} rằng điều gì đó {{c1::chính xác là như vậy}} và không có lý do nào khác. Nó mang tính {{c2::trang trọng}} và {{c2::chính thức}}, thường xuất hiện trong {{c3::văn viết}} hoặc các bài phát biểu {{c3::trang trọng}}. Cấu trúc này thể hiện sự tin tưởng tuyệt đối của người nói về nguyên nhân hoặc lý do được đưa ra.",jlpt_grammar,,
Cấu trúc khẳng định và nhấn mạnh,Các cấu trúc khẳng định và nhấn mạnh,N2,,jlpt_grammar,,
なんて／とは vs だなんて vs なんか,Các cấu trúc biểu thị cảm xúc và thái độ,N3,,jlpt_grammar,,
～(よ)うではないか,Chúng ta hãy cùng nhau suy nghĩ về vấn đề này.,N2,"Cấu trúc này được sử dụng để bày tỏ mạnh mẽ ý chí của người nói và kêu gọi người khác cùng tham gia hành động. Nó mang tính trang trọng và thường xuất hiện trong các tình huống chính thức như cuộc họp, diễn thuyết. Khác với các cách mời thông thường, cấu trúc này có sức thuyết phục mạnh hơn và thể hiện sự quyết tâm của người nói.",jlpt_grammar,,
default,"""#呼びかけ, #意志, #勧誘, #敬語, #提案, #共同行動, #フォーマル""",[Để trống],,jlpt_grammar,,
～(よ)うではないか,目標に向かってお互いがんばろうではないか。(Hãy cùng nhau cố gắng hướng đến mục tiêu.),N2,"Cấu trúc này được sử dụng để {{c1::kêu gọi mọi người cùng tham gia}} vào một hành động với {{c1::ý chí mạnh mẽ}} từ phía người nói. Nó mang tính {{c2::trang trọng}} và {{c2::thuyết phục}} cao, thường xuất hiện trong các bối cảnh {{c3::chính thức}} như cuộc họp, diễn thuyết, hoặc khi muốn {{c3::động viên}} mọi người cùng hành động.",jlpt_grammar,,
勧誘・呼びかけの表現,Các cách thể hiện lời mời và kêu gọi,N2,,jlpt_grammar,,
